# Blender v2.79 (sub 0) OBJ File: ''
# www.blender.org
mtllib masha.mtl
o low_poly_uv_0
v -0.041899 0.108746 -0.029379
v -0.000461 0.114224 -0.013820
v -0.045237 0.109076 -0.022569
v -0.050059 0.286690 -0.089239
v -0.024821 0.292530 -0.086224
v -0.049732 0.294700 -0.086224
v -0.052620 0.248764 -0.012775
v -0.054664 0.250629 -0.012445
v -0.053748 0.255709 -0.024104
v -0.051977 0.252698 -0.025632
v -0.053305 0.261778 -0.032472
v -0.053967 0.243373 -0.012367
v -0.052081 0.260268 -0.035100
v -0.053588 0.274321 -0.038443
v -0.052917 0.244401 -0.026413
v -0.053105 0.230331 -0.011553
v -0.050731 0.230260 -0.024609
v -0.050418 0.226842 -0.011789
v -0.051805 0.274433 -0.040430
v -0.052795 0.283991 -0.035952
v -0.049761 0.245403 -0.034862
v -0.047967 0.226846 -0.023627
v -0.052223 0.220164 -0.010456
v -0.051953 0.284839 -0.037614
v -0.051757 0.293340 -0.025035
v -0.043392 0.261754 -0.044214
v -0.045815 0.230277 -0.032547
v -0.050136 0.220102 -0.022477
v -0.054313 0.212237 -0.010561
v -0.043720 0.226923 -0.031047
v -0.040116 0.230232 -0.037809
v -0.052180 0.212130 -0.022923
v -0.056659 0.202864 -0.011299
v -0.045490 0.219976 -0.031579
v -0.054201 0.202672 -0.024080
v -0.058898 0.192154 -0.012277
v -0.042351 0.246373 -0.042414
v -0.038767 0.226820 -0.036141
v -0.047065 0.211871 -0.032814
v -0.055836 0.191839 -0.025393
v -0.060512 0.180497 -0.013303
v -0.031328 0.230463 -0.042350
v -0.039018 0.219818 -0.038192
v -0.048556 0.202290 -0.034426
v -0.056687 0.180075 -0.026540
v -0.061679 0.168412 -0.014366
v -0.032463 0.247444 -0.047233
v -0.030560 0.226949 -0.040547
v -0.039912 0.211605 -0.040218
v -0.049697 0.191358 -0.036019
v -0.057281 0.167906 -0.027670
v -0.062759 0.156167 -0.015470
v -0.020683 0.230978 -0.045389
v -0.030438 0.219622 -0.042709
v -0.041001 0.201940 -0.042373
v -0.050411 0.179543 -0.037458
v -0.058059 0.155561 -0.028926
v -0.063995 0.143789 -0.016615
v -0.020182 0.227400 -0.043391
v -0.030969 0.211214 -0.045063
v -0.041984 0.190961 -0.044471
v -0.051084 0.167309 -0.038939
v -0.059080 0.143043 -0.030288
v -0.065766 0.131212 -0.017857
v -0.020617 0.219368 -0.045471
v -0.031742 0.201458 -0.047604
v -0.042764 0.179094 -0.046423
v -0.051928 0.154861 -0.040550
v -0.060526 0.130284 -0.031813
v -0.067976 0.118329 -0.019202
v -0.021102 0.210617 -0.047796
v -0.032516 0.190445 -0.050147
v -0.043489 0.166758 -0.048337
v -0.052854 0.142186 -0.042207
v -0.062489 0.117244 -0.033579
v -0.070729 0.105201 -0.020712
v -0.021615 0.200708 -0.050371
v -0.033189 0.178529 -0.052547
v -0.044246 0.154156 -0.050269
v -0.053860 0.129203 -0.043899
v -0.064964 0.103985 -0.035635
v -0.073948 0.092010 -0.022406
v -0.022123 0.189665 -0.053103
v -0.033753 0.166070 -0.054749
v -0.045003 0.141296 -0.052190
v -0.055125 0.115893 -0.045772
v -0.067983 0.090732 -0.038026
v -0.077364 0.079099 -0.024277
v -0.022582 0.177746 -0.055802
v -0.034246 0.153282 -0.056795
v -0.045768 0.128116 -0.054118
v -0.056884 0.102358 -0.048049
v -0.071302 0.077831 -0.040656
v -0.080842 0.066979 -0.026425
v -0.022971 0.165246 -0.058327
v -0.034700 0.140209 -0.058764
v -0.046645 0.114607 -0.056192
v -0.059124 0.088807 -0.050736
v -0.074675 0.065758 -0.043454
v -0.084139 0.055909 -0.029285
v -0.023284 0.152356 -0.060617
v -0.035148 0.126801 -0.060718
v -0.047950 0.100904 -0.058799
v -0.061580 0.075550 -0.053607
v -0.077795 0.054757 -0.046377
v -0.087043 0.045440 -0.030635
v -0.080585 0.044670 -0.049281
v -0.064093 0.063027 -0.056533
v -0.066522 0.051374 -0.059434
v -0.068857 0.040029 -0.062334
v -0.049703 0.087211 -0.061963
v -0.035708 0.113062 -0.062904
v -0.051678 0.073827 -0.065385
v -0.053796 0.061162 -0.068941
v -0.055964 0.049174 -0.072546
v -0.058105 0.036634 -0.076143
v -0.036521 0.099099 -0.065582
v -0.037606 0.085119 -0.068768
v -0.038899 0.071489 -0.072319
v -0.040308 0.058634 -0.076069
v -0.041688 0.046655 -0.080000
v -0.042674 0.033954 -0.084399
v -0.027095 0.044378 -0.084017
v -0.027182 0.031822 -0.088139
v -0.026458 0.056527 -0.080282
v -0.025709 0.069541 -0.076556
v -0.025001 0.083312 -0.072926
v -0.024409 0.097441 -0.069604
v -0.013280 0.043281 -0.087785
v -0.013484 0.030535 -0.092133
v -0.013082 0.055453 -0.083730
v -0.012817 0.068403 -0.079675
v -0.012569 0.082063 -0.075742
v -0.000001 0.041857 -0.087780
v -0.000001 0.029696 -0.091641
v -0.000001 0.054343 -0.083914
v -0.000001 0.067355 -0.080096
v 0.013233 0.043131 -0.087327
v 0.013203 0.033283 -0.090462
v 0.013061 0.055393 -0.083538
v 0.026960 0.044183 -0.083438
v 0.025547 0.034173 -0.087071
v -0.012384 0.096128 -0.072182
v -0.000001 0.080894 -0.076419
v 0.012829 0.068435 -0.079785
v 0.026408 0.056460 -0.080073
v 0.040822 0.045730 -0.077425
v 0.041894 0.033408 -0.080490
v -0.000001 0.094822 -0.073076
v 0.012624 0.082190 -0.076222
v 0.025750 0.069591 -0.076724
v 0.039735 0.058075 -0.074448
v 0.054365 0.048260 -0.070396
v 0.055831 0.035412 -0.074129
v 0.012479 0.096306 -0.072978
v 0.025138 0.083461 -0.073484
v 0.038592 0.071231 -0.071501
v 0.052575 0.060481 -0.067296
v 0.064321 0.050345 -0.057371
v 0.066107 0.038732 -0.059702
v 0.024622 0.097636 -0.070468
v 0.037549 0.085078 -0.068624
v 0.050918 0.073443 -0.064375
v 0.062492 0.062314 -0.055093
v 0.073116 0.052742 -0.043344
v 0.075132 0.040791 -0.045617
v 0.081320 0.055112 -0.029106
v 0.085700 0.041231 -0.030489
v 0.078608 0.066332 -0.026222
v 0.071190 0.064306 -0.041289
v 0.075655 0.078622 -0.024074
v 0.069065 0.076987 -0.039332
v 0.072847 0.091720 -0.022247
v 0.060678 0.075185 -0.052831
v 0.066949 0.090385 -0.037440
v 0.070287 0.105096 -0.020641
v 0.058995 0.088761 -0.050630
v 0.064948 0.103980 -0.035626
v 0.068005 0.118335 -0.019207
v 0.049459 0.087103 -0.061648
v 0.063132 0.117393 -0.033906
v 0.066049 0.131259 -0.017904
v 0.057468 0.102533 -0.048502
v 0.048205 0.100998 -0.059115
v 0.061506 0.130467 -0.032280
v 0.064409 0.143843 -0.016683
v 0.056053 0.116110 -0.046449
v 0.036657 0.099177 -0.065905
v 0.060098 0.143196 -0.030749
v 0.063046 0.156197 -0.015515
v 0.047093 0.114735 -0.056725
v 0.054752 0.129370 -0.044513
v 0.035935 0.113163 -0.063416
v 0.058860 0.155662 -0.029281
v 0.061700 0.168414 -0.014369
v 0.046099 0.128194 -0.054500
v 0.053546 0.142300 -0.042667
v 0.024229 0.111758 -0.067790
v 0.057741 0.167958 -0.027871
v 0.060303 0.180472 -0.013278
v 0.052374 0.154930 -0.040847
v 0.035340 0.126872 -0.061134
v 0.045186 0.141337 -0.052397
v 0.012399 0.110456 -0.070150
v 0.056728 0.180080 -0.026558
v 0.058560 0.192095 -0.012246
v 0.051283 0.167338 -0.039075
v 0.044286 0.154165 -0.050314
v 0.023919 0.125642 -0.065393
v 0.034784 0.140239 -0.058942
v -0.000001 0.108934 -0.070292
v 0.055528 0.191788 -0.025270
v 0.056255 0.202772 -0.011273
v 0.050348 0.179534 -0.037414
v 0.043405 0.166739 -0.048242
v 0.034225 0.153274 -0.056751
v 0.012362 0.124447 -0.067699
v 0.023623 0.139184 -0.063060
v 0.053732 0.202564 -0.023907
v 0.053839 0.212115 -0.010537
v 0.049396 0.191300 -0.035799
v 0.042584 0.179050 -0.046213
v 0.033643 0.166025 -0.054514
v 0.023298 0.152366 -0.060673
v 0.012314 0.138124 -0.065339
v 0.051625 0.211983 -0.022731
v 0.051651 0.220014 -0.010425
v 0.048129 0.202180 -0.034112
v 0.041752 0.190892 -0.044185
v 0.033026 0.178452 -0.052182
v 0.022940 0.165221 -0.058199
v 0.049494 0.219930 -0.022254
v 0.049572 0.227015 -0.011738
v 0.046591 0.211729 -0.032468
v 0.040758 0.201850 -0.042058
v 0.032342 0.190346 -0.049734
v 0.047063 0.227062 -0.023295
v 0.051648 0.230913 -0.011487
v 0.044987 0.219825 -0.031211
v 0.039656 0.211496 -0.039877
v 0.049210 0.231008 -0.024091
v 0.052295 0.243285 -0.012346
v 0.043105 0.227086 -0.030578
v 0.051331 0.244507 -0.026083
v 0.051313 0.249146 -0.012736
v 0.022528 0.177692 -0.055558
v 0.031591 0.201356 -0.047225
v 0.038758 0.219706 -0.037843
v 0.045017 0.230773 -0.031935
v 0.050725 0.252959 -0.025376
v 0.054741 0.250425 -0.012476
v 0.053693 0.255780 -0.024060
v 0.050967 0.260507 -0.034410
v 0.053023 0.261975 -0.032216
v 0.048839 0.245606 -0.034279
v 0.030837 0.211115 -0.044725
v 0.038459 0.226906 -0.035721
v 0.042144 0.246449 -0.042108
v 0.051132 0.274398 -0.039705
v 0.052996 0.274362 -0.037826
v 0.051296 0.284441 -0.037008
v 0.052120 0.283635 -0.035413
v 0.042777 0.275629 -0.043337
v 0.050780 0.295403 -0.025945
v 0.051488 0.293099 -0.024929
v 0.049027 0.298710 -0.010188
v 0.050388 0.297032 -0.010002
v 0.039908 0.303227 -0.009022
v 0.042722 0.288375 -0.038658
v 0.041882 0.299219 -0.026097
v 0.032707 0.305328 -0.008894
v 0.030767 0.301300 -0.027100
v 0.028055 0.309127 -0.008136
v 0.043228 0.261776 -0.043921
v 0.032336 0.276697 -0.045608
v 0.032227 0.289952 -0.040274
v 0.032575 0.263088 -0.047617
v 0.021567 0.276747 -0.046519
v 0.023978 0.307778 -0.023857
v 0.032882 0.316209 -0.009046
v 0.021332 0.289306 -0.042313
v 0.032408 0.247474 -0.047064
v 0.021834 0.263471 -0.049196
v 0.039841 0.230454 -0.037417
v 0.011409 0.263434 -0.050689
v 0.021802 0.247996 -0.049790
v 0.031277 0.230527 -0.042211
v 0.030460 0.226985 -0.040289
v 0.011273 0.276745 -0.048055
v 0.030332 0.219543 -0.042441
v 0.020664 0.231017 -0.045294
v 0.020141 0.227424 -0.043196
v 0.020572 0.219309 -0.045254
v 0.021054 0.210550 -0.047553
v 0.011175 0.247966 -0.051105
v 0.021564 0.200638 -0.050106
v 0.022064 0.189594 -0.052814
v 0.010589 0.218763 -0.046990
v 0.009294 0.227183 -0.045061
v 0.009443 0.230815 -0.046751
v -0.000001 0.247113 -0.051551
v 0.011099 0.209697 -0.049262
v 0.011415 0.199667 -0.051857
v 0.011681 0.188658 -0.054712
v 0.011913 0.176820 -0.057622
v -0.000001 0.262596 -0.051281
v 0.012098 0.164356 -0.060375
v 0.012229 0.151430 -0.062915
v -0.000001 0.198122 -0.052829
v -0.000001 0.187177 -0.055608
v -0.000001 0.175478 -0.058409
v -0.000001 0.163103 -0.061066
v -0.000001 0.150172 -0.063556
v -0.000001 0.136781 -0.065891
v -0.000001 0.208320 -0.050236
v -0.000001 0.122995 -0.068060
v -0.012301 0.110316 -0.069358
v -0.012299 0.124369 -0.067194
v -0.024002 0.111597 -0.066900
v -0.023752 0.125542 -0.064758
v -0.012282 0.138081 -0.065071
v -0.023544 0.139136 -0.062762
v -0.012216 0.151410 -0.062804
v -0.012097 0.164354 -0.060365
v -0.011918 0.176831 -0.057669
v -0.011687 0.188675 -0.054781
v -0.011422 0.199687 -0.051932
v -0.011107 0.209718 -0.049343
v -0.000001 0.217888 -0.047843
v -0.010598 0.218785 -0.047075
v -0.000001 0.227103 -0.045612
v -0.009302 0.227175 -0.045134
v -0.000001 0.230745 -0.047234
v -0.009449 0.230792 -0.046811
v -0.011183 0.247956 -0.051190
v -0.021819 0.247983 -0.049886
v -0.032647 0.263102 -0.047916
v -0.021858 0.263488 -0.049362
v -0.011415 0.263441 -0.050751
v -0.042964 0.275725 -0.043857
v -0.000001 0.276270 -0.048885
v -0.011283 0.276768 -0.048149
v -0.032362 0.276738 -0.045756
v -0.042814 0.288582 -0.038954
v 0.011130 0.289051 -0.044356
v -0.000001 0.288419 -0.045546
v -0.021580 0.276771 -0.046605
v -0.032045 0.289481 -0.039565
v 0.020380 0.300497 -0.035948
v -0.011144 0.289090 -0.044455
v -0.021362 0.289363 -0.042426
v 0.010815 0.299725 -0.039518
v 0.016741 0.307081 -0.031199
v -0.000001 0.298679 -0.041010
v 0.010342 0.306952 -0.034518
v -0.010834 0.299782 -0.039614
v -0.020441 0.300605 -0.036082
v 0.020219 0.316169 -0.033312
v -0.000001 0.307099 -0.035632
v -0.030849 0.301465 -0.027205
v 0.029875 0.316643 -0.024209
v 0.027150 0.318089 -0.023418
v 0.030168 0.317540 -0.008464
v 0.018870 0.317837 -0.031766
v 0.012569 0.315646 -0.037068
v 0.011540 0.317072 -0.034521
v 0.000000 0.317550 -0.036906
v -0.000001 0.315595 -0.038517
v -0.012105 0.317547 -0.036347
v -0.010410 0.306990 -0.034787
v -0.012625 0.315667 -0.037274
v -0.016996 0.307152 -0.031599
v -0.020451 0.316211 -0.033659
v -0.019821 0.317798 -0.032842
v -0.029052 0.318435 -0.023740
v -0.030405 0.316760 -0.024521
v -0.030382 0.317046 -0.008478
v -0.033611 0.316447 -0.009028
v -0.028848 0.309246 -0.008174
v -0.024477 0.307860 -0.024170
v -0.032622 0.305167 -0.008885
v -0.039966 0.303392 -0.009028
v -0.041916 0.299324 -0.026149
v -0.049498 0.299123 -0.010178
v -0.051131 0.295702 -0.026070
v -0.050311 0.296945 -0.010002
v -0.049498 0.299123 -0.010178
v -0.050311 0.296945 -0.010002
v -0.049504 0.294878 0.004411
v -0.049099 0.297172 0.005484
v -0.049764 0.288406 0.015171
v -0.039966 0.303392 -0.009028
v -0.049260 0.290788 0.017129
v -0.049832 0.279847 0.021684
v -0.041629 0.300049 0.009124
v -0.032622 0.305167 -0.008885
v -0.049329 0.281159 0.024253
v -0.050109 0.269536 0.023648
v -0.042357 0.292474 0.019352
v -0.032587 0.303836 0.006282
v -0.028848 0.309246 -0.008174
v -0.049453 0.269617 0.027291
v -0.050889 0.261159 0.019082
v -0.042497 0.281444 0.027034
v -0.049887 0.259881 0.021974
v -0.052160 0.256712 0.013690
v -0.033341 0.300834 0.012541
v -0.026269 0.307687 0.005592
v -0.033611 0.316447 -0.009028
v -0.042233 0.269632 0.031787
v -0.050145 0.255008 0.015251
v -0.053366 0.251675 0.002749
v -0.051230 0.250924 0.003261
v -0.054664 0.250629 -0.012445
v -0.052620 0.248764 -0.012775
v -0.049262 0.249241 0.023182
v -0.053172 0.243084 0.004347
v -0.053967 0.243373 -0.012367
v -0.042363 0.261302 0.033188
v -0.032684 0.268420 0.035765
v -0.051882 0.230320 0.004373
v -0.053105 0.230331 -0.011553
v -0.048577 0.241988 0.023082
v -0.041383 0.249406 0.033852
v -0.033921 0.281165 0.029209
v -0.032012 0.259385 0.039254
v -0.049544 0.226868 0.003443
v -0.050418 0.226842 -0.011789
v -0.033954 0.292197 0.021762
v -0.027797 0.265835 0.037089
v -0.028214 0.278557 0.030159
v -0.028252 0.290963 0.022231
v -0.051157 0.220154 0.003500
v -0.052223 0.220164 -0.010456
v -0.019203 0.277804 0.035959
v -0.027626 0.300311 0.014243
v -0.053253 0.212208 0.003207
v -0.054313 0.212237 -0.010561
v -0.055646 0.202835 0.002787
v -0.056659 0.202864 -0.011299
v -0.058040 0.192156 0.002274
v -0.058898 0.192154 -0.012277
v -0.059945 0.180535 0.001617
v -0.060512 0.180497 -0.013303
v -0.061266 0.168460 0.000810
v -0.061679 0.168412 -0.014366
v -0.062383 0.156226 -0.000049
v -0.062759 0.156167 -0.015470
v -0.063583 0.143854 -0.000903
v -0.063995 0.143789 -0.016615
v -0.065140 0.131241 -0.001738
v -0.065766 0.131212 -0.017857
v -0.067239 0.118301 -0.002556
v -0.067976 0.118329 -0.019202
v -0.069690 0.105033 -0.003434
v -0.070729 0.105201 -0.020712
v -0.072411 0.091611 -0.004410
v -0.073948 0.092010 -0.022406
v -0.075043 0.078363 -0.005538
v -0.077364 0.079099 -0.024277
v -0.077457 0.065767 -0.006869
v -0.080842 0.066979 -0.026425
v -0.079699 0.053997 -0.008593
v -0.084139 0.055909 -0.029285
v -0.082141 0.042199 -0.011065
v -0.087043 0.045440 -0.030635
v -0.073313 0.041277 0.011552
v -0.071720 0.052511 0.012576
v -0.059867 0.041831 0.029564
v -0.070484 0.064490 0.012614
v -0.059411 0.051662 0.029604
v -0.045190 0.039915 0.040342
v -0.068718 0.077295 0.013013
v -0.059328 0.063229 0.029131
v -0.045291 0.050023 0.040199
v -0.029225 0.036674 0.047299
v -0.066559 0.090743 0.013420
v -0.058312 0.076036 0.029084
v -0.044920 0.061735 0.040257
v -0.029556 0.048363 0.047427
v -0.013160 0.035014 0.050038
v -0.064296 0.104358 0.013764
v -0.056856 0.089613 0.029118
v -0.044442 0.074605 0.040259
v -0.029949 0.060341 0.047461
v -0.014047 0.047086 0.050206
v 0.000000 0.034533 0.050946
v -0.062130 0.117771 0.014052
v -0.055110 0.103374 0.029000
v -0.043629 0.088258 0.040281
v -0.029784 0.073292 0.047378
v -0.015003 0.059347 0.050309
v -0.000001 0.046628 0.051077
v 0.014118 0.034606 0.050784
v -0.060235 0.130817 0.014355
v -0.053438 0.116936 0.028888
v -0.042656 0.102142 0.040233
v -0.029318 0.086957 0.047193
v -0.015167 0.072298 0.050334
v 0.014102 0.047079 0.050652
v 0.030859 0.036077 0.046888
v -0.000001 0.058971 0.051143
v -0.058685 0.143486 0.014741
v -0.051883 0.130101 0.028781
v -0.041612 0.115837 0.040052
v -0.028725 0.100862 0.046922
v -0.015032 0.085851 0.050151
v -0.000001 0.071775 0.051041
v 0.014999 0.059347 0.050281
v -0.057466 0.155890 0.015250
v -0.050595 0.142862 0.028830
v -0.040593 0.129135 0.039834
v -0.028117 0.114621 0.046672
v -0.014778 0.099656 0.049766
v -0.000001 0.085018 0.050691
v -0.056422 0.168144 0.015838
v -0.049552 0.155329 0.029055
v -0.039721 0.142010 0.039759
v -0.027527 0.128022 0.046436
v -0.014506 0.113393 0.049450
v -0.055334 0.180246 0.016412
v -0.048587 0.167622 0.029340
v -0.039008 0.154569 0.039881
v -0.027014 0.141016 0.046341
v -0.053602 0.191896 0.016688
v -0.047635 0.179754 0.029629
v -0.038347 0.166934 0.040068
v -0.051245 0.202587 0.016690
v -0.046186 0.191450 0.029538
v -0.048745 0.211967 0.016735
v -0.014245 0.126854 0.049224
v -0.026596 0.153678 0.046465
v -0.037622 0.179115 0.040161
v -0.044224 0.202225 0.029086
v -0.046286 0.219941 0.017251
v -0.014015 0.139957 0.049145
v -0.026198 0.166107 0.046631
v -0.036553 0.190868 0.039804
v -0.042110 0.211733 0.028667
v -0.043631 0.226781 0.019230
v -0.013828 0.152719 0.049287
v -0.025746 0.178300 0.046677
v -0.035178 0.201771 0.039070
v -0.039990 0.219873 0.028693
v -0.046766 0.230096 0.021168
v -0.013655 0.165182 0.049500
v -0.025090 0.190054 0.046245
v -0.033721 0.211518 0.038311
v -0.037763 0.226893 0.029702
v -0.041089 0.241641 0.033253
v -0.013458 0.177313 0.049619
v -0.024235 0.201031 0.045356
v -0.032249 0.219974 0.037750
v -0.039830 0.230173 0.031879
v -0.033569 0.250246 0.039702
v -0.033117 0.241428 0.040001
v -0.030888 0.226734 0.037660
v -0.023303 0.211099 0.044353
v -0.013150 0.188943 0.049204
v -0.026578 0.250904 0.043365
v -0.032031 0.230139 0.039546
v -0.022342 0.220744 0.043423
v -0.012718 0.199799 0.048244
v -0.027556 0.256252 0.040448
v -0.026175 0.241172 0.044055
v -0.024559 0.226549 0.041854
v -0.020047 0.265237 0.040641
v -0.020015 0.250613 0.043193
v -0.025375 0.230026 0.043939
v -0.020227 0.241432 0.046303
v -0.009338 0.250901 0.045067
v -0.019276 0.226424 0.043915
v -0.019818 0.229916 0.046158
v -0.009212 0.264701 0.043015
v -0.010131 0.241468 0.048611
v -0.011387 0.218728 0.046151
v -0.009633 0.226408 0.045691
v -0.009957 0.229919 0.048149
v -0.012183 0.209728 0.047136
v -0.000001 0.251015 0.044965
v -0.000001 0.264757 0.043240
v -0.000001 0.241413 0.049430
v -0.000001 0.226188 0.046360
v -0.000001 0.217237 0.047186
v -0.000001 0.207952 0.048231
v -0.000001 0.198046 0.049289
v -0.000001 0.229691 0.048898
v -0.000001 0.187394 0.050119
v -0.000001 0.176017 0.050335
v -0.000001 0.164049 0.050085
v -0.000001 0.151603 0.049783
v -0.000001 0.138755 0.049575
v -0.000001 0.125568 0.049618
v -0.000001 0.112119 0.049855
v -0.000001 0.098538 0.050237
v 0.013550 0.165190 0.048750
v 0.013701 0.152731 0.048332
v 0.013869 0.139957 0.047995
v 0.014084 0.126834 0.047899
v 0.014349 0.113362 0.048121
v 0.014640 0.099624 0.048609
v 0.014923 0.085829 0.049259
v 0.013380 0.177305 0.049092
v 0.015107 0.072293 0.049852
v 0.013097 0.188921 0.048862
v 0.012682 0.199775 0.048013
v 0.012157 0.209708 0.046968
v 0.011368 0.218715 0.046024
v 0.009618 0.226436 0.045590
v 0.029593 0.060342 0.046375
v 0.029279 0.073268 0.045871
v 0.030223 0.048442 0.046640
v 0.044995 0.038005 0.039953
v 0.044780 0.050016 0.039340
v 0.059124 0.038600 0.029443
v 0.044144 0.061708 0.038992
v 0.058423 0.051611 0.028634
v 0.072209 0.037924 0.011372
v 0.028712 0.086906 0.045389
v 0.043408 0.074543 0.038617
v 0.070162 0.052366 0.011735
v 0.083198 0.038082 -0.011039
v 0.057876 0.063127 0.027756
v 0.028051 0.100792 0.044911
v 0.079284 0.053931 -0.008721
v 0.085700 0.041231 -0.030489
v 0.081320 0.055112 -0.029106
v 0.042400 0.088155 0.038376
v 0.068653 0.064292 0.011668
v 0.076535 0.065611 -0.007122
v 0.078608 0.066332 -0.026222
v 0.056570 0.075872 0.027498
v 0.027385 0.114545 0.044513
v 0.073868 0.078147 -0.005822
v 0.075655 0.078622 -0.024074
v 0.066744 0.077035 0.012037
v 0.054960 0.089394 0.027462
v 0.041288 0.102005 0.038174
v 0.026799 0.127962 0.044346
v 0.071248 0.091389 -0.004657
v 0.072847 0.091720 -0.022247
v 0.064660 0.090460 0.012517
v 0.053289 0.103144 0.027475
v 0.040185 0.115688 0.037974
v 0.026371 0.140992 0.044547
v 0.068786 0.104866 -0.003607
v 0.070287 0.105096 -0.020641
v 0.062593 0.104098 0.012982
v 0.051718 0.116724 0.027499
v 0.039259 0.129014 0.037953
v 0.026055 0.153676 0.044995
v 0.066597 0.118196 -0.002670
v 0.068005 0.118335 -0.019207
v 0.060708 0.117570 0.013416
v 0.050398 0.129942 0.027615
v 0.038578 0.141940 0.038193
v 0.025761 0.166102 0.045471
v 0.064747 0.131188 -0.001805
v 0.066049 0.131259 -0.017904
v 0.059102 0.130682 0.013855
v 0.049370 0.142764 0.027888
v 0.038050 0.154531 0.038599
v 0.025418 0.178271 0.045821
v 0.063258 0.143820 -0.000958
v 0.064409 0.143843 -0.016683
v 0.057763 0.143402 0.014335
v 0.048508 0.155266 0.028263
v 0.037533 0.166900 0.038996
v 0.024843 0.189999 0.045610
v 0.062052 0.156198 -0.000105
v 0.063046 0.156197 -0.015515
v 0.056673 0.155833 0.014898
v 0.047699 0.167571 0.028670
v 0.036896 0.179051 0.039215
v 0.024046 0.200970 0.044873
v 0.060876 0.168427 0.000743
v 0.061700 0.168414 -0.014369
v 0.055723 0.168096 0.015527
v 0.035912 0.190757 0.038978
v 0.046876 0.179683 0.029057
v 0.023156 0.211046 0.043978
v 0.059527 0.180485 0.001544
v 0.060303 0.180472 -0.013278
v 0.054748 0.180184 0.016152
v 0.045688 0.191366 0.029166
v 0.034643 0.201645 0.038396
v 0.022230 0.220712 0.043138
v 0.057666 0.192089 0.002206
v 0.058560 0.192095 -0.012246
v 0.053283 0.191840 0.016547
v 0.044057 0.202187 0.028964
v 0.033291 0.211408 0.037785
v 0.055285 0.202751 0.002717
v 0.056255 0.202772 -0.011273
v 0.051213 0.202579 0.016676
v 0.042247 0.211768 0.028764
v 0.052865 0.212108 0.003128
v 0.053839 0.212115 -0.010537
v 0.048952 0.212021 0.016827
v 0.031926 0.219904 0.037365
v 0.050723 0.220040 0.003409
v 0.051651 0.220014 -0.010425
v 0.040329 0.219953 0.028930
v 0.046694 0.220046 0.017436
v 0.048966 0.226999 0.003326
v 0.049572 0.227015 -0.011738
v 0.044269 0.226587 0.019523
v 0.038131 0.226766 0.029970
v 0.030635 0.226834 0.037363
v 0.024400 0.226634 0.041545
v 0.050835 0.230768 0.004190
v 0.051648 0.230913 -0.011487
v 0.045820 0.230619 0.020732
v 0.051321 0.243013 0.004074
v 0.052295 0.243285 -0.012346
v 0.039316 0.230487 0.031455
v 0.031742 0.230311 0.039185
v 0.047458 0.242146 0.022564
v 0.050112 0.251221 0.003056
v 0.051313 0.249146 -0.012736
v 0.040646 0.241707 0.032847
v 0.048213 0.249241 0.022863
v 0.025243 0.230118 0.043684
v 0.053401 0.251558 0.002782
v 0.054741 0.250425 -0.012476
v 0.052142 0.256740 0.013671
v 0.049136 0.255336 0.014993
v 0.050752 0.261241 0.018966
v 0.048988 0.260001 0.021576
v 0.049802 0.269560 0.023421
v 0.032868 0.241451 0.039652
v 0.041025 0.249415 0.033494
v 0.048871 0.269589 0.026929
v 0.049611 0.279779 0.021537
v 0.042170 0.261290 0.032957
v 0.033388 0.250222 0.039393
v 0.026069 0.241164 0.043804
v 0.048960 0.281027 0.023998
v 0.049555 0.288277 0.015054
v 0.042153 0.269598 0.031644
v 0.019774 0.229966 0.046010
v 0.031903 0.259315 0.038963
v 0.048822 0.290540 0.016903
v 0.049501 0.294875 0.004410
v 0.019225 0.226469 0.043745
v 0.009944 0.229948 0.048063
v 0.020182 0.241409 0.046118
v 0.010114 0.241447 0.048490
v 0.020077 0.250722 0.043558
v 0.026532 0.250859 0.043187
v 0.009332 0.250887 0.045014
v 0.027547 0.256234 0.040397
v 0.009208 0.264693 0.042981
v 0.032651 0.268351 0.035593
v 0.027750 0.265743 0.036858
v 0.020010 0.265203 0.040525
v 0.008985 0.276993 0.039466
v 0.028161 0.278436 0.029943
v 0.033915 0.281132 0.029152
v 0.028198 0.290797 0.022033
v 0.019122 0.277718 0.035772
v -0.000001 0.276890 0.039955
v 0.042468 0.281403 0.026958
v 0.018181 0.289748 0.029959
v 0.008277 0.289484 0.033949
v -0.008995 0.277015 0.039524
v 0.033951 0.292179 0.021742
v 0.042330 0.292416 0.019293
v 0.041555 0.299857 0.009046
v -0.000001 0.289210 0.034599
v 0.006527 0.299654 0.019391
v -0.018265 0.289915 0.030158
v -0.008288 0.289538 0.034014
v -0.017628 0.302471 0.016122
v 0.048584 0.296793 0.005349
v 0.050388 0.297032 -0.010002
v 0.049027 0.298710 -0.010188
v 0.039908 0.303227 -0.009022
v 0.032622 0.303920 0.006311
v 0.032707 0.305328 -0.008894
v 0.025109 0.307139 0.004933
v 0.028055 0.309127 -0.008136
v 0.033340 0.300830 0.012538
v 0.027544 0.300067 0.014031
v 0.030078 0.315176 0.004022
v 0.032882 0.316209 -0.009046
v 0.023219 0.305456 0.010737
v 0.027635 0.316245 0.003749
v 0.030168 0.317540 -0.008464
v 0.024438 0.312927 0.013827
v 0.022883 0.314310 0.011615
v 0.017863 0.312580 0.016511
v 0.018978 0.311077 0.018493
v 0.012303 0.311283 0.018561
v 0.017304 0.302354 0.015605
v 0.012887 0.309732 0.021314
v 0.012268 0.300193 0.018355
v 0.007032 0.309117 0.022393
v 0.006569 0.310819 0.019648
v -0.000001 0.310759 0.020427
v -0.000001 0.308594 0.022590
v -0.006535 0.310705 0.020572
v -0.000001 0.299722 0.019576
v -0.007032 0.308332 0.022482
v -0.006533 0.299669 0.019440
v -0.012932 0.308770 0.021543
v -0.012448 0.311035 0.019903
v -0.018096 0.312434 0.016921
v -0.012312 0.300228 0.018479
v -0.019240 0.310301 0.018852
v -0.023903 0.314374 0.012504
v -0.024870 0.312329 0.014358
v -0.023190 0.305449 0.010709
v -0.030583 0.315333 0.004241
v -0.028584 0.316278 0.004522
v -0.030382 0.317046 -0.008478
v -0.054664 0.250629 -0.012445
v -0.053366 0.251675 0.002749
v -0.058811 0.250196 -0.012438
v -0.057543 0.251116 0.002168
v -0.065861 0.249838 -0.012371
v -0.052160 0.256712 0.013690
v -0.064741 0.250407 0.001080
v -0.072957 0.249651 -0.012269
v -0.056115 0.256609 0.012615
v -0.050889 0.261159 0.019082
v -0.071985 0.249802 -0.000040
v -0.083733 0.249481 -0.012084
v -0.063402 0.256149 0.010891
v -0.054462 0.261384 0.017724
v -0.050109 0.269536 0.023648
v -0.082986 0.249026 -0.001775
v -0.093448 0.249580 -0.011845
v -0.070766 0.255226 0.009461
v -0.061629 0.261554 0.015653
v -0.053525 0.269464 0.021641
v -0.049832 0.279847 0.021684
v -0.092912 0.248738 -0.003429
v -0.101626 0.250003 -0.009539
v -0.081956 0.253483 0.007556
v -0.069069 0.261146 0.014337
v -0.053809 0.279275 0.019727
v -0.049764 0.288406 0.015171
v -0.061084 0.269330 0.018602
v -0.101022 0.249310 -0.001421
v -0.108680 0.248513 -0.008172
v -0.092039 0.252044 0.005739
v -0.053981 0.287502 0.013643
v -0.049504 0.294878 0.004411
v -0.080472 0.259944 0.013322
v -0.060734 0.278451 0.017468
v -0.068363 0.269044 0.017121
v -0.107817 0.247567 0.000539
v -0.119990 0.247556 -0.005486
v -0.054805 0.294323 0.003989
v -0.050311 0.296945 -0.010002
v -0.099976 0.251926 0.007656
v -0.090760 0.258729 0.012610
v -0.079619 0.268448 0.016317
v -0.061251 0.286704 0.012530
v -0.068070 0.278057 0.016159
v -0.055594 0.296738 -0.009735
v -0.051757 0.293340 -0.025035
v -0.062593 0.294131 0.003407
v -0.068655 0.286454 0.011962
v -0.079374 0.277821 0.015323
v -0.089986 0.267873 0.015820
v -0.056302 0.291988 -0.023538
v -0.052795 0.283991 -0.035952
v -0.063293 0.296058 -0.009279
v -0.070016 0.293978 0.002920
v -0.079930 0.286331 0.011417
v -0.057216 0.283075 -0.033752
v -0.053588 0.274321 -0.038443
v -0.063848 0.291210 -0.021955
v -0.071035 0.295403 -0.008826
v -0.057081 0.274085 -0.036341
v -0.053305 0.261778 -0.032472
v -0.064224 0.282042 -0.030962
v -0.056840 0.262346 -0.031100
v -0.053748 0.255709 -0.024104
v -0.089577 0.277662 0.014728
v -0.081262 0.293486 0.002071
v -0.071554 0.290915 -0.020622
v -0.063980 0.273700 -0.032844
v -0.057657 0.255826 -0.023336
v -0.054664 0.250629 -0.012445
v -0.058811 0.250196 -0.012438
v -0.064000 0.262931 -0.029331
v -0.064946 0.255612 -0.022260
v -0.065861 0.249838 -0.012371
v -0.071706 0.281631 -0.029049
v -0.082793 0.294446 -0.008142
v -0.071560 0.273185 -0.030976
v -0.071404 0.263038 -0.028160
v -0.072298 0.255164 -0.021336
v -0.072957 0.249651 -0.012269
v -0.083292 0.290723 -0.018761
v -0.083344 0.281706 -0.027395
v -0.083357 0.272353 -0.029665
v -0.082750 0.262747 -0.027185
v -0.083466 0.254339 -0.020053
v -0.083733 0.249481 -0.012084
v -0.093526 0.253701 -0.018809
v -0.093448 0.249580 -0.011845
v -0.092979 0.262450 -0.026362
v -0.094034 0.271593 -0.028826
v -0.093874 0.281920 -0.026145
v -0.093841 0.290345 -0.016956
v -0.101852 0.253497 -0.016869
v -0.101626 0.250003 -0.009539
v -0.101612 0.261643 -0.024645
v -0.102786 0.270767 -0.027383
v -0.102825 0.281401 -0.024492
v -0.109058 0.252857 -0.015588
v -0.108680 0.248513 -0.008172
v -0.108983 0.261127 -0.022844
v -0.110196 0.270066 -0.025559
v -0.120640 0.252201 -0.013205
v -0.119990 0.247556 -0.005486
v -0.120972 0.260093 -0.020323
v -0.138950 0.252656 -0.008180
v -0.138048 0.248111 -0.000511
v -0.102388 0.288876 -0.014709
v -0.110462 0.280817 -0.022847
v -0.122161 0.268965 -0.022683
v -0.139674 0.259584 -0.014277
v -0.145173 0.253499 -0.005876
v -0.144227 0.249211 0.001521
v -0.109987 0.288770 -0.013407
v -0.122455 0.279337 -0.019303
v -0.140745 0.267249 -0.016049
v -0.145989 0.259847 -0.011410
v -0.147025 0.255013 -0.004135
v -0.145962 0.251772 0.002958
v -0.121801 0.286968 -0.010408
v -0.141503 0.276597 -0.013048
v -0.147072 0.266675 -0.013136
v -0.148170 0.260243 -0.009916
v -0.158778 0.256174 -0.000155
v -0.157818 0.252377 0.006348
v -0.140625 0.283510 -0.005310
v -0.148144 0.275552 -0.010719
v -0.149262 0.266497 -0.011626
v -0.160011 0.260580 -0.004993
v -0.161061 0.257453 0.001606
v -0.159701 0.254239 0.007563
v -0.159628 0.255389 0.008003
v -0.160847 0.258269 0.002665
v -0.162111 0.260950 -0.002189
v -0.161788 0.261402 -0.000734
v -0.163196 0.265355 -0.004833
v -0.162760 0.265349 -0.003103
v -0.161337 0.265407 -0.007287
v -0.163878 0.272043 -0.003731
v -0.163371 0.271341 -0.002116
v -0.162883 0.273201 -0.005480
v -0.162889 0.276891 0.002067
v -0.162485 0.275685 0.003079
v -0.150428 0.274886 -0.009420
v -0.161524 0.278371 0.001094
v -0.160857 0.278566 0.009550
v -0.160664 0.277186 0.009783
v -0.149150 0.280331 -0.002140
v -0.159059 0.280427 0.009168
v -0.158944 0.278383 0.016733
v -0.158950 0.277022 0.016219
v -0.147185 0.282129 -0.003436
v -0.147029 0.282336 0.006126
v -0.157144 0.279959 0.016791
v -0.156173 0.274149 0.024575
v -0.156468 0.273228 0.023245
v -0.145069 0.284432 0.005468
v -0.145311 0.281511 0.013669
v -0.154204 0.275452 0.024998
v -0.154604 0.269278 0.027861
v -0.155061 0.268864 0.026189
v -0.138775 0.286294 0.003811
v -0.143180 0.283414 0.013669
v -0.142743 0.276114 0.021078
v -0.152456 0.269808 0.028812
v -0.153993 0.262769 0.028192
v -0.154514 0.263032 0.026486
v -0.120490 0.290092 -0.000851
v -0.136933 0.285403 0.012442
v -0.140401 0.277593 0.021760
v -0.141567 0.270436 0.023828
v -0.151831 0.262518 0.029392
v -0.154384 0.257962 0.024720
v -0.154864 0.258725 0.023375
v -0.108975 0.291521 -0.003703
v -0.118879 0.289303 0.008228
v -0.134126 0.279320 0.021155
v -0.139068 0.271167 0.024755
v -0.141346 0.263982 0.024153
v -0.152521 0.256636 0.026186
v -0.156007 0.253663 0.019424
v -0.156319 0.254873 0.018630
v -0.158242 0.252456 0.013557
v -0.158321 0.253792 0.013373
v -0.154348 0.252143 0.020476
v -0.141872 0.258636 0.021614
v -0.138803 0.263900 0.025211
v -0.132743 0.272341 0.024710
v -0.159701 0.254239 0.007563
v -0.159628 0.255389 0.008003
v -0.156448 0.250663 0.012781
v -0.157818 0.252377 0.006348
v -0.143200 0.253410 0.017063
v -0.144755 0.251114 0.009689
v -0.145962 0.251772 0.002958
v -0.139401 0.257694 0.022513
v -0.140887 0.252033 0.017374
v -0.142732 0.248472 0.009419
v -0.144227 0.249211 0.001521
v -0.132476 0.264182 0.025596
v -0.133115 0.256852 0.022755
v -0.136572 0.247027 0.008001
v -0.138048 0.248111 -0.000511
v -0.134693 0.250359 0.016994
v -0.118792 0.246341 0.003509
v -0.117194 0.249555 0.013310
v -0.106555 0.250530 0.010092
v -0.115656 0.256777 0.019897
v -0.114982 0.265538 0.022812
v -0.098700 0.258679 0.013957
v -0.105150 0.257644 0.016667
v -0.097994 0.267297 0.016628
v -0.104456 0.266564 0.019514
v -0.115063 0.274764 0.021488
v -0.097710 0.276271 0.015198
v -0.104329 0.275859 0.018158
v -0.116269 0.282629 0.017563
v -0.090313 0.285964 0.010596
v -0.098462 0.283764 0.011390
v -0.105301 0.283785 0.014293
v -0.107609 0.290530 0.005134
v -0.092310 0.292556 0.001131
v -0.100458 0.290020 0.002733
v -0.101561 0.290896 -0.005331
v -0.093354 0.293204 -0.007486
v 0.058803 0.250015 -0.012477
v 0.054741 0.250425 -0.012476
v 0.053693 0.255780 -0.024060
v 0.057658 0.255820 -0.023340
v 0.053023 0.261975 -0.032216
v 0.065856 0.249688 -0.012408
v 0.056733 0.262550 -0.030823
v 0.052996 0.274362 -0.037826
v 0.064948 0.255590 -0.022277
v 0.072955 0.249577 -0.012290
v 0.056686 0.274149 -0.035532
v 0.052120 0.283635 -0.035413
v 0.072295 0.255239 -0.021273
v 0.083734 0.249553 -0.012062
v 0.063946 0.263075 -0.029099
v 0.056930 0.282741 -0.033230
v 0.051488 0.293099 -0.024929
v 0.083455 0.254651 -0.019788
v 0.093439 0.249734 -0.011798
v 0.071376 0.263167 -0.027924
v 0.063844 0.273723 -0.032427
v 0.056247 0.291811 -0.023441
v 0.050388 0.297032 -0.010002
v 0.093478 0.254169 -0.018428
v 0.101620 0.249267 -0.009763
v 0.064087 0.281824 -0.030578
v 0.082714 0.263024 -0.026659
v 0.071503 0.273195 -0.030639
v 0.055590 0.296704 -0.009733
v 0.049501 0.294875 0.004410
v 0.101835 0.253670 -0.016735
v 0.108719 0.249079 -0.007986
v 0.063828 0.291117 -0.021896
v 0.092894 0.262869 -0.025593
v 0.083301 0.272361 -0.029088
v 0.071641 0.281460 -0.028729
v 0.054818 0.294417 0.004028
v 0.049555 0.288277 0.015054
v 0.109005 0.253609 -0.014987
v 0.119923 0.248721 -0.005092
v 0.101419 0.262296 -0.023511
v 0.063292 0.296052 -0.009278
v 0.093912 0.271605 -0.027885
v 0.083284 0.281456 -0.026945
v 0.071530 0.290753 -0.020515
v 0.120440 0.253340 -0.012280
v 0.137796 0.249362 -0.000121
v 0.108805 0.261704 -0.021845
v 0.102391 0.270817 -0.025455
v 0.093731 0.281465 -0.025394
v 0.083245 0.290351 -0.018526
v 0.071026 0.295285 -0.008813
v 0.138516 0.253950 -0.007161
v 0.142553 0.249108 0.002770
v 0.120657 0.260831 -0.019022
v 0.109894 0.270099 -0.024307
v 0.102456 0.280469 -0.023050
v 0.093715 0.289752 -0.016628
v 0.062602 0.294235 0.003453
v 0.082764 0.294128 -0.008107
v 0.053976 0.287488 0.013629
v 0.049611 0.279779 0.021537
v 0.070024 0.294091 0.002969
v 0.053767 0.279235 0.019632
v 0.049802 0.269560 0.023421
v 0.061264 0.286761 0.012596
v 0.053456 0.269483 0.021485
v 0.050752 0.261241 0.018966
v 0.060748 0.278470 0.017521
v 0.068672 0.286580 0.012119
v 0.081266 0.293527 0.002088
v 0.054436 0.261433 0.017651
v 0.052142 0.256740 0.013671
v 0.061115 0.269317 0.018715
v 0.068104 0.278139 0.016432
v 0.056115 0.256612 0.012613
v 0.053401 0.251558 0.002782
v 0.061659 0.261475 0.015787
v 0.057542 0.251088 0.002176
v 0.054741 0.250425 -0.012476
v 0.058803 0.250015 -0.012477
v 0.063412 0.256040 0.010981
v 0.064741 0.250396 0.001083
v 0.065856 0.249688 -0.012408
v 0.068423 0.268990 0.017604
v 0.079962 0.286598 0.011751
v 0.069109 0.260899 0.014771
v 0.070772 0.254988 0.009657
v 0.071983 0.249739 -0.000024
v 0.072955 0.249577 -0.012290
v 0.079422 0.278015 0.016008
v 0.079671 0.268339 0.017281
v 0.080494 0.259456 0.014144
v 0.081952 0.252959 0.007943
v 0.082980 0.248796 -0.001729
v 0.083734 0.249553 -0.012062
v 0.092913 0.248307 -0.003370
v 0.093439 0.249734 -0.011798
v 0.091984 0.251191 0.006287
v 0.090668 0.258013 0.013760
v 0.089942 0.267722 0.017243
v 0.089605 0.277991 0.015844
v 0.100862 0.247971 -0.001301
v 0.101620 0.249267 -0.009763
v 0.099600 0.250522 0.008466
v 0.098159 0.257678 0.015523
v 0.097480 0.267112 0.018507
v 0.107788 0.247414 0.000550
v 0.108719 0.249079 -0.007986
v 0.106314 0.249836 0.010489
v 0.104644 0.256914 0.017809
v 0.118821 0.246882 0.003460
v 0.119923 0.248721 -0.005092
v 0.117159 0.249365 0.013427
v 0.136501 0.247669 0.007910
v 0.137796 0.249362 -0.000121
v 0.097302 0.276880 0.017103
v 0.103844 0.266410 0.021096
v 0.115429 0.256240 0.020756
v 0.134701 0.250178 0.017120
v 0.141463 0.248418 0.010954
v 0.142553 0.249108 0.002770
v 0.143942 0.251931 0.004255
v 0.139441 0.251669 0.019036
v 0.143039 0.251312 0.011062
v 0.156145 0.252382 0.006675
v 0.133094 0.256395 0.023500
v 0.114646 0.265391 0.024205
v 0.138868 0.258345 0.024283
v 0.155410 0.250521 0.013196
v 0.157744 0.253074 0.007782
v 0.140729 0.253724 0.018539
v 0.132399 0.264002 0.026958
v 0.156819 0.252292 0.013825
v 0.157735 0.254141 0.008158
v 0.156891 0.253428 0.013669
v 0.138608 0.264554 0.027026
v 0.153744 0.251391 0.021038
v 0.155370 0.252386 0.019856
v 0.155570 0.253513 0.019167
v 0.139870 0.258786 0.023187
v 0.152654 0.256801 0.027475
v 0.154238 0.257217 0.026684
v 0.154537 0.257918 0.025393
v 0.139552 0.264591 0.026287
v 0.138972 0.271816 0.026556
v 0.152514 0.262790 0.030194
v 0.153846 0.263131 0.029872
v 0.154181 0.263310 0.028300
v 0.139476 0.271040 0.025821
v 0.132682 0.272764 0.026150
v 0.153672 0.270196 0.029448
v 0.154516 0.269628 0.028708
v 0.154791 0.269235 0.027238
v 0.140180 0.278223 0.023469
v 0.114763 0.275239 0.022964
v 0.140651 0.277111 0.022748
v 0.154947 0.275638 0.025618
v 0.155818 0.274476 0.024993
v 0.155979 0.273655 0.023852
v 0.134168 0.280084 0.022068
v 0.103783 0.276375 0.019720
v 0.142839 0.283678 0.015183
v 0.143144 0.282271 0.015009
v 0.157260 0.279856 0.017162
v 0.157853 0.278676 0.016957
v 0.157834 0.277485 0.016524
v 0.116148 0.283511 0.018569
v 0.104959 0.284779 0.015390
v 0.136997 0.285774 0.012598
v 0.144515 0.284037 0.006858
v 0.144928 0.283056 0.007353
v 0.158804 0.279870 0.009409
v 0.159325 0.278550 0.009642
v 0.159176 0.277370 0.009855
v 0.118918 0.289933 0.008473
v 0.138752 0.286205 0.003815
v 0.146298 0.281917 -0.002190
v 0.146593 0.280853 -0.001059
v 0.159842 0.278415 0.001160
v 0.160801 0.277144 0.002018
v 0.160522 0.276088 0.002903
v 0.161598 0.272293 -0.003846
v 0.161249 0.271665 -0.002443
v 0.160998 0.272751 -0.005507
v 0.147733 0.275402 -0.006670
v 0.146848 0.276114 -0.009018
v 0.140575 0.283367 -0.005238
v 0.160670 0.265621 -0.005217
v 0.160403 0.265581 -0.003694
v 0.159887 0.265690 -0.006697
v 0.146864 0.266303 -0.008825
v 0.146066 0.266622 -0.011682
v 0.159648 0.261231 -0.003449
v 0.159470 0.261579 -0.002082
v 0.158642 0.260907 -0.004465
v 0.145764 0.260805 -0.006718
v 0.158671 0.256662 0.000917
v 0.158579 0.257413 0.001899
v 0.157304 0.256201 0.000364
v 0.157744 0.253074 0.007782
v 0.157735 0.254141 0.008158
v 0.156145 0.252382 0.006675
v 0.143942 0.251931 0.004255
v 0.144829 0.255584 -0.002094
v 0.143570 0.253414 -0.004432
v 0.145138 0.260454 -0.009771
v 0.139087 0.260451 -0.012767
v 0.140159 0.267266 -0.014569
v 0.121814 0.268974 -0.021521
v 0.141240 0.276218 -0.012464
v 0.110223 0.280302 -0.022058
v 0.122346 0.279154 -0.019025
v 0.121829 0.287061 -0.010456
v 0.102353 0.288697 -0.014620
v 0.109937 0.288498 -0.013270
v 0.120516 0.290234 -0.000861
v 0.093284 0.292842 -0.007457
v 0.108980 0.291624 -0.003711
v 0.107535 0.291340 0.005429
v 0.101678 0.291929 -0.005398
v 0.092321 0.292618 0.001156
v 0.100486 0.291646 0.003348
v 0.098229 0.285192 0.013016
v 0.090393 0.286537 0.011292
v -0.023406 0.006044 -0.059937
v -0.035628 0.005379 -0.061165
v -0.023979 0.016453 -0.059756
v -0.035977 0.016226 -0.060989
v -0.045860 0.003929 -0.057167
v -0.024779 0.017197 -0.056693
v -0.046617 0.014951 -0.057225
v -0.053646 0.003020 -0.050464
v -0.034991 0.016728 -0.058194
v -0.054862 0.013510 -0.049842
v -0.058414 0.001642 -0.041022
v -0.035536 0.022866 -0.058202
v -0.025179 0.023365 -0.056837
v -0.025952 0.033962 -0.057258
v -0.045505 0.015830 -0.055012
v -0.059682 0.013216 -0.040864
v -0.061425 0.001817 -0.033590
v -0.035746 0.033469 -0.058201
v -0.026775 0.043217 -0.054562
v -0.045774 0.022497 -0.054392
v -0.053460 0.015180 -0.048573
v -0.036237 0.042385 -0.055318
v -0.027824 0.050724 -0.050868
v -0.046066 0.031605 -0.052917
v -0.053429 0.023226 -0.047063
v -0.036061 0.050662 -0.051097
v -0.028862 0.056300 -0.044705
v -0.058547 0.014194 -0.040178
v -0.044876 0.040062 -0.050517
v -0.035533 0.055517 -0.045877
v -0.027800 0.066773 -0.039501
v -0.043941 0.045413 -0.047969
v -0.051795 0.037055 -0.043333
v -0.053106 0.029479 -0.045588
v -0.057588 0.022512 -0.039439
v -0.061865 0.013836 -0.032223
v -0.042440 0.050189 -0.044341
v -0.063122 0.012757 -0.032326
v -0.065226 0.014431 -0.023444
v -0.064381 0.003657 -0.024193
v -0.066430 0.013298 -0.023728
v -0.067657 0.005655 -0.013734
v -0.069850 0.012916 -0.013297
v -0.069577 0.003319 -0.006274
v -0.062615 0.021635 -0.033122
v -0.071814 0.011207 -0.005762
v -0.071824 0.001025 0.001256
v -0.059052 0.028184 -0.039412
v -0.056086 0.033718 -0.036398
v -0.068365 0.014819 -0.013059
v -0.064089 0.024177 -0.016943
v -0.073980 0.008230 0.001979
v -0.073158 -0.001738 0.009019
v -0.063516 0.020034 -0.024091
v -0.060200 0.033755 -0.031154
v -0.048932 0.043050 -0.040309
v -0.063289 0.027064 -0.026921
v -0.053643 0.039633 -0.033655
v -0.039024 0.050465 -0.042310
v -0.063140 0.031262 -0.020858
v -0.062713 0.036202 -0.012013
v -0.063073 0.028085 -0.008639
v -0.060020 0.037712 -0.024610
v -0.045796 0.048314 -0.037000
v -0.037747 0.066714 -0.039604
v -0.044471 0.066186 -0.035054
v -0.050586 0.047180 -0.030979
v -0.056651 0.039415 -0.025191
v -0.036867 0.077026 -0.039323
v -0.026565 0.076823 -0.037924
v -0.060281 0.042067 -0.016752
v -0.044296 0.076695 -0.035302
v -0.035542 0.090634 -0.040085
v -0.023735 0.090100 -0.037339
v -0.033149 0.104459 -0.036112
v -0.022913 0.103735 -0.033473
v -0.041127 0.104119 -0.032299
v -0.044260 0.090391 -0.035624
v -0.046504 0.103599 -0.025153
v -0.049515 0.089828 -0.027451
v -0.045334 0.103052 -0.015153
v -0.048729 0.076162 -0.028230
v -0.048441 0.089142 -0.016609
v -0.041214 0.102743 -0.008983
v -0.043861 0.088750 -0.010918
v -0.034889 0.101966 -0.003291
v -0.048131 0.065528 -0.028391
v -0.048242 0.065349 -0.020197
v -0.048262 0.075797 -0.018975
v -0.036942 0.088209 -0.006809
v -0.025772 0.101625 -0.002803
v -0.044730 0.075637 -0.013962
v -0.052373 0.046777 -0.024088
v -0.028215 0.087923 -0.005983
v -0.020366 0.102346 -0.009299
v -0.038475 0.075332 -0.010197
v -0.051432 0.046649 -0.016748
v -0.053848 0.039498 -0.015848
v -0.022304 0.088490 -0.011349
v -0.017151 0.102811 -0.019070
v -0.057715 0.041756 -0.016432
v -0.052438 0.041681 -0.013743
v -0.059865 0.044486 -0.013133
v -0.057127 0.043931 -0.012808
v -0.050322 0.046878 -0.014815
v -0.059767 0.046423 -0.010012
v -0.054381 0.046093 -0.012752
v -0.056162 0.045846 -0.010365
v -0.054452 0.052354 -0.014130
v -0.061307 0.042468 -0.005413
v -0.058928 0.049268 -0.005811
v -0.055121 0.051110 -0.011103
v -0.050554 0.057508 -0.011544
v -0.045946 0.065313 -0.015690
v -0.043020 0.065177 -0.013467
v -0.059873 0.045428 -0.001163
v -0.057692 0.049783 -0.005016
v -0.055690 0.044391 0.001079
v -0.061129 0.038523 0.000314
v -0.050618 0.054008 -0.007760
v -0.046369 0.059715 -0.009044
v -0.051756 0.050663 -0.002433
v -0.057949 0.039813 0.004332
v -0.053641 0.031462 -0.000456
v -0.036584 0.065176 -0.011328
v -0.037860 0.060712 -0.006255
v -0.046765 0.055632 -0.005585
v -0.045932 0.052409 -0.000407
v -0.052963 0.045523 0.003005
v -0.030426 0.075072 -0.009216
v -0.031630 0.064899 -0.011444
v -0.038567 0.057393 -0.003858
v -0.024821 0.075324 -0.013585
v -0.028722 0.057564 -0.006841
v -0.052674 0.037081 0.005005
v -0.017996 0.088954 -0.020974
v -0.018271 0.103062 -0.026958
v -0.018415 0.089417 -0.029826
v -0.022913 0.103735 -0.033473
v -0.023735 0.090100 -0.037339
v -0.020911 0.075727 -0.022695
v -0.021501 0.076156 -0.031234
v -0.026565 0.076823 -0.037924
v -0.027800 0.066773 -0.039501
v -0.023044 0.065444 -0.032589
v -0.053291 0.032672 0.013603
v -0.054629 0.027190 0.010366
v -0.064755 0.024255 0.004154
v -0.048310 0.038385 0.009254
v -0.057322 0.029364 0.017274
v -0.069156 0.019372 -0.000928
v -0.047576 0.046488 0.006498
v -0.066323 0.023772 0.011435
v -0.070497 0.013128 -0.005048
v -0.071097 0.017685 0.006622
v -0.072828 0.010103 0.003203
v -0.067454 0.023106 0.020080
v -0.073023 0.016387 0.015113
v -0.074984 0.008218 0.011631
v -0.038872 0.052261 0.001626
v -0.076425 0.006111 0.010932
v -0.073453 -0.002929 0.018334
v -0.077476 0.005506 0.018775
v -0.073174 -0.002154 0.030232
v -0.076181 0.007654 0.019688
v -0.074361 0.015262 0.023059
v -0.076385 0.006397 0.030761
v -0.070538 0.001036 0.040190
v -0.075763 0.007935 0.030709
v -0.068870 0.021706 0.028061
v -0.071528 0.010002 0.042907
v -0.062166 0.004115 0.051227
v -0.070715 0.011347 0.042151
v -0.073770 0.012781 0.031796
v -0.062054 0.011948 0.054540
v -0.052340 0.006645 0.058276
v -0.070008 0.017675 0.036798
v -0.061389 0.013957 0.053054
v -0.058900 0.025858 0.033567
v -0.051379 0.013448 0.059637
v -0.039260 0.007480 0.061553
v -0.060103 0.022424 0.043824
v -0.051203 0.014732 0.058029
v -0.038185 0.013861 0.062581
v -0.028185 0.005548 0.056515
v -0.049666 0.023607 0.047929
v -0.037720 0.014989 0.061302
v -0.025534 0.012913 0.057912
v -0.019940 0.002905 0.046189
v -0.046896 0.026769 0.037414
v -0.035500 0.022842 0.051340
v -0.026052 0.014168 0.056649
v -0.018106 0.010716 0.047426
v -0.015805 0.000434 0.036644
v -0.024715 0.018345 0.050336
v -0.018939 0.011799 0.047335
v -0.033392 0.025936 0.039863
v -0.014384 0.009515 0.037988
v -0.012893 -0.000315 0.027840
v -0.015908 0.010932 0.037909
v -0.022399 0.021452 0.040844
v -0.012306 0.009787 0.029268
v -0.014066 0.011498 0.029597
v -0.011421 0.011003 0.020556
v -0.011539 0.000528 0.020819
v -0.020133 0.021773 0.031426
v -0.031484 0.026846 0.031176
v -0.012964 0.012573 0.020909
v -0.010564 0.012831 0.007622
v -0.010667 0.004814 0.008911
v -0.019360 0.022447 0.021738
v -0.012276 0.014423 0.006874
v -0.017812 0.025215 0.008599
v -0.010052 0.013401 0.001182
v -0.010358 0.007324 0.001021
v -0.011730 0.015054 0.000741
v -0.009258 0.013853 -0.007935
v -0.009245 0.008120 -0.008093
v -0.006803 0.012356 -0.020997
v -0.007651 0.003732 -0.021124
v -0.006124 0.003752 -0.031886
v -0.010604 0.015327 -0.008440
v -0.005338 0.012329 -0.032854
v -0.007576 0.004718 -0.044560
v -0.027665 0.027084 0.022993
v -0.013241 0.023403 -0.000790
v -0.007817 0.013860 -0.021913
v -0.007234 0.014086 -0.044565
v -0.013670 0.006040 -0.054135
v -0.010927 0.023285 -0.011544
v -0.006801 0.013895 -0.032641
v -0.014012 0.016246 -0.053721
v -0.023406 0.006044 -0.059937
v -0.023979 0.016453 -0.059756
v -0.008888 0.014884 -0.043041
v -0.015296 0.016526 -0.051450
v -0.024779 0.017197 -0.056693
v -0.008762 0.024625 -0.024501
v -0.015851 0.031081 -0.002272
v -0.008392 0.025321 -0.033218
v -0.016166 0.024828 -0.051481
v -0.025179 0.023365 -0.056837
v -0.010529 0.025033 -0.043117
v -0.012165 0.031453 -0.014183
v -0.017169 0.034118 -0.051129
v -0.025952 0.033962 -0.057258
v -0.010275 0.032654 -0.025560
v -0.012481 0.033651 -0.042956
v -0.010242 0.033414 -0.033531
v -0.018568 0.041964 -0.049004
v -0.026775 0.043217 -0.054562
v -0.014749 0.040708 -0.042175
v -0.012413 0.038824 -0.033374
v -0.012153 0.037684 -0.026170
v -0.014090 0.037053 -0.015601
v -0.019631 0.047918 -0.046219
v -0.027824 0.050724 -0.050868
v -0.015962 0.044044 -0.041191
v -0.021579 0.053546 -0.042132
v -0.028862 0.056300 -0.044705
v -0.018431 0.049516 -0.037690
v -0.023389 0.052551 -0.039204
v -0.020808 0.048253 -0.035187
v -0.019026 0.047504 -0.027809
v -0.016068 0.044807 -0.031720
v -0.015213 0.041987 -0.026296
v -0.017180 0.041495 -0.017030
v -0.022032 0.064867 -0.023247
v -0.021220 0.047954 -0.019428
v -0.026990 0.048115 -0.012417
v -0.025225 0.064717 -0.016110
v -0.020567 0.044487 -0.009331
v -0.027616 0.064627 -0.013680
v -0.017910 0.037504 -0.004159
v -0.018423 0.030863 0.001941
v -0.021316 0.037715 0.002334
v -0.025175 0.027320 0.010779
v -0.024625 0.054241 -0.007513
v -0.023475 0.047502 -0.005205
v -0.023954 0.049756 -0.007139
v -0.024735 0.052332 -0.005029
v -0.023819 0.030264 0.000910
v -0.033310 0.029198 0.022490
v -0.029862 0.028813 0.012547
v -0.028413 0.033109 0.003960
v -0.026022 0.041363 0.006010
v -0.033751 0.032237 0.016990
v -0.045138 0.028229 0.029231
v -0.043075 0.030573 0.021139
v -0.057253 0.027502 0.026240
v -0.032111 0.037141 0.009490
v -0.025514 0.049460 -0.002190
v -0.041988 0.034487 0.017009
v -0.054693 0.030375 0.018087
v -0.051208 0.030716 0.019385
v -0.049816 0.034004 0.014793
v -0.039930 0.038657 0.010938
v -0.040241 0.046182 0.008514
v -0.031571 0.043616 0.007689
v -0.030824 0.051039 0.000813
v -0.029691 0.054660 -0.004258
v 0.035628 0.005379 -0.061165
v 0.023406 0.006044 -0.059937
v 0.023979 0.016453 -0.059756
v 0.035977 0.016226 -0.060989
v 0.045860 0.003929 -0.057167
v 0.024779 0.017197 -0.056693
v 0.046617 0.014951 -0.057225
v 0.053646 0.003020 -0.050464
v 0.034991 0.016728 -0.058194
v 0.054862 0.013510 -0.049842
v 0.058414 0.001642 -0.041022
v 0.035536 0.022866 -0.058202
v 0.025179 0.023365 -0.056837
v 0.025952 0.033962 -0.057258
v 0.045505 0.015830 -0.055012
v 0.059682 0.013216 -0.040864
v 0.061425 0.001817 -0.033590
v 0.035746 0.033469 -0.058201
v 0.026775 0.043217 -0.054562
v 0.045774 0.022497 -0.054392
v 0.053460 0.015180 -0.048573
v 0.036237 0.042385 -0.055318
v 0.027824 0.050724 -0.050868
v 0.046066 0.031605 -0.052917
v 0.053429 0.023226 -0.047063
v 0.036061 0.050662 -0.051097
v 0.028862 0.056300 -0.044705
v 0.058547 0.014194 -0.040178
v 0.044876 0.040062 -0.050517
v 0.035533 0.055517 -0.045877
v 0.027532 0.065318 -0.040205
v 0.043941 0.045413 -0.047969
v 0.051795 0.037055 -0.043333
v 0.053106 0.029479 -0.045588
v 0.057588 0.022512 -0.039439
v 0.061865 0.013836 -0.032223
v 0.042440 0.050189 -0.044341
v 0.063122 0.012757 -0.032326
v 0.065226 0.014431 -0.023444
v 0.064381 0.003657 -0.024193
v 0.066430 0.013298 -0.023728
v 0.067657 0.005655 -0.013734
v 0.069850 0.012916 -0.013297
v 0.069577 0.003319 -0.006274
v 0.062615 0.021635 -0.033122
v 0.071814 0.011207 -0.005762
v 0.071824 0.001025 0.001256
v 0.059052 0.028184 -0.039412
v 0.056086 0.033718 -0.036398
v 0.068365 0.014819 -0.013059
v 0.064089 0.024177 -0.016943
v 0.073980 0.008230 0.001979
v 0.073158 -0.001738 0.009019
v 0.063516 0.020034 -0.024091
v 0.060200 0.033755 -0.031154
v 0.048932 0.043050 -0.040309
v 0.063289 0.027064 -0.026921
v 0.053643 0.039633 -0.033655
v 0.039024 0.050465 -0.042310
v 0.063140 0.031262 -0.020858
v 0.062713 0.036202 -0.012013
v 0.063073 0.028085 -0.008639
v 0.060020 0.037712 -0.024610
v 0.045796 0.048314 -0.037000
v 0.038101 0.065289 -0.040301
v 0.045238 0.064817 -0.035444
v 0.050586 0.047180 -0.030979
v 0.056651 0.039415 -0.025191
v 0.037138 0.076293 -0.040232
v 0.026193 0.076047 -0.038736
v 0.060281 0.042067 -0.016752
v 0.045026 0.076011 -0.035938
v 0.035699 0.090858 -0.041267
v 0.023157 0.090224 -0.038345
v 0.033131 0.105811 -0.037066
v 0.022248 0.105089 -0.034242
v 0.041608 0.105471 -0.032997
v 0.044958 0.090646 -0.036516
v 0.047324 0.104942 -0.025351
v 0.050540 0.090087 -0.027796
v 0.046094 0.104217 -0.014713
v 0.049732 0.075530 -0.028366
v 0.049382 0.089489 -0.016246
v 0.041723 0.103794 -0.008159
v 0.044502 0.089165 -0.010195
v 0.035004 0.102898 -0.002122
v 0.049121 0.064215 -0.028307
v 0.049227 0.064126 -0.019576
v 0.049223 0.075267 -0.018494
v 0.037139 0.088645 -0.005842
v 0.025305 0.102598 -0.001621
v 0.045456 0.075184 -0.013182
v 0.052373 0.046777 -0.024088
v 0.027861 0.088318 -0.004994
v 0.019550 0.103471 -0.008526
v 0.038796 0.074922 -0.009200
v 0.051432 0.046649 -0.016748
v 0.053848 0.039498 -0.015848
v 0.021589 0.088825 -0.010722
v 0.016126 0.104066 -0.018906
v 0.057715 0.041756 -0.016432
v 0.052438 0.041681 -0.013743
v 0.059865 0.044486 -0.013133
v 0.057127 0.043931 -0.012808
v 0.050322 0.046878 -0.014815
v 0.059767 0.046423 -0.010012
v 0.054381 0.046093 -0.012752
v 0.056162 0.045846 -0.010365
v 0.054452 0.052354 -0.014130
v 0.061307 0.042468 -0.005413
v 0.058928 0.049268 -0.005811
v 0.055121 0.051110 -0.011103
v 0.050554 0.057508 -0.011544
v 0.046771 0.064181 -0.014824
v 0.043651 0.064085 -0.012480
v 0.059873 0.045428 -0.001163
v 0.057692 0.049783 -0.005016
v 0.055690 0.044391 0.001079
v 0.061129 0.038523 0.000314
v 0.050618 0.054008 -0.007760
v 0.046369 0.059715 -0.009044
v 0.051756 0.050663 -0.002433
v 0.057949 0.039813 0.004332
v 0.053641 0.031462 -0.000456
v 0.036804 0.064114 -0.010226
v 0.037860 0.060712 -0.006255
v 0.046765 0.055632 -0.005585
v 0.045932 0.052409 -0.000407
v 0.052963 0.045523 0.003005
v 0.030239 0.074649 -0.008172
v 0.031540 0.063807 -0.010356
v 0.038567 0.057393 -0.003858
v 0.024296 0.074818 -0.012806
v 0.028722 0.057564 -0.006841
v 0.052674 0.037081 0.005005
v 0.017027 0.089205 -0.020955
v 0.017312 0.104404 -0.027283
v 0.017495 0.089547 -0.030355
v 0.022248 0.105089 -0.034242
v 0.023157 0.090224 -0.038345
v 0.020159 0.075091 -0.022503
v 0.020804 0.075408 -0.031599
v 0.026193 0.076047 -0.038736
v 0.027532 0.065318 -0.040205
v 0.022465 0.064013 -0.032832
v 0.053291 0.032672 0.013603
v 0.054629 0.027190 0.010366
v 0.064755 0.024255 0.004154
v 0.048310 0.038385 0.009254
v 0.057322 0.029364 0.017274
v 0.069156 0.019372 -0.000928
v 0.047576 0.046488 0.006498
v 0.066323 0.023772 0.011435
v 0.070497 0.013128 -0.005048
v 0.071097 0.017685 0.006622
v 0.072828 0.010103 0.003203
v 0.067454 0.023106 0.020080
v 0.073023 0.016387 0.015113
v 0.074984 0.008218 0.011631
v 0.038872 0.052261 0.001626
v 0.076425 0.006111 0.010932
v 0.073453 -0.002929 0.018334
v 0.077476 0.005506 0.018775
v 0.073174 -0.002154 0.030232
v 0.076181 0.007654 0.019688
v 0.074361 0.015262 0.023059
v 0.076385 0.006397 0.030761
v 0.070538 0.001036 0.040190
v 0.075763 0.007935 0.030709
v 0.068870 0.021706 0.028061
v 0.071528 0.010002 0.042907
v 0.062166 0.004115 0.051227
v 0.070715 0.011347 0.042151
v 0.073770 0.012781 0.031796
v 0.062054 0.011948 0.054540
v 0.052340 0.006645 0.058276
v 0.070008 0.017675 0.036798
v 0.061389 0.013957 0.053054
v 0.058900 0.025858 0.033567
v 0.051379 0.013448 0.059637
v 0.039260 0.007480 0.061553
v 0.060103 0.022424 0.043824
v 0.051203 0.014732 0.058029
v 0.038185 0.013861 0.062581
v 0.028185 0.005548 0.056515
v 0.049666 0.023607 0.047929
v 0.037720 0.014989 0.061302
v 0.025534 0.012913 0.057912
v 0.019940 0.002905 0.046189
v 0.046896 0.026769 0.037414
v 0.035500 0.022842 0.051340
v 0.026052 0.014168 0.056649
v 0.018106 0.010716 0.047426
v 0.015805 0.000434 0.036644
v 0.024715 0.018345 0.050336
v 0.018939 0.011799 0.047335
v 0.033392 0.025936 0.039863
v 0.014384 0.009515 0.037988
v 0.012893 -0.000315 0.027840
v 0.015908 0.010932 0.037909
v 0.022399 0.021452 0.040844
v 0.012306 0.009787 0.029268
v 0.014066 0.011498 0.029597
v 0.011421 0.011003 0.020556
v 0.011539 0.000528 0.020819
v 0.020133 0.021773 0.031426
v 0.031484 0.026846 0.031176
v 0.012964 0.012573 0.020909
v 0.010564 0.012831 0.007622
v 0.010667 0.004814 0.008911
v 0.019360 0.022447 0.021738
v 0.010052 0.013401 0.001182
v 0.010358 0.007324 0.001021
v 0.012276 0.014423 0.006874
v 0.017812 0.025215 0.008599
v 0.009258 0.013853 -0.007935
v 0.009245 0.008120 -0.008093
v 0.011730 0.015054 0.000741
v 0.006803 0.012356 -0.020997
v 0.007651 0.003732 -0.021124
v 0.006124 0.003752 -0.031886
v 0.010604 0.015327 -0.008440
v 0.005338 0.012329 -0.032854
v 0.007576 0.004718 -0.044560
v 0.027665 0.027084 0.022993
v 0.013241 0.023403 -0.000790
v 0.007817 0.013860 -0.021913
v 0.007234 0.014086 -0.044565
v 0.013670 0.006040 -0.054135
v 0.010927 0.023285 -0.011544
v 0.006801 0.013895 -0.032641
v 0.014012 0.016246 -0.053721
v 0.023406 0.006044 -0.059937
v 0.023979 0.016453 -0.059756
v 0.008888 0.014884 -0.043041
v 0.015296 0.016526 -0.051450
v 0.024779 0.017197 -0.056693
v 0.008762 0.024625 -0.024501
v 0.015851 0.031081 -0.002272
v 0.008392 0.025321 -0.033218
v 0.016166 0.024828 -0.051481
v 0.025179 0.023365 -0.056837
v 0.010529 0.025033 -0.043117
v 0.012165 0.031453 -0.014183
v 0.017169 0.034118 -0.051129
v 0.025952 0.033962 -0.057258
v 0.010275 0.032654 -0.025560
v 0.012481 0.033651 -0.042956
v 0.010242 0.033414 -0.033531
v 0.018568 0.041964 -0.049004
v 0.026775 0.043217 -0.054562
v 0.014749 0.040708 -0.042175
v 0.012413 0.038824 -0.033374
v 0.012153 0.037684 -0.026170
v 0.014090 0.037053 -0.015601
v 0.019631 0.047918 -0.046219
v 0.027824 0.050724 -0.050868
v 0.015962 0.044044 -0.041191
v 0.021579 0.053546 -0.042132
v 0.028862 0.056300 -0.044705
v 0.018431 0.049516 -0.037690
v 0.023389 0.052551 -0.039204
v 0.020808 0.048253 -0.035187
v 0.019026 0.047504 -0.027809
v 0.016068 0.044807 -0.031720
v 0.015213 0.041987 -0.026296
v 0.017180 0.041495 -0.017030
v 0.021372 0.063543 -0.022873
v 0.021220 0.047954 -0.019428
v 0.026990 0.048115 -0.012417
v 0.024753 0.063489 -0.015277
v 0.020567 0.044487 -0.009331
v 0.027285 0.063448 -0.012707
v 0.017910 0.037504 -0.004159
v 0.018423 0.030863 0.001941
v 0.021316 0.037715 0.002334
v 0.025175 0.027320 0.010779
v 0.024625 0.054241 -0.007513
v 0.023475 0.047502 -0.005205
v 0.023954 0.049756 -0.007139
v 0.024735 0.052332 -0.005029
v 0.023819 0.030264 0.000910
v 0.033310 0.029198 0.022490
v 0.029862 0.028813 0.012547
v 0.028413 0.033109 0.003960
v 0.026022 0.041363 0.006010
v 0.033751 0.032237 0.016990
v 0.045138 0.028229 0.029231
v 0.043075 0.030573 0.021139
v 0.057253 0.027502 0.026240
v 0.032111 0.037141 0.009490
v 0.025514 0.049460 -0.002190
v 0.041988 0.034487 0.017009
v 0.054693 0.030375 0.018087
v 0.051208 0.030716 0.019385
v 0.049816 0.034004 0.014793
v 0.039930 0.038657 0.010938
v 0.040241 0.046182 0.008514
v 0.031571 0.043616 0.007689
v 0.030824 0.051039 0.000813
v 0.029691 0.054660 -0.004258
v -0.139834 0.257328 0.017386
v -0.139492 0.261028 0.020624
v -0.147854 0.257831 0.018642
v -0.147425 0.260966 0.021955
v -0.139558 0.265184 0.021557
v -0.151074 0.261209 0.022253
v -0.151843 0.258308 0.019492
v -0.147875 0.265364 0.022657
v -0.139985 0.269543 0.021160
v -0.151511 0.265205 0.023113
v -0.156113 0.264935 0.024976
v -0.155215 0.260838 0.023666
v -0.156098 0.257415 0.020274
v -0.159090 0.259159 0.026471
v -0.160031 0.255462 0.023277
v -0.148349 0.269367 0.021923
v -0.140629 0.273382 0.019567
v -0.151607 0.269488 0.022401
v -0.164111 0.257138 0.029169
v -0.164659 0.253634 0.026295
v -0.148860 0.273014 0.020203
v -0.149504 0.275720 0.015583
v -0.141930 0.276431 0.014134
v -0.143809 0.276582 0.004367
v -0.156535 0.269840 0.023849
v -0.151781 0.273063 0.020659
v -0.159559 0.262145 0.027530
v -0.169931 0.255320 0.031261
v -0.170570 0.251821 0.028902
v -0.172523 0.251086 0.030038
v -0.165453 0.260516 0.030505
v -0.161717 0.265806 0.028166
v -0.156695 0.273686 0.021513
v -0.162081 0.270662 0.026603
v -0.162800 0.274852 0.022882
v -0.172342 0.253921 0.032217
v -0.170770 0.258661 0.032101
v -0.174418 0.252976 0.032897
v -0.174347 0.250413 0.030746
v -0.176077 0.249744 0.031097
v -0.167743 0.264278 0.030360
v -0.173643 0.257718 0.032947
v -0.168510 0.271616 0.027831
v -0.168421 0.266162 0.029995
v -0.173922 0.262996 0.030421
v -0.175898 0.261074 0.030545
v -0.169745 0.275309 0.024331
v -0.176398 0.252298 0.033228
v -0.175881 0.256643 0.033484
v -0.177839 0.259561 0.030204
v -0.177347 0.261983 0.029290
v -0.178434 0.260593 0.028537
v -0.177754 0.255322 0.033810
v -0.179515 0.254260 0.033983
v -0.179438 0.257141 0.031733
v -0.181042 0.256174 0.032323
v -0.183115 0.255339 0.032960
v -0.178254 0.251405 0.033400
v -0.177849 0.248907 0.031474
v -0.175141 0.265804 0.030102
v -0.180975 0.264461 0.029155
v -0.180472 0.250348 0.033786
v -0.180089 0.247877 0.032021
v -0.183246 0.247239 0.032198
v -0.181627 0.253175 0.034499
v -0.183347 0.249246 0.033617
v -0.186141 0.246791 0.032616
v -0.184347 0.251729 0.034081
v -0.185573 0.253504 0.033909
v -0.186282 0.248095 0.033306
v -0.187779 0.247965 0.032281
v -0.186975 0.249449 0.033867
v -0.188087 0.250498 0.033605
v -0.206756 0.245714 0.014992
v -0.207475 0.245312 0.013310
v -0.207160 0.245046 0.012371
v -0.206372 0.244978 0.013611
v -0.206031 0.245038 0.011845
v -0.206926 0.245460 0.011195
v -0.205878 0.245725 0.010717
v -0.202980 0.247907 0.009724
v -0.201912 0.246107 0.011626
v -0.201258 0.249301 0.009820
v -0.202393 0.246115 0.015000
v -0.200207 0.247433 0.011644
v -0.200152 0.251503 0.009733
v -0.203340 0.248592 0.017131
v -0.204324 0.250455 0.017151
v -0.198861 0.248951 0.011867
v -0.199014 0.252337 0.009784
v -0.199952 0.247724 0.015038
v -0.201321 0.250480 0.017940
v -0.202589 0.252068 0.018021
v -0.197951 0.250556 0.012179
v -0.196439 0.254011 0.009895
v -0.198970 0.248694 0.015114
v -0.200106 0.251788 0.018150
v -0.201248 0.253241 0.018339
v -0.195600 0.252000 0.011842
v -0.194470 0.255535 0.010172
v -0.198019 0.250203 0.015014
v -0.199094 0.252746 0.018271
v -0.200347 0.254716 0.018488
v -0.193851 0.253388 0.011759
v -0.192772 0.257358 0.009976
v -0.195774 0.251791 0.015250
v -0.196604 0.254371 0.018602
v -0.197496 0.257308 0.018693
v -0.194118 0.252902 0.015265
v -0.195275 0.255784 0.018499
v -0.195311 0.258877 0.018969
v -0.192378 0.255381 0.012100
v -0.192836 0.255279 0.015725
v -0.193493 0.257943 0.018760
v -0.193318 0.261287 0.019076
v -0.183764 0.261669 0.011821
v -0.187061 0.261857 0.009132
v -0.184919 0.261941 0.019164
v -0.189100 0.265413 0.019345
v -0.183625 0.260800 0.015612
v -0.193580 0.259003 0.020401
v -0.181998 0.259986 0.020984
v -0.194669 0.262326 0.019874
v -0.181108 0.259388 0.016683
v -0.181407 0.260646 0.011020
v -0.184320 0.262694 0.009540
v -0.195950 0.257750 0.020962
v -0.196954 0.260807 0.020272
v -0.177907 0.258443 0.017832
v -0.198158 0.256447 0.020901
v -0.198991 0.259211 0.020400
v -0.200178 0.255533 0.021170
v -0.201587 0.257564 0.020540
v -0.197300 0.255232 0.022835
v -0.194895 0.256724 0.022917
v -0.202154 0.255601 0.021311
v -0.203315 0.256289 0.020885
v -0.192280 0.257614 0.022651
v -0.199454 0.254433 0.023127
v -0.203481 0.253792 0.021426
v -0.204804 0.254836 0.020780
v -0.201373 0.254180 0.023197
v -0.206786 0.251029 0.021910
v -0.207106 0.252153 0.021125
v -0.209225 0.250866 0.022268
v -0.202857 0.252259 0.023428
v -0.208695 0.250259 0.022902
v -0.209735 0.250282 0.023901
v -0.206755 0.250041 0.023814
v -0.202740 0.251945 0.025480
v -0.201084 0.253643 0.025553
v -0.208679 0.249935 0.023821
v -0.208573 0.249843 0.025216
v -0.209603 0.250360 0.025903
v -0.207562 0.250808 0.027508
v -0.206615 0.250036 0.025489
v -0.202777 0.252851 0.027869
v -0.201453 0.254414 0.028115
v -0.198988 0.254309 0.025528
v -0.199848 0.255119 0.028252
v -0.196893 0.255285 0.025513
v -0.197362 0.256602 0.028637
v -0.194798 0.256654 0.025574
v -0.195625 0.257628 0.028498
v -0.192498 0.258090 0.025593
v -0.193125 0.259781 0.028268
v -0.184096 0.260729 0.025838
v -0.185501 0.263037 0.028667
v -0.179462 0.258947 0.025111
v -0.180148 0.261288 0.027372
v -0.180975 0.264461 0.029155
v -0.177347 0.261983 0.029290
v -0.178434 0.260593 0.028537
v -0.179284 0.258225 0.027183
v -0.178623 0.256464 0.023820
v -0.179673 0.257428 0.028524
v -0.177839 0.259561 0.030204
v -0.179438 0.257141 0.031733
v -0.179868 0.255232 0.026705
v -0.180385 0.256451 0.029500
v -0.181878 0.255774 0.029736
v -0.181042 0.256174 0.032323
v -0.179396 0.255724 0.025554
v -0.180583 0.254819 0.027486
v -0.183971 0.255268 0.030067
v -0.183115 0.255339 0.032960
v -0.185573 0.253504 0.033909
v -0.186483 0.254000 0.030875
v -0.188087 0.250498 0.033605
v -0.184107 0.253396 0.027453
v -0.188345 0.250705 0.031568
v -0.187779 0.247965 0.032281
v -0.186467 0.252006 0.028328
v -0.182097 0.254142 0.027298
v -0.183242 0.250524 0.026451
v -0.187923 0.249668 0.030077
v -0.181289 0.251470 0.026086
v -0.185520 0.249407 0.027557
v -0.187209 0.248203 0.029627
v -0.181879 0.248117 0.027297
v -0.179815 0.252275 0.026018
v -0.184366 0.247345 0.028473
v -0.186692 0.247066 0.030251
v -0.179846 0.249002 0.026626
v -0.178615 0.252865 0.025818
v -0.186247 0.246276 0.031498
v -0.186141 0.246791 0.032616
v -0.183246 0.247239 0.032198
v -0.183606 0.246208 0.030388
v -0.180089 0.247877 0.032021
v -0.180693 0.247053 0.029429
v -0.178477 0.247878 0.028744
v -0.177849 0.248907 0.031474
v -0.178283 0.249879 0.026290
v -0.176781 0.248632 0.028251
v -0.175400 0.249405 0.027801
v -0.176077 0.249744 0.031097
v -0.174347 0.250413 0.030746
v -0.172523 0.251086 0.030038
v -0.176906 0.250518 0.026189
v -0.174166 0.250205 0.026918
v -0.170570 0.251821 0.028902
v -0.177717 0.253086 0.024450
v -0.175675 0.251063 0.025574
v -0.176655 0.253421 0.022773
v -0.174104 0.251478 0.024109
v -0.172278 0.250823 0.025713
v -0.172106 0.254285 0.018211
v -0.166846 0.251943 0.023147
v -0.164659 0.253634 0.026295
v -0.160031 0.255462 0.023277
v -0.169562 0.252153 0.020288
v -0.162029 0.254046 0.020495
v -0.156098 0.257415 0.020274
v -0.163425 0.255461 0.016343
v -0.175327 0.256763 0.018600
v -0.156883 0.257133 0.014568
v -0.164542 0.257769 0.013428
v -0.177115 0.259236 0.009809
v -0.152616 0.257197 0.014400
v -0.151843 0.258308 0.019492
v -0.171802 0.258817 0.009877
v -0.177457 0.259956 0.001439
v -0.182938 0.260644 0.006044
v -0.148582 0.256920 0.013700
v -0.147854 0.257831 0.018642
v -0.139834 0.257328 0.017386
v -0.140675 0.256408 0.012050
v -0.149943 0.257587 0.007034
v -0.141798 0.257252 0.005362
v -0.153837 0.257768 0.007629
v -0.151038 0.259125 0.001070
v -0.142874 0.259299 -0.000656
v -0.158019 0.258017 0.008325
v -0.154803 0.259082 0.001585
v -0.151252 0.261518 -0.002719
v -0.143546 0.261798 -0.004141
v -0.164965 0.259089 0.009259
v -0.165393 0.258620 0.003052
v -0.158917 0.258718 0.002426
v -0.159607 0.260636 -0.001215
v -0.155254 0.261421 -0.001865
v -0.151755 0.265437 -0.003460
v -0.144067 0.266097 -0.005589
v -0.155584 0.265259 -0.002525
v -0.151891 0.269710 -0.002221
v -0.144471 0.270854 -0.004551
v -0.144556 0.273825 -0.001944
v -0.151910 0.272682 0.000215
v -0.155711 0.269319 -0.001206
v -0.151201 0.275678 0.006146
v -0.155340 0.272417 0.001106
v -0.160121 0.265107 -0.003323
v -0.154569 0.275476 0.006899
v -0.160728 0.270543 -0.002661
v -0.152777 0.275544 0.016272
v -0.160864 0.274721 0.001051
v -0.157790 0.276185 0.016075
v -0.159386 0.276373 0.007535
v -0.163905 0.277271 0.016968
v -0.166410 0.276299 0.001407
v -0.165352 0.277763 0.008366
v -0.170870 0.277674 0.018313
v -0.172533 0.278321 0.009037
v -0.172740 0.276956 0.002839
v -0.166466 0.273340 -0.003458
v -0.166556 0.271118 -0.005166
v -0.173892 0.275029 -0.001192
v -0.166837 0.266985 -0.006674
v -0.179670 0.276334 0.003818
v -0.180226 0.273018 -0.000705
v -0.173770 0.270918 -0.006017
v -0.166815 0.261818 -0.005187
v -0.173366 0.266442 -0.007793
v -0.165911 0.259741 -0.002656
v -0.173228 0.261511 -0.006569
v -0.172980 0.259643 -0.003835
v -0.179569 0.277351 0.007762
v -0.186219 0.272912 0.004142
v -0.178928 0.277721 0.012024
v -0.185914 0.273512 0.008598
v -0.186906 0.268727 0.008592
v -0.189452 0.270319 0.003896
v -0.184716 0.269701 0.000414
v -0.176916 0.260487 -0.007034
v -0.176790 0.257674 -0.004918
v -0.179786 0.255932 -0.006386
v -0.177920 0.264866 -0.007826
v -0.178820 0.269831 -0.005197
v -0.182977 0.266067 0.000431
v -0.184339 0.265586 -0.002971
v -0.183352 0.264882 -0.005818
v -0.181353 0.262067 -0.007725
v -0.180031 0.258537 -0.007487
v -0.181541 0.257307 -0.007758
v -0.183008 0.260366 -0.007704
v -0.184915 0.262681 -0.005953
v -0.185835 0.263122 -0.003640
v -0.187341 0.267376 0.000496
v -0.186695 0.260015 -0.006470
v -0.184974 0.262305 -0.001175
v -0.185397 0.264310 0.000504
v -0.187585 0.260617 -0.004456
v -0.187016 0.260099 -0.002232
v -0.188604 0.254911 -0.002701
v -0.189193 0.255437 -0.005021
v -0.189163 0.253085 -0.002867
v -0.184652 0.258525 -0.007925
v -0.192381 0.263205 0.000323
v -0.189989 0.261013 0.000497
v -0.191831 0.259114 0.000758
v -0.188367 0.255135 -0.006883
v -0.189691 0.253592 -0.005215
v -0.189332 0.251527 -0.002872
v -0.195428 0.265093 0.003571
v -0.194195 0.261623 0.000378
v -0.193456 0.257177 0.000876
v -0.190000 0.251849 -0.005239
v -0.189519 0.250033 -0.003029
v -0.189015 0.253237 -0.006957
v -0.194111 0.264595 0.007187
v -0.196201 0.259523 0.000595
v -0.195473 0.252736 0.001470
v -0.197107 0.263247 0.003531
v -0.189925 0.250281 -0.005170
v -0.189546 0.249156 -0.002984
v -0.198242 0.254980 0.000994
v -0.196596 0.250842 0.001967
v -0.198407 0.260996 0.003541
v -0.199300 0.252922 0.001260
v -0.197657 0.248840 0.002084
v -0.195917 0.262502 0.007277
v -0.200128 0.256884 0.003683
v -0.200023 0.250707 0.001708
v -0.198857 0.246306 0.002456
v -0.197457 0.260454 0.007085
v -0.201150 0.254751 0.003804
v -0.199932 0.256828 0.007023
v -0.193383 0.259868 0.009212
v -0.191304 0.261923 0.009052
v -0.195185 0.257523 0.009587
v -0.196860 0.254668 0.009565
v -0.197862 0.253245 0.009419
v -0.187061 0.261857 0.009132
v -0.200944 0.254743 0.007083
v -0.199120 0.251196 0.009381
v -0.201812 0.252253 0.004025
v -0.201531 0.252391 0.006979
v -0.200435 0.247909 0.002140
v -0.202341 0.248903 0.006801
v -0.201002 0.247222 0.008833
v -0.202168 0.249140 0.004131
v -0.202093 0.244288 0.006478
v -0.201706 0.244918 0.007969
v -0.201223 0.244696 0.003524
v -0.200640 0.243533 0.004348
v -0.201824 0.244355 0.004831
v -0.200880 0.243399 0.006167
v -0.200801 0.243863 0.007596
v -0.201706 0.244918 0.007969
v -0.200801 0.243863 0.007596
v -0.201002 0.247222 0.008833
v -0.198771 0.245768 0.008488
v -0.200880 0.243399 0.006167
v -0.197046 0.249310 0.008987
v -0.199120 0.251196 0.009381
v -0.197862 0.253245 0.009419
v -0.197783 0.244762 0.006790
v -0.200640 0.243533 0.004348
v -0.195861 0.247579 0.006733
v -0.197829 0.244928 0.003871
v -0.198857 0.246306 0.002456
v -0.197657 0.248840 0.002084
v -0.196125 0.247321 0.003811
v -0.196596 0.250842 0.001967
v -0.195624 0.249807 0.003643
v -0.195473 0.252736 0.001470
v -0.195296 0.250163 0.006208
v -0.194300 0.251336 0.003440
v -0.193456 0.257177 0.000876
v -0.196336 0.251382 0.008669
v -0.191148 0.254720 0.003143
v -0.191831 0.259114 0.000758
v -0.194051 0.251612 0.006198
v -0.195088 0.253024 0.008956
v -0.196860 0.254668 0.009565
v -0.189905 0.256420 0.002907
v -0.189989 0.261013 0.000497
v -0.191098 0.254381 0.005981
v -0.192642 0.255947 0.008955
v -0.195185 0.257523 0.009587
v -0.189721 0.256133 0.005821
v -0.191211 0.257665 0.008618
v -0.193383 0.259868 0.009212
v -0.187871 0.257761 0.002971
v -0.189889 0.259002 0.008708
v -0.191304 0.261923 0.009052
v -0.188055 0.256973 0.005925
v -0.186029 0.262437 0.008943
v -0.184575 0.259168 0.006058
v -0.183962 0.260234 0.002570
v -0.185397 0.264310 0.000504
v -0.181733 0.261328 0.002305
v -0.182977 0.266067 0.000431
v -0.180555 0.261939 0.001517
v -0.184974 0.262305 -0.001175
v -0.183015 0.260732 0.000209
v -0.187016 0.260099 -0.002232
v -0.184496 0.258678 -0.000605
v -0.186751 0.254284 -0.001654
v -0.188604 0.254911 -0.002701
v -0.187605 0.252734 -0.001883
v -0.189163 0.253085 -0.002867
v -0.188230 0.251214 -0.002180
v -0.189332 0.251527 -0.002872
v -0.188384 0.249900 -0.002151
v -0.189519 0.250033 -0.003029
v -0.188441 0.248949 -0.002161
v -0.189546 0.249156 -0.002984
v -0.189186 0.244939 -0.003613
v -0.188433 0.244907 -0.003267
v -0.188028 0.243980 -0.005235
v -0.186808 0.248724 -0.002077
v -0.186842 0.249610 -0.002049
v -0.186641 0.250702 -0.002165
v -0.185513 0.252161 -0.001738
v -0.187498 0.244773 -0.003451
v -0.184684 0.248302 -0.003820
v -0.184588 0.249244 -0.003817
v -0.186580 0.244549 -0.004480
v -0.186327 0.244726 -0.005969
v -0.186874 0.244958 -0.006873
v -0.185838 0.248306 -0.007753
v -0.184343 0.248113 -0.006298
v -0.184562 0.249916 -0.003863
v -0.184037 0.249182 -0.006158
v -0.183464 0.251334 -0.003390
v -0.183889 0.250022 -0.006197
v -0.185374 0.249178 -0.007690
v -0.185007 0.249982 -0.007631
v -0.187299 0.248968 -0.008112
v -0.186880 0.250382 -0.008255
v -0.187380 0.248572 -0.008066
v -0.186874 0.244958 -0.006873
v -0.188373 0.249613 -0.007707
v -0.187657 0.244997 -0.007132
v -0.188028 0.243980 -0.005235
v -0.188525 0.245069 -0.006508
v -0.188472 0.248904 -0.007662
v -0.189608 0.249183 -0.006441
v -0.189128 0.245112 -0.005751
v -0.189460 0.245050 -0.004790
v -0.189186 0.244939 -0.003613
v -0.190018 0.249246 -0.005197
v -0.189457 0.250117 -0.006530
v -0.188110 0.251121 -0.007939
v -0.189355 0.251597 -0.006809
v -0.186273 0.251469 -0.008371
v -0.187714 0.252520 -0.008205
v -0.187005 0.254505 -0.008167
v -0.185067 0.253604 -0.008521
v -0.182837 0.256161 -0.008205
v -0.184600 0.250844 -0.007632
v -0.183627 0.252388 -0.007784
v -0.182558 0.251509 -0.005991
v -0.181977 0.253918 -0.007320
v -0.180939 0.255148 -0.006855
v -0.181621 0.252450 -0.005883
v -0.182209 0.252424 -0.003308
v -0.180566 0.253990 -0.005459
v -0.184764 0.253669 -0.001506
v -0.181391 0.253746 -0.003146
v -0.183905 0.255067 -0.001394
v -0.180748 0.254840 -0.003136
v -0.182847 0.255890 -0.001074
v -0.177510 0.256873 -0.002637
v -0.179792 0.258088 0.000078
v -0.173076 0.258763 -0.001140
v -0.173169 0.259290 0.002722
v -0.023703 0.230716 -0.131627
v -0.042721 0.238144 -0.131911
v -0.045415 0.247234 -0.129319
v -0.029502 0.242821 -0.130716
v -0.051729 0.277371 -0.124536
v -0.047051 0.264712 -0.113049
v -0.012467 0.242597 -0.137084
v -0.010675 0.223294 -0.135733
v -0.053306 0.279210 -0.112600
v -0.050059 0.286690 -0.089239
v -0.062447 0.306019 -0.093320
v -0.049732 0.294700 -0.086224
v -0.037689 0.276581 -0.130449
v 0.000000 0.241011 -0.142939
v 0.000000 0.218001 -0.139519
v -0.015910 0.276117 -0.140526
v 0.000000 0.275739 -0.147892
v -0.059462 0.300834 -0.113883
v -0.056516 0.298507 -0.120673
v -0.017900 0.297633 -0.144927
v 0.000000 0.296614 -0.152905
v -0.041694 0.296900 -0.131694
v -0.022291 0.320735 -0.149312
v 0.000000 0.321830 -0.158822
v 0.000000 0.345992 -0.163112
v -0.044343 0.319389 -0.135306
v -0.025106 0.344525 -0.154246
v 0.000000 0.369770 -0.165445
v -0.061622 0.316050 -0.117821
v -0.049231 0.343629 -0.139502
v -0.027713 0.368638 -0.157503
v -0.069629 0.320306 -0.093720
v -0.029096 0.393174 -0.158402
v 0.000000 0.389643 -0.165693
v -0.053853 0.368132 -0.142935
v -0.069782 0.342426 -0.121080
v -0.059857 0.307972 -0.087803
v -0.065310 0.313192 -0.072043
v -0.051215 0.299078 -0.073233
v -0.053573 0.300352 -0.049603
v -0.078971 0.326814 -0.071724
v -0.069003 0.312760 -0.047059
v -0.051422 0.305628 -0.023257
v -0.083769 0.343736 -0.097888
v -0.068111 0.313182 -0.022833
v -0.044674 0.307060 -0.001779
v -0.085627 0.327051 -0.047511
v -0.063612 0.315097 0.000749
v -0.024388 0.307353 0.022508
v -0.076970 0.367412 -0.124042
v -0.094893 0.345449 -0.073779
v -0.086931 0.327105 -0.022338
v -0.053583 0.319391 0.028409
v -0.019918 0.309042 0.026517
v -0.096137 0.366799 -0.101848
v -0.082677 0.393396 -0.126061
v -0.102866 0.344999 -0.048458
v -0.082802 0.328975 0.002259
v -0.044131 0.321342 0.039492
v -0.012096 0.316776 0.038110
v -0.056961 0.393866 -0.144318
v -0.109410 0.366801 -0.076340
v -0.105147 0.344767 -0.022111
v -0.043189 0.327858 0.042385
v -0.011604 0.320916 0.039313
v -0.011737 0.324397 -0.023482
v -0.043669 0.330581 -0.021083
v -0.063830 0.338006 0.041532
v -0.064536 0.339620 -0.021749
v -0.066194 0.334425 0.041697
v -0.084411 0.354658 0.040831
v -0.085344 0.354453 -0.022296
v -0.075532 0.331357 0.025719
v -0.088496 0.351231 0.042861
v -0.095375 0.370468 0.043620
v -0.096428 0.368536 -0.020118
v -0.100779 0.346499 0.003050
v -0.094196 0.348596 0.025653
v -0.099652 0.370531 0.044888
v -0.099958 0.385163 0.046375
v -0.101061 0.381626 -0.017967
v -0.101377 0.411704 0.049209
v -0.102496 0.405268 -0.015754
v -0.103513 0.385375 0.046258
v -0.106187 0.368532 0.026477
v -0.113829 0.367578 0.003896
v -0.120050 0.366008 -0.021732
v -0.097566 0.440644 0.053800
v -0.098644 0.431046 -0.012169
v -0.103810 0.412114 0.048763
v -0.112374 0.390056 0.028174
v -0.121365 0.391434 0.005519
v -0.118186 0.366086 -0.049470
v -0.089254 0.474765 0.063634
v -0.090240 0.461440 -0.004490
v -0.114724 0.416458 0.031838
v -0.099841 0.440901 0.053305
v -0.129378 0.391005 -0.020525
v -0.129286 0.390977 -0.049489
v -0.079342 0.501086 0.073084
v -0.080219 0.484886 0.002890
v -0.124827 0.418816 0.009086
v -0.112773 0.445769 0.037899
v -0.091004 0.475107 0.062960
v -0.133360 0.419697 -0.017578
v -0.120739 0.391551 -0.078095
v -0.105945 0.476477 0.046224
v -0.124115 0.448827 0.015068
v -0.134540 0.420213 -0.047381
v -0.105763 0.392144 -0.104897
v -0.132352 0.450708 -0.012321
v -0.127354 0.420817 -0.077560
v -0.111729 0.421565 -0.105667
v -0.133712 0.451876 -0.042597
v -0.117839 0.479101 0.022771
v -0.086521 0.422392 -0.126571
v -0.127704 0.452950 -0.073538
v -0.125265 0.481176 -0.005184
v -0.058556 0.422544 -0.143362
v -0.112175 0.453816 -0.102251
v -0.126394 0.482569 -0.035394
v -0.029535 0.421525 -0.156668
v 0.000000 0.417539 -0.163458
v -0.086967 0.453870 -0.123652
v -0.121401 0.484172 -0.066207
v -0.058611 0.453596 -0.139938
v -0.029235 0.452878 -0.151691
v 0.000000 0.451368 -0.156796
v -0.107555 0.485373 -0.095190
v -0.083687 0.484772 -0.116846
v -0.027964 0.483223 -0.143096
v 0.000000 0.482225 -0.147153
v -0.056519 0.484127 -0.132998
v -0.025638 0.510364 -0.131068
v 0.000000 0.509590 -0.134443
v -0.051884 0.511352 -0.122003
v -0.076500 0.512125 -0.106243
v -0.096759 0.512301 -0.084071
v -0.109857 0.511639 -0.056565
v -0.114446 0.509991 -0.026657
v -0.113276 0.508616 0.003114
v -0.106663 0.506732 0.031341
v -0.095664 0.504243 0.055780
v -0.080607 0.501753 0.072804
v -0.080982 0.528508 0.065339
v -0.090715 0.529709 0.039623
v -0.096833 0.531078 0.011513
v -0.098375 0.532350 -0.017463
v -0.064356 0.527840 0.085246
v -0.065326 0.547011 0.073408
v -0.073300 0.547575 0.047142
v -0.063728 0.525027 0.085293
v -0.064434 0.506211 0.012424
v -0.050689 0.544007 0.094601
v -0.050503 0.541544 0.094156
v -0.051064 0.520924 0.019345
v -0.036530 0.556662 0.103222
v -0.036938 0.534391 0.026425
v -0.049140 0.561252 0.079811
v -0.078996 0.548780 0.019366
v -0.037115 0.558552 0.103081
v -0.024084 0.567688 0.109298
v -0.024355 0.544213 0.031169
v -0.055279 0.560638 0.053134
v -0.024802 0.570092 0.110286
v -0.013789 0.577284 0.115812
v -0.013947 0.552760 0.036257
v -0.032760 0.570919 0.084198
v 0.000000 0.582430 0.118573
v 0.000000 0.583825 0.119079
v -0.000006 0.557344 0.038412
v 0.013756 0.578532 0.117929
v 0.013901 0.553872 0.037910
v -0.014126 0.578505 0.115559
v -0.016695 0.576517 0.086790
v -0.037226 0.569697 0.056918
v 0.024677 0.569217 0.112400
v 0.024941 0.545575 0.033592
v 0.038034 0.556975 0.105398
v 0.038445 0.534670 0.028124
v 0.025191 0.571357 0.112554
v 0.014093 0.579753 0.117676
v 0.016764 0.576533 0.086790
v 0.000000 0.578930 0.088132
v -0.060360 0.561767 0.025769
v -0.018905 0.575511 0.058113
v 0.053301 0.541914 0.095809
v 0.053880 0.521254 0.020636
v 0.067308 0.525896 0.086318
v 0.068041 0.506986 0.013224
v 0.053371 0.544349 0.096255
v 0.082782 0.501672 0.073276
v 0.083685 0.485407 0.003040
v -0.080977 0.550065 -0.008766
v 0.038554 0.558849 0.105258
v 0.033408 0.571076 0.084198
v 0.067921 0.528706 0.086271
v 0.050829 0.561662 0.079811
v 0.090419 0.474858 0.062879
v 0.091406 0.461523 -0.005079
v -0.094549 0.533841 -0.046056
v -0.083632 0.534482 -0.072053
v -0.078303 0.551540 -0.035947
v -0.066482 0.534250 -0.093001
v 0.098390 0.440644 0.052013
v 0.099464 0.431046 -0.013564
v -0.062438 0.562822 -0.001363
v -0.069182 0.551413 -0.059864
v -0.044954 0.533045 -0.107310
v 0.101195 0.411704 0.046315
v 0.102300 0.405268 -0.018014
v -0.060546 0.563590 -0.026741
v -0.041206 0.570781 0.029862
v -0.054720 0.550090 -0.078348
v -0.022054 0.532262 -0.115301
v -0.043023 0.571522 0.003817
v -0.021120 0.576597 0.031224
v -0.053700 0.562797 -0.048100
v -0.036840 0.548547 -0.091156
v -0.041972 0.571599 -0.019557
v 0.000000 0.578108 0.057831
v -0.022240 0.577135 0.006057
v -0.042726 0.561351 -0.063746
v 0.000000 0.579271 0.031248
v 0.018924 0.575515 0.058113
v 0.021120 0.576597 0.031224
v 0.037675 0.569806 0.056918
v 0.041207 0.570781 0.029862
v 0.056331 0.560894 0.053134
v 0.060423 0.561782 0.025769
v 0.000000 0.579744 0.006157
v 0.022240 0.577135 0.006057
v 0.043023 0.571522 0.003817
v 0.062821 0.562904 -0.001363
v -0.021913 0.576759 -0.015662
v 0.000000 0.579149 -0.015838
v 0.021913 0.576759 -0.015662
v 0.042050 0.571616 -0.019557
v -0.037747 0.570339 -0.037933
v -0.017663 0.576143 -0.028949
v -0.030995 0.569662 -0.048894
v -0.019704 0.568625 -0.057514
v 0.061796 0.563860 -0.026741
v -0.010086 0.575287 -0.037951
v 0.000000 0.574684 -0.043738
v -0.028507 0.559893 -0.074791
v -0.007723 0.567497 -0.064133
v -0.017733 0.547477 -0.098810
v -0.013407 0.558702 -0.081954
v 0.000000 0.533220 -0.117263
v 0.000000 0.546709 -0.102180
v 0.000000 0.557139 -0.086211
v 0.000000 0.565307 -0.070230
v 0.007723 0.567497 -0.064133
v 0.013407 0.558702 -0.081954
v 0.017733 0.547477 -0.098810
v 0.022054 0.532262 -0.115301
v 0.028507 0.559893 -0.074791
v 0.019704 0.568625 -0.057514
v 0.036843 0.548548 -0.091156
v 0.025638 0.510395 -0.131018
v 0.000000 0.482225 -0.147153
v 0.010086 0.575287 -0.037951
v 0.017663 0.576143 -0.028949
v 0.043153 0.561444 -0.063746
v 0.044954 0.533045 -0.107310
v 0.027964 0.483500 -0.142643
v 0.000000 0.451368 -0.156796
v 0.037882 0.570368 -0.037933
v 0.031015 0.569667 -0.048894
v 0.054873 0.563050 -0.048100
v 0.055620 0.550285 -0.078348
v 0.051884 0.511423 -0.121888
v 0.071723 0.551962 -0.059864
v 0.067318 0.534431 -0.093001
v 0.081606 0.552226 -0.035947
v 0.086637 0.535131 -0.072053
v 0.076689 0.512178 -0.106222
v 0.056519 0.484555 -0.132298
v 0.083423 0.550446 -0.008766
v 0.099382 0.534783 -0.046056
v 0.098509 0.512664 -0.084162
v 0.079709 0.548811 0.019366
v 0.103210 0.532987 -0.017463
v 0.074611 0.547886 0.047142
v 0.029235 0.453302 -0.150997
v 0.000000 0.417539 -0.163458
v 0.083731 0.485004 -0.116528
v 0.113303 0.512273 -0.056761
v 0.099929 0.531216 0.011513
v 0.067996 0.547659 0.073408
v 0.058611 0.454276 -0.138826
v 0.108399 0.485386 -0.096254
v 0.119105 0.510488 -0.026659
v 0.092645 0.529888 0.039623
v 0.084131 0.530588 0.065339
v 0.118123 0.508744 0.003114
v 0.123083 0.484267 -0.067884
v 0.087103 0.454280 -0.123165
v 0.085018 0.502498 0.072995
v 0.110047 0.506735 0.031341
v 0.128576 0.482659 -0.036231
v 0.113423 0.453851 -0.103875
v 0.099569 0.505323 0.055780
v 0.093837 0.475192 0.063198
v 0.128614 0.481179 -0.005189
v 0.129763 0.452950 -0.076313
v 0.109062 0.476477 0.046137
v 0.101871 0.440901 0.052434
v 0.121500 0.479101 0.022768
v 0.135006 0.451876 -0.044335
v 0.134558 0.450708 -0.012588
v 0.127084 0.448827 0.014796
v 0.116277 0.445769 0.037160
v 0.105508 0.412114 0.047228
v 0.118544 0.416458 0.030686
v 0.127804 0.418816 0.008592
v 0.136048 0.419697 -0.017732
v 0.136340 0.420213 -0.048526
v 0.130748 0.420817 -0.079253
v 0.113876 0.421573 -0.106527
v 0.087427 0.422646 -0.126171
v 0.059065 0.422973 -0.142659
v 0.029535 0.421754 -0.156293
v 0.000000 0.389643 -0.165693
v 0.029425 0.393188 -0.158380
v 0.000000 0.369770 -0.165445
v 0.059455 0.393945 -0.144189
v 0.086381 0.393418 -0.126024
v 0.110255 0.392144 -0.107311
v 0.057253 0.368132 -0.142935
v 0.028334 0.368638 -0.157503
v 0.128020 0.391551 -0.078345
v 0.102436 0.366799 -0.103559
v 0.025439 0.344525 -0.154246
v 0.000000 0.345992 -0.163112
v 0.133367 0.390977 -0.049609
v 0.082138 0.367412 -0.124042
v 0.051644 0.343629 -0.139502
v 0.022291 0.320735 -0.149312
v 0.000000 0.321830 -0.158822
v 0.000000 0.296614 -0.152905
v 0.073533 0.342426 -0.121080
v 0.044993 0.319389 -0.135306
v 0.019243 0.297633 -0.146009
v 0.000000 0.275739 -0.147892
v 0.016756 0.276117 -0.141330
v 0.000000 0.241011 -0.142939
v 0.088807 0.343736 -0.097647
v 0.062674 0.316050 -0.117821
v 0.041547 0.296900 -0.131999
v 0.056558 0.298507 -0.120673
v 0.071800 0.320306 -0.089869
v 0.037721 0.276581 -0.130227
v 0.012982 0.242597 -0.138427
v 0.059566 0.300834 -0.113883
v 0.010675 0.223294 -0.135733
v 0.000000 0.218001 -0.139519
v 0.023703 0.230716 -0.131627
v 0.030506 0.242821 -0.130581
v 0.050779 0.277371 -0.125755
v 0.045415 0.259942 -0.127241
v 0.050403 0.274280 -0.109742
v 0.054643 0.283031 -0.112600
v 0.052727 0.288161 -0.090272
v 0.065238 0.306019 -0.092764
v 0.051610 0.294700 -0.084626
v 0.062483 0.307972 -0.085331
v 0.082540 0.326814 -0.071724
v 0.067787 0.313192 -0.072043
v 0.052608 0.299580 -0.073233
v 0.056944 0.300867 -0.049603
v 0.071649 0.312760 -0.047059
v 0.051422 0.305705 -0.023257
v 0.100173 0.345449 -0.073779
v 0.068624 0.312252 -0.022833
v 0.044674 0.307060 -0.001779
v 0.088664 0.327051 -0.047330
v 0.117316 0.366801 -0.076865
v 0.063612 0.315097 0.000749
v 0.024388 0.307353 0.022508
v 0.107296 0.344999 -0.049202
v 0.087219 0.325955 -0.022338
v 0.122786 0.366086 -0.049017
v 0.053583 0.318217 0.028409
v 0.019918 0.309042 0.026517
v 0.107694 0.343953 -0.022111
v 0.083818 0.328055 0.002259
v 0.132300 0.391005 -0.020525
v 0.123028 0.366008 -0.021732
v 0.125002 0.391434 0.005167
v 0.102703 0.345031 0.003050
v 0.044131 0.321470 0.040661
v 0.014738 0.315595 0.040983
v 0.075532 0.330072 0.025719
v 0.117857 0.367578 0.003803
v 0.115431 0.388358 0.027286
v 0.095450 0.346466 0.025611
v 0.109321 0.366272 0.026068
v 0.103568 0.385375 0.043224
v 0.069101 0.334879 0.041394
v 0.100263 0.370531 0.041894
v 0.098449 0.385163 0.042667
v 0.099523 0.381626 -0.020862
v 0.091043 0.353356 0.040866
v 0.096047 0.371775 0.042012
v 0.097096 0.369700 -0.021374
v 0.086924 0.354734 0.041363
v 0.087872 0.354521 -0.021881
v 0.063391 0.336862 0.042484
v 0.064081 0.338601 -0.021005
v 0.043189 0.326505 0.044151
v 0.043657 0.329375 -0.019704
v 0.015024 0.320506 0.042069
v 0.015183 0.324032 -0.021330
v 0.023703 0.230716 -0.131627
v 0.030506 0.242821 -0.130581
v 0.045415 0.259942 -0.127241
v 0.034541 0.242500 -0.131336
v -0.049732 0.294700 -0.086224
v -0.024821 0.292530 -0.086224
v -0.051215 0.299078 -0.073233
v -0.024031 0.299078 -0.073233
v -0.053573 0.300352 -0.049603
v -0.040294 0.300352 -0.049603
v -0.051422 0.305628 -0.023257
v -0.038143 0.304520 -0.023257
v 0.000570 0.299966 -0.061418
v 0.003813 0.303247 -0.036430
v 0.001250 0.296889 -0.078930
v 0.004659 0.291431 -0.086080
v 0.032071 0.298845 -0.070254
v 0.034296 0.293048 -0.082348
v 0.034930 0.288787 -0.087646
v 0.034353 0.300867 -0.049603
v 0.039064 0.305705 -0.023257
v 0.056944 0.300867 -0.049603
v 0.051422 0.305705 -0.023257
v 0.052608 0.299580 -0.073233
v 0.051610 0.294700 -0.084626
v 0.052727 0.288161 -0.090272
v 0.050403 0.274280 -0.109742
v 0.029200 0.274280 -0.105405
v 0.045415 0.259942 -0.127241
v 0.002142 0.269496 -0.105901
v 0.024674 0.256658 -0.122735
v 0.034541 0.242500 -0.131336
v -0.024338 0.265864 -0.110894
v -0.050059 0.286690 -0.089239
v -0.047051 0.264712 -0.113049
v 0.022129 0.249579 -0.124821
v 0.023703 0.230716 -0.131627
v 0.000466 0.253588 -0.122785
v -0.027971 0.247234 -0.128077
v -0.045415 0.247234 -0.129319
v 0.017570 0.238265 -0.127721
v 0.010675 0.223294 -0.135733
v -0.000299 0.245979 -0.125389
v -0.029089 0.242553 -0.128419
v -0.042721 0.238144 -0.131911
v 0.009186 0.230199 -0.129918
v 0.000000 0.218001 -0.139519
v 0.000903 0.237875 -0.127285
v -0.023052 0.237271 -0.128795
v -0.023703 0.230716 -0.131627
v 0.002111 0.225415 -0.133201
v -0.010675 0.223294 -0.135733
v 0.000903 0.231888 -0.129120
v -0.008564 0.231987 -0.130216
v -0.009935 0.298047 0.041140
v -0.011577 0.300362 0.043357
v -0.012423 0.298634 0.037085
v -0.018233 0.290796 0.041591
v -0.018520 0.289591 0.037930
v -0.027562 0.281387 0.040416
v -0.021489 0.298452 0.036031
v -0.012954 0.306095 0.037124
v -0.027623 0.280380 0.038033
v -0.023044 0.307223 0.036092
v -0.009208 0.316143 0.039524
v -0.024964 0.315871 0.037375
v -0.041079 0.312299 0.029101
v -0.034870 0.292629 0.032261
v -0.039086 0.303556 0.029422
v -0.050025 0.305081 0.027350
v -0.044677 0.288403 0.031456
v -0.062016 0.289186 0.033063
v -0.039549 0.274790 0.037874
v -0.038860 0.274933 0.040643
v -0.055617 0.271632 0.039839
v -0.054973 0.270283 0.043159
v -0.059264 0.283151 0.034459
v -0.074114 0.275810 0.042364
v -0.071486 0.268534 0.044709
v -0.071304 0.268402 0.046603
v -0.072842 0.272347 0.042619
v -0.080363 0.268715 0.048866
v -0.079640 0.269196 0.047043
v 0.022195 0.302147 0.034657
v 0.025946 0.297009 0.037279
v 0.021230 0.298817 0.032753
v 0.023232 0.307733 0.034966
v 0.034249 0.291598 0.041446
v 0.037087 0.303958 0.039599
v 0.023124 0.319515 0.039564
v 0.040154 0.315595 0.040934
v 0.056781 0.311005 0.046497
v 0.045789 0.299658 0.042958
v 0.042454 0.284006 0.044975
v 0.061900 0.287523 0.045236
v 0.066586 0.301786 0.048852
v 0.056283 0.274916 0.045645
v 0.072033 0.288470 0.047846
v 0.069156 0.278650 0.044624
v 0.068802 0.268477 0.044828
v 0.076845 0.265771 0.044564
v -0.009647 0.298517 0.030214
v -0.005642 0.296494 0.028651
v -0.010955 0.297713 0.033730
v -0.005922 0.295189 0.033441
v -0.009935 0.298047 0.041140
v 0.003523 0.296820 0.027240
v 0.003393 0.296477 0.033360
v 0.012848 0.294778 0.032870
v 0.012550 0.296961 0.026575
v 0.021230 0.298817 0.032753
v 0.017700 0.298885 0.041068
v 0.018925 0.298648 0.028358
v 0.025946 0.297009 0.037279
v 0.010761 0.295859 0.040830
v 0.002008 0.296347 0.041024
v -0.005977 0.296035 0.040574
v -0.005955 0.302257 0.045871
v 0.002367 0.302509 0.045863
v 0.010210 0.303626 0.045832
v 0.024682 0.298877 0.040366
v 0.032636 0.289043 0.043917
v 0.034249 0.291598 0.041446
v 0.040806 0.282490 0.047610
v 0.042454 0.284006 0.044975
v 0.055603 0.274370 0.047988
v 0.056283 0.274916 0.045645
v 0.068182 0.267948 0.046057
v 0.068802 0.268477 0.044828
v 0.076533 0.264648 0.046427
v 0.076845 0.265771 0.044564
v 0.068951 0.274450 0.049577
v 0.059904 0.284840 0.050508
v 0.047234 0.294437 0.048413
v 0.071491 0.288868 0.050338
v 0.072033 0.288470 0.047846
v 0.070436 0.283149 0.050662
v 0.065556 0.301969 0.051372
v 0.066586 0.301786 0.048852
v 0.062503 0.297217 0.052502
v 0.055837 0.311782 0.048573
v 0.056781 0.311005 0.046497
v 0.040154 0.315595 0.040934
v 0.052567 0.305057 0.050556
v 0.039675 0.316890 0.043970
v 0.023124 0.319515 0.039564
v 0.036759 0.301336 0.043034
v 0.038925 0.312118 0.045890
v 0.022206 0.318785 0.041904
v 0.022782 0.314078 0.043354
v 0.013340 0.318135 0.041701
v 0.016509 0.319831 0.039751
v 0.015886 0.319012 0.037631
v 0.013657 0.321969 0.038195
v 0.012054 0.319700 0.033554
v 0.015063 0.322960 0.033859
v 0.012280 0.324095 0.034296
v 0.009736 0.323350 0.041035
v 0.002682 0.324433 0.035310
v 0.023509 0.306655 0.040309
v 0.001636 0.323531 0.042521
v -0.003251 0.325274 0.036009
v 0.013985 0.312627 0.043980
v 0.016479 0.306573 0.042267
v 0.009021 0.318251 0.046566
v -0.004701 0.323860 0.042584
v -0.008291 0.325491 0.034369
v -0.009884 0.323409 0.041382
v 0.019913 0.300369 0.040986
v 0.015136 0.306266 0.044786
v 0.009246 0.311864 0.047567
v 0.001222 0.318925 0.048475
v 0.001196 0.311784 0.049037
v -0.005739 0.318356 0.047467
v -0.005970 0.308584 0.047670
v -0.006046 0.313076 0.048149
v -0.010034 0.317061 0.045797
v -0.009993 0.313305 0.046534
v -0.009813 0.315544 0.041415
v -0.009208 0.316143 0.039524
v -0.010246 0.307962 0.046249
v -0.025500 0.315794 0.039474
v -0.024964 0.315871 0.037375
v -0.011524 0.312799 0.043118
v -0.010161 0.303372 0.045379
v -0.040580 0.313391 0.030622
v -0.041079 0.312299 0.029101
v -0.011206 0.306946 0.042549
v -0.011420 0.303606 0.043004
v -0.011577 0.300362 0.043357
v -0.023603 0.311336 0.041078
v -0.050979 0.306384 0.028950
v -0.050025 0.305081 0.027350
v -0.020504 0.297398 0.042459
v -0.018233 0.290796 0.041591
v -0.022259 0.304076 0.041014
v -0.037425 0.307596 0.034379
v -0.031778 0.290210 0.041771
v -0.027562 0.281387 0.040416
v -0.034492 0.298508 0.036988
v -0.042675 0.283737 0.041840
v -0.038860 0.274933 0.040643
v -0.048293 0.300344 0.032327
v -0.045015 0.291279 0.035574
v -0.055032 0.276140 0.044077
v -0.054973 0.270283 0.043159
v -0.071304 0.268402 0.046603
v -0.059429 0.289080 0.037094
v -0.057228 0.283031 0.038646
v -0.072028 0.274179 0.046112
v -0.080363 0.268715 0.048866
v -0.073381 0.277745 0.043836
v -0.074114 0.275810 0.042364
v -0.062016 0.289186 0.033063
v -0.062071 0.292840 0.035068
v -0.009935 0.313644 0.041140
v -0.010955 0.313598 0.033730
v -0.010955 0.297713 0.033730
v -0.009935 0.298047 0.041140
v 0.003523 0.313475 0.027240
v 0.012550 0.313494 0.026575
v 0.012550 0.296961 0.026575
v 0.003523 0.296820 0.027240
v -0.005642 0.313430 0.028651
v 0.003523 0.313475 0.027240
v 0.003523 0.296820 0.027240
v -0.005642 0.296494 0.028651
v -0.010955 0.313598 0.033730
v -0.009647 0.313709 0.030214
v -0.009647 0.298517 0.030214
v -0.010955 0.297713 0.033730
v -0.009647 0.313709 0.030214
v -0.005642 0.313430 0.028651
v -0.005642 0.296494 0.028651
v -0.009647 0.298517 0.030214
v 0.012550 0.313494 0.026575
v 0.018925 0.313727 0.028358
v 0.018925 0.298648 0.028358
v 0.012550 0.296961 0.026575
v 0.018925 0.313727 0.028358
v 0.021230 0.313750 0.032753
v 0.021230 0.298817 0.032753
v 0.018925 0.298648 0.028358
v 0.139492 0.261028 0.020624
v 0.139834 0.257328 0.017386
v 0.147854 0.257831 0.018642
v 0.147425 0.260966 0.021955
v 0.139558 0.265184 0.021557
v 0.151074 0.261209 0.022253
v 0.151843 0.258308 0.019492
v 0.147875 0.265364 0.022657
v 0.139985 0.269543 0.021160
v 0.151511 0.265205 0.023113
v 0.156113 0.264935 0.024976
v 0.155215 0.260838 0.023666
v 0.156098 0.257415 0.020274
v 0.159090 0.259159 0.026471
v 0.160031 0.255462 0.023277
v 0.148349 0.269367 0.021923
v 0.140629 0.273382 0.019567
v 0.151607 0.269488 0.022401
v 0.164111 0.257138 0.029169
v 0.164659 0.253634 0.026295
v 0.148860 0.273014 0.020203
v 0.149504 0.275720 0.015583
v 0.141930 0.276431 0.014134
v 0.143809 0.276582 0.004367
v 0.156535 0.269840 0.023849
v 0.151781 0.273063 0.020659
v 0.159559 0.262145 0.027530
v 0.169931 0.255320 0.031261
v 0.170570 0.251821 0.028902
v 0.172523 0.251086 0.030038
v 0.165453 0.260516 0.030505
v 0.161717 0.265806 0.028166
v 0.156695 0.273686 0.021513
v 0.162081 0.270662 0.026603
v 0.162800 0.274852 0.022882
v 0.172342 0.253921 0.032217
v 0.170770 0.258661 0.032101
v 0.174418 0.252976 0.032897
v 0.174347 0.250413 0.030746
v 0.176077 0.249744 0.031097
v 0.167743 0.264278 0.030360
v 0.173643 0.257718 0.032947
v 0.168510 0.271616 0.027831
v 0.168421 0.266162 0.029995
v 0.173922 0.262996 0.030421
v 0.175898 0.261074 0.030545
v 0.169745 0.275309 0.024331
v 0.176398 0.252298 0.033228
v 0.175881 0.256643 0.033484
v 0.177839 0.259561 0.030204
v 0.177347 0.261983 0.029290
v 0.178434 0.260593 0.028537
v 0.177754 0.255322 0.033810
v 0.179515 0.254260 0.033983
v 0.179438 0.257141 0.031733
v 0.181042 0.256174 0.032323
v 0.183115 0.255339 0.032960
v 0.178254 0.251405 0.033400
v 0.177849 0.248907 0.031474
v 0.175141 0.265804 0.030102
v 0.180975 0.264461 0.029155
v 0.180472 0.250348 0.033786
v 0.180089 0.247877 0.032021
v 0.183246 0.247239 0.032198
v 0.181627 0.253175 0.034499
v 0.183347 0.249246 0.033617
v 0.186141 0.246791 0.032616
v 0.184347 0.251729 0.034081
v 0.185573 0.253504 0.033909
v 0.186282 0.248095 0.033306
v 0.187779 0.247965 0.032281
v 0.186975 0.249449 0.033867
v 0.188087 0.250498 0.033605
v 0.207475 0.245312 0.013310
v 0.206756 0.245714 0.014992
v 0.207160 0.245046 0.012371
v 0.206372 0.244978 0.013611
v 0.206031 0.245038 0.011845
v 0.206926 0.245460 0.011195
v 0.205878 0.245725 0.010717
v 0.202980 0.247907 0.009724
v 0.201912 0.246107 0.011626
v 0.201258 0.249301 0.009820
v 0.202393 0.246115 0.015000
v 0.200207 0.247433 0.011644
v 0.200152 0.251503 0.009733
v 0.203340 0.248592 0.017131
v 0.204324 0.250455 0.017151
v 0.198861 0.248951 0.011867
v 0.199014 0.252337 0.009784
v 0.199952 0.247724 0.015038
v 0.201321 0.250480 0.017940
v 0.202589 0.252068 0.018021
v 0.197951 0.250556 0.012179
v 0.196439 0.254011 0.009895
v 0.198970 0.248694 0.015114
v 0.200106 0.251788 0.018150
v 0.201248 0.253241 0.018339
v 0.195600 0.252000 0.011842
v 0.194470 0.255535 0.010172
v 0.198019 0.250203 0.015014
v 0.199094 0.252746 0.018271
v 0.200347 0.254716 0.018488
v 0.193851 0.253388 0.011759
v 0.192772 0.257358 0.009976
v 0.195774 0.251791 0.015250
v 0.196604 0.254371 0.018602
v 0.197496 0.257308 0.018693
v 0.194118 0.252902 0.015265
v 0.195275 0.255784 0.018499
v 0.195311 0.258877 0.018969
v 0.192378 0.255381 0.012100
v 0.192836 0.255279 0.015725
v 0.193493 0.257943 0.018760
v 0.193318 0.261287 0.019076
v 0.183764 0.261669 0.011821
v 0.187061 0.261857 0.009132
v 0.184919 0.261941 0.019164
v 0.189100 0.265413 0.019345
v 0.183625 0.260800 0.015612
v 0.193580 0.259003 0.020401
v 0.181998 0.259986 0.020984
v 0.194669 0.262326 0.019874
v 0.181108 0.259388 0.016683
v 0.181407 0.260646 0.011020
v 0.184320 0.262694 0.009540
v 0.195950 0.257750 0.020962
v 0.196954 0.260807 0.020272
v 0.177907 0.258443 0.017832
v 0.198158 0.256447 0.020901
v 0.198991 0.259211 0.020400
v 0.200178 0.255533 0.021170
v 0.201587 0.257564 0.020540
v 0.197300 0.255232 0.022835
v 0.194895 0.256724 0.022917
v 0.202154 0.255601 0.021311
v 0.203315 0.256289 0.020885
v 0.192280 0.257614 0.022651
v 0.199454 0.254433 0.023127
v 0.203481 0.253792 0.021426
v 0.204804 0.254836 0.020780
v 0.201373 0.254180 0.023197
v 0.206786 0.251029 0.021910
v 0.207106 0.252153 0.021125
v 0.209225 0.250866 0.022268
v 0.202857 0.252259 0.023428
v 0.208695 0.250259 0.022902
v 0.209735 0.250282 0.023901
v 0.206755 0.250041 0.023814
v 0.202740 0.251945 0.025480
v 0.201084 0.253643 0.025553
v 0.208679 0.249935 0.023821
v 0.208573 0.249843 0.025216
v 0.209603 0.250360 0.025903
v 0.207562 0.250808 0.027508
v 0.206615 0.250036 0.025489
v 0.202777 0.252851 0.027869
v 0.201453 0.254414 0.028115
v 0.198988 0.254309 0.025528
v 0.199848 0.255119 0.028252
v 0.196893 0.255285 0.025513
v 0.197362 0.256602 0.028637
v 0.194798 0.256654 0.025574
v 0.195625 0.257628 0.028498
v 0.192498 0.258090 0.025593
v 0.193125 0.259781 0.028268
v 0.184096 0.260729 0.025838
v 0.185501 0.263037 0.028667
v 0.179462 0.258947 0.025111
v 0.180148 0.261288 0.027372
v 0.180975 0.264461 0.029155
v 0.177347 0.261983 0.029290
v 0.178434 0.260593 0.028537
v 0.179284 0.258225 0.027183
v 0.178623 0.256464 0.023820
v 0.179673 0.257428 0.028524
v 0.177839 0.259561 0.030204
v 0.179438 0.257141 0.031733
v 0.179868 0.255232 0.026705
v 0.180385 0.256451 0.029500
v 0.181878 0.255774 0.029736
v 0.181042 0.256174 0.032323
v 0.179396 0.255724 0.025554
v 0.180583 0.254819 0.027486
v 0.183971 0.255268 0.030067
v 0.183115 0.255339 0.032960
v 0.185573 0.253504 0.033909
v 0.186483 0.254000 0.030875
v 0.188087 0.250498 0.033605
v 0.184107 0.253396 0.027453
v 0.188345 0.250705 0.031568
v 0.187779 0.247965 0.032281
v 0.186467 0.252006 0.028328
v 0.182097 0.254142 0.027298
v 0.183242 0.250524 0.026451
v 0.187923 0.249668 0.030077
v 0.181289 0.251470 0.026086
v 0.185520 0.249407 0.027557
v 0.187209 0.248203 0.029627
v 0.181879 0.248117 0.027297
v 0.179815 0.252275 0.026018
v 0.184366 0.247345 0.028473
v 0.186692 0.247066 0.030251
v 0.179846 0.249002 0.026626
v 0.178615 0.252865 0.025818
v 0.186247 0.246276 0.031498
v 0.186141 0.246791 0.032616
v 0.183246 0.247239 0.032198
v 0.183606 0.246208 0.030388
v 0.180089 0.247877 0.032021
v 0.180693 0.247053 0.029429
v 0.178477 0.247878 0.028744
v 0.177849 0.248907 0.031474
v 0.178283 0.249879 0.026290
v 0.176781 0.248632 0.028251
v 0.175400 0.249405 0.027801
v 0.176077 0.249744 0.031097
v 0.174347 0.250413 0.030746
v 0.172523 0.251086 0.030038
v 0.176906 0.250518 0.026189
v 0.174166 0.250205 0.026918
v 0.170570 0.251821 0.028902
v 0.177717 0.253086 0.024450
v 0.175675 0.251063 0.025574
v 0.176655 0.253421 0.022773
v 0.174104 0.251478 0.024109
v 0.172278 0.250823 0.025713
v 0.172106 0.254285 0.018211
v 0.166846 0.251943 0.023147
v 0.164659 0.253634 0.026295
v 0.160031 0.255462 0.023277
v 0.169562 0.252153 0.020288
v 0.162029 0.254046 0.020495
v 0.156098 0.257415 0.020274
v 0.163425 0.255461 0.016343
v 0.175327 0.256763 0.018600
v 0.156883 0.257133 0.014568
v 0.164542 0.257769 0.013428
v 0.177115 0.259236 0.009809
v 0.152616 0.257197 0.014400
v 0.151843 0.258308 0.019492
v 0.171802 0.258817 0.009877
v 0.177457 0.259956 0.001439
v 0.182938 0.260644 0.006044
v 0.148582 0.256920 0.013700
v 0.147854 0.257831 0.018642
v 0.139834 0.257328 0.017386
v 0.140675 0.256408 0.012050
v 0.149943 0.257587 0.007034
v 0.141798 0.257252 0.005362
v 0.153837 0.257768 0.007629
v 0.151038 0.259125 0.001070
v 0.142874 0.259299 -0.000656
v 0.158019 0.258017 0.008325
v 0.154803 0.259082 0.001585
v 0.151252 0.261518 -0.002719
v 0.143546 0.261798 -0.004141
v 0.164965 0.259089 0.009259
v 0.165393 0.258620 0.003052
v 0.158917 0.258718 0.002426
v 0.159607 0.260636 -0.001215
v 0.155254 0.261421 -0.001865
v 0.151755 0.265437 -0.003460
v 0.144067 0.266097 -0.005589
v 0.155584 0.265259 -0.002525
v 0.151891 0.269710 -0.002221
v 0.144471 0.270854 -0.004551
v 0.144556 0.273825 -0.001944
v 0.151910 0.272682 0.000215
v 0.155711 0.269319 -0.001206
v 0.151201 0.275678 0.006146
v 0.155340 0.272417 0.001106
v 0.160121 0.265107 -0.003323
v 0.154569 0.275476 0.006899
v 0.160728 0.270543 -0.002661
v 0.152777 0.275544 0.016272
v 0.160864 0.274721 0.001051
v 0.157790 0.276185 0.016075
v 0.159386 0.276373 0.007535
v 0.163905 0.277271 0.016968
v 0.166410 0.276299 0.001407
v 0.165352 0.277763 0.008366
v 0.170870 0.277674 0.018313
v 0.172533 0.278321 0.009037
v 0.172740 0.276956 0.002839
v 0.166466 0.273340 -0.003458
v 0.166556 0.271118 -0.005166
v 0.173892 0.275029 -0.001192
v 0.166837 0.266985 -0.006674
v 0.179670 0.276334 0.003818
v 0.180226 0.273018 -0.000705
v 0.173770 0.270918 -0.006017
v 0.166815 0.261818 -0.005187
v 0.173366 0.266442 -0.007793
v 0.165911 0.259741 -0.002656
v 0.173228 0.261511 -0.006569
v 0.172980 0.259643 -0.003835
v 0.179569 0.277351 0.007762
v 0.186219 0.272912 0.004142
v 0.178928 0.277721 0.012024
v 0.185914 0.273512 0.008598
v 0.186906 0.268727 0.008592
v 0.189452 0.270319 0.003896
v 0.184716 0.269701 0.000414
v 0.176916 0.260487 -0.007034
v 0.176790 0.257674 -0.004918
v 0.179786 0.255932 -0.006386
v 0.177920 0.264866 -0.007826
v 0.178820 0.269831 -0.005197
v 0.182977 0.266067 0.000431
v 0.184339 0.265586 -0.002971
v 0.183352 0.264882 -0.005818
v 0.181353 0.262067 -0.007725
v 0.180031 0.258537 -0.007487
v 0.181541 0.257307 -0.007758
v 0.183008 0.260366 -0.007704
v 0.184915 0.262681 -0.005953
v 0.185835 0.263122 -0.003640
v 0.187341 0.267376 0.000496
v 0.186695 0.260015 -0.006470
v 0.184974 0.262305 -0.001175
v 0.185397 0.264310 0.000504
v 0.187585 0.260617 -0.004456
v 0.187016 0.260099 -0.002232
v 0.188604 0.254911 -0.002701
v 0.189193 0.255437 -0.005021
v 0.189163 0.253085 -0.002867
v 0.184652 0.258525 -0.007925
v 0.192381 0.263205 0.000323
v 0.189989 0.261013 0.000497
v 0.191831 0.259114 0.000758
v 0.188367 0.255135 -0.006883
v 0.189691 0.253592 -0.005215
v 0.189332 0.251527 -0.002872
v 0.195428 0.265093 0.003571
v 0.194195 0.261623 0.000378
v 0.193456 0.257177 0.000876
v 0.190000 0.251849 -0.005239
v 0.189519 0.250033 -0.003029
v 0.189015 0.253237 -0.006957
v 0.194111 0.264595 0.007187
v 0.196201 0.259523 0.000595
v 0.195473 0.252736 0.001470
v 0.197107 0.263247 0.003531
v 0.189925 0.250281 -0.005170
v 0.189546 0.249156 -0.002984
v 0.198242 0.254980 0.000994
v 0.196596 0.250842 0.001967
v 0.198407 0.260996 0.003541
v 0.199300 0.252922 0.001260
v 0.197657 0.248840 0.002084
v 0.195917 0.262502 0.007277
v 0.200128 0.256884 0.003683
v 0.200023 0.250707 0.001708
v 0.198857 0.246306 0.002456
v 0.197457 0.260454 0.007085
v 0.201150 0.254751 0.003804
v 0.199932 0.256828 0.007023
v 0.193383 0.259868 0.009212
v 0.191304 0.261923 0.009052
v 0.195185 0.257523 0.009587
v 0.196860 0.254668 0.009565
v 0.197862 0.253245 0.009419
v 0.187061 0.261857 0.009132
v 0.200944 0.254743 0.007083
v 0.199120 0.251196 0.009381
v 0.201812 0.252253 0.004025
v 0.201531 0.252391 0.006979
v 0.200435 0.247909 0.002140
v 0.202341 0.248903 0.006801
v 0.201002 0.247222 0.008833
v 0.202168 0.249140 0.004131
v 0.202093 0.244288 0.006478
v 0.201706 0.244918 0.007969
v 0.201223 0.244696 0.003524
v 0.200640 0.243533 0.004348
v 0.201824 0.244355 0.004831
v 0.200880 0.243399 0.006167
v 0.200801 0.243863 0.007596
v 0.200801 0.243863 0.007596
v 0.201706 0.244918 0.007969
v 0.201002 0.247222 0.008833
v 0.198771 0.245768 0.008488
v 0.200880 0.243399 0.006167
v 0.197046 0.249310 0.008987
v 0.199120 0.251196 0.009381
v 0.197862 0.253245 0.009419
v 0.197783 0.244762 0.006790
v 0.200640 0.243533 0.004348
v 0.195861 0.247579 0.006733
v 0.197829 0.244928 0.003871
v 0.198857 0.246306 0.002456
v 0.197657 0.248840 0.002084
v 0.196125 0.247321 0.003811
v 0.196596 0.250842 0.001967
v 0.195624 0.249807 0.003643
v 0.195473 0.252736 0.001470
v 0.195296 0.250163 0.006208
v 0.194300 0.251336 0.003440
v 0.193456 0.257177 0.000876
v 0.196336 0.251382 0.008669
v 0.191148 0.254720 0.003143
v 0.191831 0.259114 0.000758
v 0.194051 0.251612 0.006198
v 0.195088 0.253024 0.008956
v 0.196860 0.254668 0.009565
v 0.189905 0.256420 0.002907
v 0.189989 0.261013 0.000497
v 0.191098 0.254381 0.005981
v 0.192642 0.255947 0.008955
v 0.195185 0.257523 0.009587
v 0.189721 0.256133 0.005821
v 0.191211 0.257665 0.008618
v 0.193383 0.259868 0.009212
v 0.187871 0.257761 0.002971
v 0.188055 0.256973 0.005925
v 0.189889 0.259002 0.008708
v 0.191304 0.261923 0.009052
v 0.186029 0.262437 0.008943
v 0.184575 0.259168 0.006058
v 0.183962 0.260234 0.002570
v 0.185397 0.264310 0.000504
v 0.181733 0.261328 0.002305
v 0.182977 0.266067 0.000431
v 0.180555 0.261939 0.001517
v 0.184974 0.262305 -0.001175
v 0.183015 0.260732 0.000209
v 0.187016 0.260099 -0.002232
v 0.184496 0.258678 -0.000605
v 0.186751 0.254284 -0.001654
v 0.188604 0.254911 -0.002701
v 0.187605 0.252734 -0.001883
v 0.189163 0.253085 -0.002867
v 0.188230 0.251214 -0.002180
v 0.189332 0.251527 -0.002872
v 0.188384 0.249900 -0.002151
v 0.189519 0.250033 -0.003029
v 0.188441 0.248949 -0.002161
v 0.189546 0.249156 -0.002984
v 0.189186 0.244939 -0.003613
v 0.188433 0.244907 -0.003267
v 0.188028 0.243980 -0.005235
v 0.186808 0.248724 -0.002077
v 0.186842 0.249610 -0.002049
v 0.186641 0.250702 -0.002165
v 0.185513 0.252161 -0.001738
v 0.187498 0.244773 -0.003451
v 0.184684 0.248302 -0.003820
v 0.184588 0.249244 -0.003817
v 0.186580 0.244549 -0.004480
v 0.186327 0.244726 -0.005969
v 0.186874 0.244958 -0.006873
v 0.185838 0.248306 -0.007753
v 0.184343 0.248113 -0.006298
v 0.184562 0.249916 -0.003863
v 0.184037 0.249182 -0.006158
v 0.183464 0.251334 -0.003390
v 0.183889 0.250022 -0.006197
v 0.185374 0.249178 -0.007690
v 0.185007 0.249982 -0.007631
v 0.187299 0.248968 -0.008112
v 0.186880 0.250382 -0.008255
v 0.187380 0.248572 -0.008066
v 0.186874 0.244958 -0.006873
v 0.188373 0.249613 -0.007707
v 0.187657 0.244997 -0.007132
v 0.188028 0.243980 -0.005235
v 0.188525 0.245069 -0.006508
v 0.188472 0.248904 -0.007662
v 0.189608 0.249183 -0.006441
v 0.189128 0.245112 -0.005751
v 0.189460 0.245050 -0.004790
v 0.189186 0.244939 -0.003613
v 0.190018 0.249246 -0.005197
v 0.189457 0.250117 -0.006530
v 0.188110 0.251121 -0.007939
v 0.189355 0.251597 -0.006809
v 0.186273 0.251469 -0.008371
v 0.187714 0.252520 -0.008205
v 0.187005 0.254505 -0.008167
v 0.185067 0.253604 -0.008521
v 0.182837 0.256161 -0.008205
v 0.184600 0.250844 -0.007632
v 0.183627 0.252388 -0.007784
v 0.182558 0.251509 -0.005991
v 0.181977 0.253918 -0.007320
v 0.180939 0.255148 -0.006855
v 0.181621 0.252450 -0.005883
v 0.182209 0.252424 -0.003308
v 0.180566 0.253990 -0.005459
v 0.184764 0.253669 -0.001506
v 0.181391 0.253746 -0.003146
v 0.183905 0.255067 -0.001394
v 0.180748 0.254840 -0.003136
v 0.182847 0.255890 -0.001074
v 0.177510 0.256873 -0.002637
v 0.179792 0.258088 0.000078
v 0.173076 0.258763 -0.001140
v 0.173169 0.259290 0.002722
v -0.176005 0.270275 0.029026
v -0.175912 0.275181 0.024949
v -0.181350 0.269035 0.029160
v -0.177365 0.276859 0.020292
v -0.182327 0.273191 0.026189
v -0.186309 0.267517 0.029064
v -0.185501 0.263037 0.028667
v -0.178120 0.277268 0.016866
v -0.183481 0.274600 0.021406
v -0.186891 0.271428 0.026391
v -0.194625 0.263791 0.029202
v -0.193125 0.259781 0.028268
v -0.185576 0.275241 0.012876
v -0.184198 0.274254 0.017782
v -0.187750 0.270549 0.019505
v -0.187899 0.272106 0.022281
v -0.196254 0.266486 0.027108
v -0.197106 0.267150 0.023337
v -0.196787 0.261828 0.029351
v -0.195625 0.257628 0.028498
v -0.188131 0.270656 0.017895
v -0.198331 0.264947 0.027198
v -0.198968 0.260257 0.029368
v -0.197362 0.256602 0.028637
v -0.199195 0.265602 0.023525
v -0.200531 0.263342 0.027037
v -0.201938 0.258358 0.029318
v -0.199848 0.255119 0.028252
v -0.190462 0.271809 0.013817
v -0.189226 0.270562 0.009377
v -0.196765 0.266087 0.014189
v -0.195798 0.264951 0.009591
v -0.201164 0.263862 0.023460
v -0.204106 0.260628 0.026917
v -0.203555 0.256711 0.029204
v -0.201453 0.254414 0.028115
v -0.194035 0.261539 0.008830
v -0.192772 0.257358 0.009976
v -0.196185 0.259665 0.008962
v -0.194470 0.255535 0.010172
v -0.198213 0.262830 0.009593
v -0.198202 0.257538 0.009045
v -0.196439 0.254011 0.009895
v -0.199622 0.255943 0.009166
v -0.199014 0.252337 0.009784
v -0.199723 0.261053 0.009631
v -0.199308 0.264160 0.014275
v -0.200590 0.254491 0.009219
v -0.200152 0.251503 0.009733
v -0.201258 0.249301 0.009820
v -0.201783 0.257987 0.010121
v -0.194820 0.263582 0.018092
v -0.200808 0.262595 0.014165
v -0.189100 0.265413 0.019345
v -0.193318 0.261287 0.019076
v -0.194669 0.262326 0.019874
v -0.197350 0.261260 0.018089
v -0.195311 0.258877 0.018969
v -0.195975 0.265910 0.020644
v -0.196954 0.260807 0.020272
v -0.198984 0.259576 0.017931
v -0.197496 0.257308 0.018693
v -0.198165 0.264168 0.020807
v -0.198991 0.259211 0.020400
v -0.200114 0.262435 0.020986
v -0.201587 0.257564 0.020540
v -0.203249 0.259618 0.021158
v -0.203315 0.256289 0.020885
v -0.202848 0.259120 0.014080
v -0.201119 0.256729 0.017779
v -0.200347 0.254716 0.018488
v -0.204336 0.261130 0.023395
v -0.204371 0.258227 0.021130
v -0.204804 0.254836 0.020780
v -0.202771 0.256550 0.010192
v -0.203704 0.257608 0.013936
v -0.202366 0.255509 0.017591
v -0.201248 0.253241 0.018339
v -0.205553 0.259835 0.023177
v -0.205944 0.256747 0.021107
v -0.207106 0.252153 0.021125
v -0.201805 0.252664 0.009353
v -0.204049 0.255039 0.010446
v -0.203682 0.249751 0.009361
v -0.202980 0.247907 0.009724
v -0.205878 0.245725 0.010717
v -0.205416 0.259314 0.026739
v -0.204718 0.255774 0.013916
v -0.204920 0.252255 0.010838
v -0.206335 0.246205 0.010229
v -0.206926 0.245460 0.011195
v -0.206879 0.246758 0.011291
v -0.207160 0.245046 0.012371
v -0.207369 0.246814 0.013269
v -0.207475 0.245312 0.013310
v -0.203779 0.254073 0.017097
v -0.202589 0.252068 0.018021
v -0.205517 0.252725 0.013587
v -0.205354 0.251830 0.015845
v -0.204324 0.250455 0.017151
v -0.207415 0.246259 0.014777
v -0.206756 0.245714 0.014992
v -0.206884 0.258261 0.023047
v -0.206822 0.257715 0.026547
v -0.208149 0.254351 0.021131
v -0.205287 0.255458 0.028873
v -0.202777 0.252851 0.027869
v -0.209471 0.254846 0.022884
v -0.209946 0.251446 0.022262
v -0.209225 0.250866 0.022268
v -0.209735 0.250282 0.023901
v -0.210599 0.251480 0.023455
v -0.208552 0.252665 0.027952
v -0.207562 0.250808 0.027508
v -0.209603 0.250360 0.025903
v -0.209416 0.254315 0.025902
v -0.210487 0.251144 0.025128
v -0.210067 0.250760 0.025910
v 0.176005 0.270275 0.029026
v 0.181350 0.269035 0.029160
v 0.175912 0.275181 0.024949
v 0.182327 0.273191 0.026189
v 0.186309 0.267517 0.029064
v 0.185501 0.263037 0.028667
v 0.177365 0.276859 0.020292
v 0.183481 0.274600 0.021406
v 0.186891 0.271428 0.026391
v 0.194625 0.263791 0.029202
v 0.193125 0.259781 0.028268
v 0.178120 0.277268 0.016866
v 0.184198 0.274254 0.017782
v 0.187750 0.270549 0.019505
v 0.187899 0.272106 0.022281
v 0.185576 0.275241 0.012876
v 0.196254 0.266486 0.027108
v 0.197106 0.267150 0.023337
v 0.188131 0.270656 0.017895
v 0.190462 0.271809 0.013817
v 0.189226 0.270562 0.009377
v 0.196765 0.266087 0.014189
v 0.195798 0.264951 0.009591
v 0.194035 0.261539 0.008830
v 0.192772 0.257358 0.009976
v 0.196185 0.259665 0.008962
v 0.194470 0.255535 0.010172
v 0.198213 0.262830 0.009593
v 0.198202 0.257538 0.009045
v 0.196439 0.254011 0.009895
v 0.199622 0.255943 0.009166
v 0.199014 0.252337 0.009784
v 0.199723 0.261053 0.009631
v 0.199308 0.264160 0.014275
v 0.200590 0.254491 0.009219
v 0.200152 0.251503 0.009733
v 0.201258 0.249301 0.009820
v 0.201783 0.257987 0.010121
v 0.194820 0.263582 0.018092
v 0.200808 0.262595 0.014165
v 0.189100 0.265413 0.019345
v 0.193318 0.261287 0.019076
v 0.194669 0.262326 0.019874
v 0.197350 0.261260 0.018089
v 0.195311 0.258877 0.018969
v 0.195975 0.265910 0.020644
v 0.196954 0.260807 0.020272
v 0.198984 0.259576 0.017931
v 0.197496 0.257308 0.018693
v 0.198165 0.264168 0.020807
v 0.198991 0.259211 0.020400
v 0.202848 0.259120 0.014080
v 0.201119 0.256729 0.017779
v 0.200347 0.254716 0.018488
v 0.199195 0.265602 0.023525
v 0.200114 0.262435 0.020986
v 0.201587 0.257564 0.020540
v 0.202771 0.256550 0.010192
v 0.203704 0.257608 0.013936
v 0.202366 0.255509 0.017591
v 0.201248 0.253241 0.018339
v 0.198331 0.264947 0.027198
v 0.201164 0.263862 0.023460
v 0.203249 0.259618 0.021158
v 0.203315 0.256289 0.020885
v 0.203779 0.254073 0.017097
v 0.202589 0.252068 0.018021
v 0.204718 0.255774 0.013916
v 0.196787 0.261828 0.029351
v 0.195625 0.257628 0.028498
v 0.200531 0.263342 0.027037
v 0.198968 0.260257 0.029368
v 0.197362 0.256602 0.028637
v 0.205354 0.251830 0.015845
v 0.204324 0.250455 0.017151
v 0.204336 0.261130 0.023395
v 0.201938 0.258358 0.029318
v 0.199848 0.255119 0.028252
v 0.204106 0.260628 0.026917
v 0.204371 0.258227 0.021130
v 0.204804 0.254836 0.020780
v 0.203555 0.256711 0.029204
v 0.201453 0.254414 0.028115
v 0.205416 0.259314 0.026739
v 0.205553 0.259835 0.023177
v 0.205944 0.256747 0.021107
v 0.207106 0.252153 0.021125
v 0.205287 0.255458 0.028873
v 0.202777 0.252851 0.027869
v 0.206822 0.257715 0.026547
v 0.206884 0.258261 0.023047
v 0.208149 0.254351 0.021131
v 0.208552 0.252665 0.027952
v 0.207562 0.250808 0.027508
v 0.209603 0.250360 0.025903
v 0.209416 0.254315 0.025902
v 0.209471 0.254846 0.022884
v 0.209946 0.251446 0.022262
v 0.209225 0.250866 0.022268
v 0.209735 0.250282 0.023901
v 0.210599 0.251480 0.023455
v 0.210487 0.251144 0.025128
v 0.210067 0.250760 0.025910
v 0.201805 0.252664 0.009353
v 0.204049 0.255039 0.010446
v 0.203682 0.249751 0.009361
v 0.202980 0.247907 0.009724
v 0.205878 0.245725 0.010717
v 0.204920 0.252255 0.010838
v 0.206335 0.246205 0.010229
v 0.206926 0.245460 0.011195
v 0.206879 0.246758 0.011291
v 0.207160 0.245046 0.012371
v 0.207369 0.246814 0.013269
v 0.207475 0.245312 0.013310
v 0.205517 0.252725 0.013587
v 0.207415 0.246259 0.014777
v 0.206756 0.245714 0.014992
v -0.154514 0.263032 0.026486
v -0.144491 0.265297 0.011792
v -0.154864 0.258725 0.023375
v -0.156319 0.254873 0.018630
v -0.155061 0.268864 0.026189
v -0.158321 0.253792 0.013373
v -0.156468 0.273228 0.023245
v -0.159628 0.255389 0.008003
v -0.158950 0.277022 0.016219
v -0.160847 0.258269 0.002665
v -0.160664 0.277186 0.009783
v -0.161788 0.261402 -0.000734
v -0.162485 0.275685 0.003079
v -0.162760 0.265349 -0.003103
v -0.163371 0.271341 -0.002116
v 0.154537 0.257918 0.025393
v 0.140549 0.264611 0.012053
v 0.154181 0.263310 0.028300
v 0.154791 0.269235 0.027238
v 0.155570 0.253513 0.019167
v 0.155979 0.273655 0.023852
v 0.156891 0.253428 0.013669
v 0.157834 0.277485 0.016524
v 0.157735 0.254141 0.008158
v 0.159176 0.277370 0.009855
v 0.158579 0.257413 0.001899
v 0.160522 0.276088 0.002903
v 0.159470 0.261579 -0.002082
v 0.161249 0.271665 -0.002443
v 0.160403 0.265581 -0.003694
v -0.060437 -0.001118 0.034070
v -0.073174 -0.002154 0.030232
v -0.073453 -0.002929 0.018334
v -0.047598 -0.001355 0.027920
v -0.070538 0.001036 0.040190
v -0.073158 -0.001738 0.009019
v -0.061263 0.001045 0.043915
v -0.062166 0.004115 0.051227
v -0.052340 0.006645 0.058276
v -0.038359 0.001209 0.042017
v -0.041221 0.002992 0.051344
v -0.039260 0.007480 0.061553
v -0.028185 0.005548 0.056515
v -0.019940 0.002905 0.046189
v -0.015805 0.000434 0.036644
v -0.012893 -0.000315 0.027840
v -0.044771 -0.002275 0.017927
v -0.011539 0.000528 0.020819
v -0.042726 -0.000235 0.009529
v -0.071824 0.001025 0.001256
v -0.069577 0.003319 -0.006274
v -0.010667 0.004814 0.008911
v -0.040310 0.003044 0.000735
v -0.067657 0.005655 -0.013734
v -0.038442 0.005373 -0.006623
v -0.010358 0.007324 0.001021
v -0.064381 0.003657 -0.024193
v -0.009245 0.008120 -0.008093
v -0.036500 0.004223 -0.017589
v -0.061425 0.001817 -0.033590
v -0.034542 0.002525 -0.027869
v -0.007651 0.003732 -0.021124
v -0.058414 0.001642 -0.041022
v -0.006124 0.003752 -0.031886
v -0.033566 0.002579 -0.036338
v -0.053646 0.003020 -0.050464
v -0.031656 0.003370 -0.048136
v -0.007576 0.004718 -0.044560
v -0.045860 0.003929 -0.057167
v -0.023056 0.004764 -0.055955
v -0.013670 0.006040 -0.054135
v -0.023406 0.006044 -0.059937
v -0.035628 0.005379 -0.061165
v -0.037337 0.003915 -0.057937
v 0.073174 -0.002154 0.030232
v 0.060437 -0.001118 0.034070
v 0.073453 -0.002929 0.018334
v 0.047598 -0.001355 0.027920
v 0.070538 0.001036 0.040190
v 0.073158 -0.001738 0.009019
v 0.061263 0.001045 0.043915
v 0.062166 0.004115 0.051227
v 0.052340 0.006645 0.058276
v 0.038359 0.001209 0.042017
v 0.041221 0.002992 0.051344
v 0.039260 0.007480 0.061553
v 0.028185 0.005548 0.056515
v 0.019940 0.002905 0.046189
v 0.015805 0.000434 0.036644
v 0.012893 -0.000315 0.027840
v 0.044771 -0.002275 0.017927
v 0.011539 0.000528 0.020819
v 0.042726 -0.000235 0.009529
v 0.071824 0.001025 0.001256
v 0.069577 0.003319 -0.006274
v 0.010667 0.004814 0.008911
v 0.040310 0.003044 0.000735
v 0.067657 0.005655 -0.013734
v 0.038442 0.005373 -0.006623
v 0.010358 0.007324 0.001021
v 0.064381 0.003657 -0.024193
v 0.009245 0.008120 -0.008093
v 0.036500 0.004223 -0.017589
v 0.061425 0.001817 -0.033590
v 0.034542 0.002525 -0.027869
v 0.007651 0.003732 -0.021124
v 0.058414 0.001642 -0.041022
v 0.006124 0.003752 -0.031886
v 0.033566 0.002579 -0.036338
v 0.053646 0.003020 -0.050464
v 0.031656 0.003370 -0.048136
v 0.007576 0.004718 -0.044560
v 0.045860 0.003929 -0.057167
v 0.023056 0.004764 -0.055955
v 0.013670 0.006040 -0.054135
v 0.023406 0.006044 -0.059937
v 0.035628 0.005379 -0.061165
v 0.037337 0.003915 -0.057937
v -0.012354 0.035159 0.045376
v -0.000030 0.034709 0.046227
v 0.000000 0.034533 0.050946
v -0.013160 0.035014 0.050038
v 0.014118 0.034606 0.050784
v -0.027400 0.036714 0.042811
v -0.029225 0.036674 0.047299
v 0.013193 0.034777 0.046075
v 0.030859 0.036077 0.046888
v -0.042353 0.039749 0.036296
v -0.045190 0.039915 0.040342
v 0.028872 0.036155 0.042427
v 0.044995 0.038005 0.039953
v -0.056099 0.041544 0.026201
v -0.059867 0.041831 0.029564
v 0.042112 0.037960 0.035932
v 0.059124 0.038600 0.029443
v -0.068692 0.041025 0.009332
v -0.073313 0.041277 0.011552
v 0.055344 0.038518 0.026088
v 0.072209 0.037924 0.011372
v -0.076960 0.041889 -0.011850
v -0.082141 0.042199 -0.011065
v 0.067599 0.037885 0.009163
v 0.083198 0.038082 -0.011039
v -0.081551 0.044924 -0.030179
v -0.087043 0.045440 -0.030635
v 0.077892 0.038032 -0.011826
v 0.085700 0.041231 -0.030489
v -0.075503 0.044203 -0.047643
v -0.080585 0.044670 -0.049281
v 0.080235 0.040982 -0.030042
v 0.075132 0.040791 -0.045617
v -0.064518 0.039856 -0.059868
v -0.068857 0.040029 -0.062334
v 0.070337 0.040569 -0.044211
v 0.066107 0.038732 -0.059702
v -0.054449 0.036676 -0.072801
v -0.058105 0.036634 -0.076143
v 0.061885 0.038641 -0.057403
v 0.055831 0.035412 -0.074129
v -0.039996 0.034166 -0.080533
v -0.042674 0.033954 -0.084399
v 0.052260 0.035532 -0.070915
v 0.041894 0.033408 -0.080490
v -0.025487 0.032170 -0.084035
v -0.027182 0.031822 -0.088139
v 0.039207 0.033655 -0.076872
v 0.025547 0.034173 -0.087071
v -0.012658 0.030964 -0.087777
v -0.013484 0.030535 -0.092133
v 0.023897 0.034372 -0.083036
v 0.013203 0.033283 -0.090462
v -0.000030 0.030178 -0.087316
v -0.000001 0.029696 -0.091641
v 0.012336 0.033538 -0.086211
v -0.022697 0.054317 -0.074355
v -0.011298 0.053745 -0.077598
v -0.000078 0.053372 -0.077199
v 0.010910 0.054967 -0.076241
v 0.021182 0.055363 -0.073489
v 0.034785 0.055023 -0.068147
v -0.035589 0.055265 -0.071320
v 0.046383 0.055913 -0.062984
v -0.048431 0.056456 -0.064619
v 0.054935 0.057389 -0.051274
v -0.057378 0.057966 -0.053410
v 0.062445 0.058304 -0.039841
v -0.067137 0.060029 -0.042815
v 0.071239 0.058500 -0.027561
v -0.072511 0.060371 -0.027680
v 0.069157 0.057100 -0.011774
v -0.068433 0.058931 -0.011795
v 0.060012 0.057030 0.006417
v -0.061086 0.058521 0.006563
v 0.049124 0.057331 0.021085
v -0.049896 0.058767 0.021183
v 0.037366 0.057066 0.029616
v -0.037683 0.057915 0.029932
v 0.025603 0.056209 0.035245
v -0.024397 0.056474 0.035579
v 0.011671 0.055555 0.038407
v -0.011028 0.055737 0.037802
v -0.000078 0.055523 0.038539
v -0.033013 0.077646 0.023568
v -0.021394 0.075856 0.028346
v -0.009703 0.074940 0.030227
v -0.000126 0.074674 0.030851
v 0.010149 0.074715 0.030740
v 0.022333 0.075527 0.028064
v -0.043694 0.078704 0.016165
v 0.032620 0.076591 0.023301
v -0.053480 0.078398 0.003794
v 0.042903 0.076920 0.016082
v -0.059905 0.078907 -0.011739
v 0.052425 0.076547 0.003671
v -0.063472 0.080697 -0.025180
v 0.060423 0.076634 -0.011722
v -0.058772 0.080272 -0.037987
v 0.062244 0.078373 -0.025080
v -0.050237 0.077709 -0.046952
v 0.054553 0.078129 -0.035471
v -0.042413 0.075834 -0.056437
v 0.047985 0.076993 -0.045145
v -0.031182 0.074354 -0.062107
v 0.040506 0.075159 -0.055053
v -0.019907 0.073177 -0.064675
v 0.030363 0.074053 -0.059422
v -0.009939 0.072466 -0.067419
v 0.018467 0.074475 -0.063942
v -0.000126 0.072003 -0.067081
v 0.009483 0.073984 -0.066271
v -0.014301 0.103236 -0.043571
v -0.007222 0.102684 -0.045029
v -0.000255 0.102324 -0.044850
v -0.000461 0.114224 -0.013820
v -0.022308 0.104150 -0.042205
v 0.006570 0.103863 -0.044419
v 0.012949 0.104244 -0.043181
v -0.030283 0.105299 -0.039190
v 0.021397 0.103916 -0.040777
v -0.035839 0.106755 -0.034146
v 0.028599 0.104775 -0.038454
v -0.041899 0.108746 -0.029379
v 0.033910 0.106199 -0.033185
v 0.038573 0.107082 -0.028041
v -0.045237 0.109076 -0.022569
v 0.044035 0.107271 -0.022516
v -0.042704 0.107686 -0.015423
v 0.042742 0.105921 -0.015414
v -0.038142 0.107290 -0.007163
v 0.037063 0.105853 -0.007229
v -0.031193 0.107528 -0.000585
v 0.030301 0.106143 -0.000629
v -0.023608 0.106707 0.003351
v 0.022999 0.105887 0.003209
v -0.015358 0.105316 0.005892
v 0.015694 0.105061 0.005742
v -0.007055 0.104605 0.006893
v 0.007042 0.104430 0.007165
v -0.000255 0.104398 0.007224
v -0.005974 0.295849 0.012842
v 0.002376 0.295441 0.014716
v 0.001602 0.304337 0.017422
v -0.006226 0.304943 0.015584
v 0.001225 0.310843 0.020952
v -0.010394 0.305156 0.012984
v -0.009641 0.296662 0.010677
v -0.008212 0.310893 0.020223
v 0.000870 0.313269 0.029184
v -0.014041 0.311531 0.020761
v -0.014233 0.305796 0.009144
v -0.013495 0.298068 0.006935
v -0.010508 0.313966 0.033094
v 0.000157 0.315615 0.046093
v -0.019134 0.314800 0.032867
v -0.018755 0.311843 0.018288
v -0.017615 0.307101 0.005190
v -0.016100 0.299314 0.002697
v -0.011895 0.316770 0.047629
v -0.000458 0.320283 0.059264
v -0.021911 0.318689 0.047383
v -0.012724 0.322087 0.059832
v -0.000901 0.327070 0.067071
v -0.024825 0.315659 0.031643
v -0.024895 0.312782 0.016387
v -0.019905 0.307901 -0.000548
v -0.017683 0.300042 -0.001423
v -0.030121 0.320954 0.045080
v -0.031431 0.316688 0.028921
v -0.030357 0.313412 0.014491
v -0.021243 0.308453 -0.004541
v -0.018583 0.300709 -0.005842
v -0.020895 0.308041 -0.012323
v -0.018831 0.301526 -0.012905
v -0.017907 0.302341 -0.019103
v -0.036821 0.314204 0.011273
v -0.038380 0.318551 0.027316
v -0.038629 0.323985 0.042200
v -0.018604 0.306485 -0.018613
v -0.013421 0.303152 -0.026303
v -0.013302 0.304567 -0.025582
v -0.007361 0.303215 -0.029709
v -0.047080 0.320097 0.024597
v -0.045466 0.326518 0.039634
v -0.034433 0.313594 -0.018821
v -0.041926 0.314822 -0.009882
v -0.019807 0.311158 -0.031466
v -0.044586 0.315647 0.004744
v -0.010966 0.309941 -0.035613
v -0.006610 0.303241 -0.029077
v 0.001896 0.309852 -0.032205
v 0.003349 0.309453 -0.038352
v -0.062458 0.325325 0.018406
v -0.079473 0.332414 -0.001261
v -0.069489 0.333795 0.027649
v -0.054987 0.328987 0.035517
v -0.081916 0.338509 0.014373
v -0.094805 0.351387 -0.005296
v -0.095389 0.356369 0.007473
v -0.101660 0.369364 -0.009147
v -0.084280 0.347128 0.026470
v -0.074704 0.344227 0.037099
v -0.061663 0.339423 0.044234
v -0.101884 0.373745 0.000416
v -0.104513 0.388521 -0.013056
v -0.095953 0.362955 0.017833
v -0.087190 0.357343 0.034543
v -0.096134 0.370654 0.024538
v -0.099058 0.384128 0.021057
v -0.077265 0.352188 0.043850
v -0.050857 0.336444 0.048715
v -0.088356 0.366877 0.040703
v -0.066859 0.349656 0.050402
v -0.100337 0.396783 0.011676
v -0.104122 0.406816 -0.016899
v -0.095362 0.382175 0.032121
v -0.042757 0.333338 0.051506
v -0.080890 0.363249 0.048927
v -0.093794 0.390004 0.034607
v -0.032709 0.328676 0.055133
v -0.023031 0.324682 0.057894
v -0.024332 0.332931 0.064117
v -0.034780 0.337634 0.060387
v -0.012025 0.328156 0.066530
v -0.046242 0.342430 0.056513
v -0.054473 0.345291 0.054129
v -0.070850 0.361682 0.056175
v -0.057652 0.356515 0.058497
v -0.049010 0.352499 0.059425
v -0.036448 0.346503 0.062586
v -0.081137 0.370942 0.053333
v -0.071955 0.371921 0.061220
v -0.058921 0.366226 0.062101
v -0.089349 0.383248 0.043790
v -0.080980 0.382456 0.056023
v -0.087351 0.391255 0.045934
v -0.071539 0.382771 0.064576
v -0.051987 0.362949 0.060649
v -0.078967 0.392499 0.057166
v -0.083821 0.401581 0.044847
v -0.059917 0.375421 0.065843
v -0.095712 0.402221 0.023558
v -0.099440 0.412950 0.006381
v -0.097493 0.429155 0.006696
v -0.102728 0.424100 -0.019164
v -0.093578 0.453612 0.014265
v -0.100930 0.446245 -0.023727
v -0.097785 0.474017 -0.029874
v -0.093911 0.477939 -0.006995
v -0.092241 0.497225 -0.036269
v -0.089297 0.499516 -0.013494
v -0.082454 0.516185 -0.039334
v -0.094845 0.416334 0.018599
v -0.093571 0.432117 0.018914
v -0.088842 0.408526 0.033196
v -0.088825 0.450430 0.027763
v -0.089355 0.417773 0.029743
v -0.087574 0.432222 0.031770
v -0.079269 0.520287 -0.020332
v -0.080525 0.505906 0.010571
v -0.063571 0.535859 -0.022918
v -0.066899 0.532844 -0.042779
v -0.073873 0.524639 -0.004083
v -0.042587 0.545928 -0.026108
v -0.047025 0.543197 -0.045435
v -0.022619 0.550496 -0.028371
v -0.022377 0.548269 -0.047723
v -0.000698 0.552340 -0.025614
v -0.082464 0.486909 0.022949
v -0.069468 0.510554 0.026278
v -0.064880 0.528977 0.011958
v -0.055414 0.539905 -0.008984
v -0.082838 0.472949 0.031396
v -0.079451 0.463861 0.038555
v -0.069166 0.482531 0.043314
v -0.069344 0.493705 0.037529
v -0.053213 0.515290 0.038583
v -0.049411 0.533615 0.025137
v -0.042893 0.543787 0.004601
v -0.083495 0.445778 0.035982
v -0.033515 0.548483 -0.015722
v -0.054013 0.498325 0.046309
v -0.036110 0.518801 0.045870
v -0.033729 0.536458 0.032882
v -0.028697 0.547084 0.011817
v -0.022681 0.550787 -0.009619
v -0.009639 0.552235 -0.007451
v -0.014334 0.549211 0.015469
v -0.016935 0.538452 0.036128
v -0.018361 0.520564 0.049379
v -0.053130 0.486574 0.051449
v -0.037355 0.501461 0.052706
v -0.037164 0.489281 0.056544
v -0.052708 0.475899 0.053759
v -0.067016 0.471686 0.047335
v -0.073770 0.457010 0.042452
v -0.064006 0.462139 0.047117
v -0.070164 0.449887 0.044024
v -0.077243 0.441758 0.041359
v -0.019287 0.503548 0.056324
v -0.020021 0.489807 0.059868
v -0.036559 0.478072 0.058733
v -0.051624 0.465856 0.052020
v -0.035713 0.467114 0.056958
v -0.019662 0.478213 0.061675
v -0.061549 0.453893 0.046444
v -0.002936 0.520674 0.050654
v -0.002855 0.490232 0.061091
v -0.050639 0.457574 0.048733
v -0.002725 0.539035 0.037045
v -0.002929 0.503749 0.057535
v -0.002129 0.549970 0.015698
v 0.012535 0.520990 0.050421
v -0.001346 0.552542 -0.007455
v 0.011524 0.538830 0.037102
v 0.010074 0.549497 0.016313
v 0.006933 0.552446 -0.006865
v 0.014358 0.490303 0.061029
v 0.013469 0.504009 0.057420
v 0.030483 0.519681 0.048056
v 0.028513 0.537228 0.034974
v 0.024690 0.547721 0.013670
v 0.020117 0.551312 -0.008105
v -0.002736 0.477644 0.062989
v 0.021395 0.551047 -0.026804
v 0.022595 0.548858 -0.046119
v 0.041230 0.546976 -0.023131
v 0.047105 0.544402 -0.042084
v 0.031399 0.549286 -0.013424
v 0.039408 0.544785 0.007473
v 0.044687 0.534760 0.028313
v 0.062059 0.537390 -0.018479
v 0.066848 0.534463 -0.038032
v 0.052914 0.541240 -0.005179
v 0.077780 0.522275 -0.014815
v 0.082400 0.518279 -0.033516
v 0.092366 0.499716 -0.029796
v 0.061056 0.530526 0.016268
v 0.071173 0.526448 0.000954
v 0.087770 0.501895 -0.007332
v 0.098073 0.476776 -0.023038
v 0.077229 0.507996 0.015960
v 0.065109 0.512312 0.030779
v 0.092501 0.480540 -0.000543
v 0.101584 0.449149 -0.016678
v 0.078835 0.489110 0.028410
v 0.091394 0.456247 0.020621
v 0.064722 0.495516 0.041976
v 0.048066 0.516631 0.041945
v 0.048844 0.499741 0.049722
v 0.031759 0.502413 0.054971
v 0.079059 0.475204 0.036830
v 0.064537 0.484403 0.047768
v 0.031672 0.490261 0.058830
v 0.047972 0.487999 0.054801
v 0.014213 0.478712 0.062823
v 0.062492 0.473586 0.051637
v 0.031252 0.479074 0.061004
v 0.047728 0.477383 0.057101
v -0.002617 0.468961 0.063251
v 0.014964 0.469287 0.062493
v 0.030853 0.468149 0.059172
v 0.047106 0.467355 0.055388
v -0.020121 0.468749 0.061357
v -0.015059 0.457014 0.058731
v -0.002473 0.460879 0.062567
v 0.014554 0.455919 0.057131
v 0.033243 0.459143 0.053692
v 0.010391 0.457448 0.059376
v 0.059889 0.463997 0.051350
v 0.046620 0.459031 0.052099
v 0.075590 0.466109 0.043724
v 0.085911 0.452959 0.033652
v 0.070017 0.459138 0.047291
v 0.057754 0.455666 0.050551
v 0.005616 0.443188 0.059344
v 0.008675 0.442405 0.057188
v -0.002201 0.444450 0.061754
v 0.091729 0.434810 0.025219
v 0.080308 0.448169 0.041432
v 0.096536 0.431956 0.013395
v 0.103721 0.427074 -0.011978
v 0.098986 0.415807 0.013243
v 0.105497 0.409852 -0.009588
v 0.106108 0.391645 -0.005686
v 0.093499 0.419038 0.025023
v 0.099971 0.399679 0.018604
v 0.084949 0.434743 0.037545
v 0.102967 0.376879 0.007561
v 0.103565 0.372589 -0.001935
v 0.073979 0.443971 0.046429
v 0.079498 0.434001 0.043619
v 0.087288 0.420328 0.035671
v 0.093719 0.406380 0.030052
v 0.098406 0.387029 0.027868
v 0.066579 0.451901 0.048643
v 0.086500 0.410340 0.039140
v 0.091417 0.394107 0.040942
v 0.081684 0.422970 0.042044
v 0.093311 0.386468 0.038604
v 0.069851 0.440457 0.048639
v 0.063003 0.445991 0.050169
v 0.055806 0.449626 0.051321
v 0.046593 0.451792 0.052163
v 0.054661 0.446733 0.051573
v 0.074205 0.433614 0.047273
v 0.061914 0.443126 0.050464
v 0.035830 0.451653 0.052660
v 0.067054 0.438512 0.049440
v 0.076567 0.423323 0.046347
v 0.070911 0.432573 0.048590
v 0.079455 0.414201 0.044249
v 0.080368 0.402453 0.050447
v 0.061864 0.443045 0.050479
v 0.066983 0.438447 0.049451
v 0.054634 0.446642 0.051591
v 0.074700 0.416117 0.047429
v 0.072894 0.422266 0.048655
v 0.075112 0.407506 0.050235
v 0.070823 0.432533 0.048595
v 0.061815 0.442963 0.050495
v 0.054606 0.446552 0.051609
v 0.066913 0.438381 0.049462
v 0.072799 0.422247 0.048655
v 0.070735 0.432494 0.048600
v 0.072704 0.422229 0.048656
v 0.070647 0.432455 0.048605
v 0.072609 0.422211 0.048656
v 0.066843 0.438316 0.049474
v 0.061765 0.442882 0.050510
v 0.054579 0.446461 0.051627
v 0.046604 0.448130 0.052412
v 0.046609 0.448225 0.052392
v 0.037402 0.447832 0.052996
v 0.037379 0.447924 0.052976
v 0.029269 0.444044 0.053129
v 0.046615 0.448319 0.052372
v 0.029215 0.444122 0.053111
v 0.023998 0.438508 0.052796
v 0.046621 0.448413 0.052352
v 0.037356 0.448015 0.052956
v 0.037333 0.448107 0.052935
v 0.023920 0.438563 0.052782
v 0.020041 0.429613 0.053056
v 0.029161 0.444200 0.053092
v 0.029106 0.444277 0.053073
v 0.019948 0.429640 0.053047
v 0.019060 0.422246 0.053398
v 0.018965 0.422259 0.053392
v 0.023841 0.438618 0.052767
v 0.019856 0.429667 0.053038
v 0.018869 0.422271 0.053386
v 0.025289 0.447089 0.053024
v 0.023763 0.438672 0.052753
v 0.019764 0.429694 0.053028
v 0.018773 0.422284 0.053379
v 0.017874 0.452152 0.054499
v 0.018814 0.439559 0.053588
v 0.011962 0.441145 0.055196
v 0.015840 0.430612 0.054492
v 0.010126 0.431596 0.056484
v 0.014240 0.422156 0.055636
v 0.006402 0.432576 0.059120
v 0.009442 0.423174 0.057838
v 0.003142 0.432917 0.061266
v 0.015773 0.412876 0.056349
v 0.005645 0.424660 0.060502
v 0.009575 0.411000 0.060591
v 0.006005 0.410739 0.064529
v 0.017254 0.402003 0.060961
v 0.002268 0.425408 0.062526
v -0.002061 0.432971 0.062603
v 0.021752 0.408063 0.057610
v 0.019411 0.414241 0.054643
v 0.019741 0.412430 0.046098
v 0.019103 0.420472 0.044834
v 0.024141 0.409707 0.047391
v 0.023811 0.411517 0.055935
v 0.030761 0.408019 0.049191
v 0.029146 0.406483 0.059423
v 0.030431 0.409830 0.057735
v 0.038286 0.408379 0.050617
v 0.037835 0.410527 0.059163
v 0.048006 0.409064 0.050152
v 0.038198 0.407073 0.060997
v 0.047540 0.411255 0.058698
v 0.056356 0.410699 0.048208
v 0.048194 0.408087 0.060522
v 0.055890 0.412889 0.056754
v 0.063452 0.413344 0.045251
v 0.038535 0.401716 0.067694
v 0.063624 0.413764 0.053794
v 0.069372 0.414526 0.042010
v 0.056927 0.409662 0.058232
v 0.069042 0.416337 0.050555
v 0.071929 0.416049 0.040367
v 0.028264 0.400747 0.064600
v 0.027093 0.393855 0.069255
v 0.050283 0.403152 0.067192
v 0.064327 0.410184 0.054770
v 0.071599 0.417860 0.048911
v 0.073224 0.420454 0.040110
v 0.070077 0.412845 0.050671
v 0.039637 0.395422 0.072782
v 0.059727 0.404474 0.063535
v 0.068923 0.404785 0.057060
v 0.051425 0.396867 0.072280
v 0.071742 0.400135 0.060376
v 0.062087 0.398865 0.068342
v 0.084133 0.393075 0.051731
v 0.074795 0.392246 0.062266
v 0.086102 0.385039 0.049796
v 0.065157 0.390781 0.070151
v 0.051705 0.388391 0.073833
v 0.076945 0.383468 0.061210
v 0.095250 0.374260 0.031150
v 0.086726 0.369401 0.046604
v 0.096237 0.366010 0.024490
v 0.067345 0.381606 0.069050
v 0.040517 0.387119 0.073978
v 0.096608 0.359464 0.014158
v 0.097097 0.354536 0.001438
v 0.086457 0.360133 0.040429
v 0.077798 0.372107 0.058578
v 0.084646 0.349908 0.032293
v 0.078395 0.365119 0.054131
v 0.053191 0.381003 0.072618
v 0.055363 0.375418 0.069416
v 0.067850 0.372515 0.065724
v 0.076251 0.354646 0.049012
v 0.083423 0.341272 0.020115
v 0.082354 0.335160 0.004432
v 0.067325 0.361915 0.060725
v 0.074578 0.346815 0.042141
v 0.064317 0.327487 0.022829
v 0.047862 0.317132 0.008012
v 0.055831 0.366757 0.065837
v 0.065467 0.351512 0.054779
v 0.070374 0.336148 0.032467
v 0.055484 0.357422 0.062160
v 0.061371 0.341498 0.048381
v 0.055577 0.330858 0.039300
v 0.054457 0.347685 0.057635
v 0.048201 0.361413 0.063950
v 0.048768 0.321742 0.027920
v 0.050432 0.338126 0.052099
v 0.045891 0.328088 0.042747
v 0.047327 0.352969 0.062547
v 0.042222 0.334746 0.054298
v 0.046117 0.344066 0.059484
v 0.039985 0.319871 0.030041
v 0.038911 0.325365 0.044824
v 0.039698 0.315491 0.013962
v 0.031983 0.329727 0.057225
v 0.033775 0.345832 0.064732
v 0.031903 0.353305 0.065876
v 0.034139 0.338362 0.062559
v 0.022230 0.325381 0.059339
v 0.030252 0.322197 0.047119
v 0.032948 0.317798 0.031157
v 0.033064 0.314471 0.016715
v 0.025279 0.309288 -0.003337
v 0.025250 0.309030 -0.011060
v 0.046243 0.316309 -0.006750
v 0.023531 0.307443 -0.016968
v 0.039439 0.314873 -0.016172
v 0.025813 0.312040 -0.029782
v 0.022339 0.301934 -0.013155
v 0.022231 0.301155 -0.006246
v 0.021372 0.302664 -0.019157
v 0.023603 0.308824 0.000490
v 0.021461 0.300467 -0.001926
v 0.018874 0.305338 -0.024154
v 0.017049 0.303362 -0.026204
v 0.012706 0.303676 -0.028190
v 0.011186 0.303334 -0.029656
v 0.017372 0.310501 -0.034536
v 0.001896 0.309852 -0.032205
v 0.003349 0.309453 -0.038352
v 0.027494 0.313690 0.018214
v 0.021056 0.307908 0.006044
v 0.020036 0.299689 0.002121
v 0.026208 0.316563 0.033412
v 0.017542 0.306457 0.009754
v 0.017636 0.298366 0.006320
v 0.021260 0.312580 0.019664
v 0.021936 0.319493 0.048868
v 0.013583 0.305681 0.013309
v 0.014048 0.296865 0.010155
v 0.016416 0.312087 0.021797
v 0.020492 0.315490 0.034243
v 0.009417 0.305265 0.015735
v 0.010555 0.295999 0.012401
v 0.002376 0.295441 0.014716
v 0.001602 0.304337 0.017422
v 0.010682 0.311201 0.020876
v 0.001225 0.310843 0.020952
v 0.011915 0.314349 0.033876
v 0.000870 0.313269 0.029184
v 0.012023 0.317201 0.048448
v 0.000157 0.315615 0.046093
v 0.011930 0.322351 0.060637
v -0.000458 0.320283 0.059264
v 0.010360 0.328352 0.067248
v 0.022340 0.333219 0.065496
v 0.008350 0.337749 0.070316
v 0.021753 0.341719 0.068058
v 0.020352 0.350791 0.071803
v -0.001150 0.336536 0.070156
v 0.008293 0.348747 0.077276
v -0.001618 0.348232 0.078265
v 0.020124 0.354691 0.072395
v 0.007631 0.352544 0.077082
v -0.001653 0.351921 0.077703
v 0.031573 0.357091 0.066354
v 0.046839 0.364284 0.063950
v 0.031208 0.360022 0.066543
v 0.045118 0.365855 0.063830
v 0.019121 0.357713 0.071287
v 0.007044 0.355763 0.074500
v -0.001568 0.355606 0.074769
v 0.051452 0.371198 0.068028
v -0.010039 0.356161 0.073898
v 0.046761 0.371991 0.069086
v 0.046811 0.369976 0.065492
v -0.010748 0.352871 0.076552
v -0.022611 0.354936 0.071183
v -0.021519 0.358021 0.069903
v -0.011311 0.348944 0.076755
v -0.034533 0.358071 0.064421
v -0.033775 0.360811 0.064527
v -0.022750 0.350856 0.070612
v -0.010590 0.337599 0.069719
v -0.024175 0.341834 0.066696
v -0.035356 0.354539 0.063906
v -0.050813 0.366063 0.060694
v -0.047316 0.365871 0.060597
v -0.055480 0.371501 0.064589
v -0.050645 0.376119 0.067862
v -0.047779 0.382178 0.069908
v -0.051762 0.372404 0.066157
v -0.049107 0.368283 0.062570
v -0.035932 0.364572 0.067562
v -0.036392 0.367241 0.069012
v -0.021515 0.361700 0.072745
v -0.035458 0.371816 0.069412
v -0.021644 0.365140 0.074342
v -0.010758 0.360612 0.075766
v -0.058020 0.383173 0.069041
v -0.069812 0.391919 0.065674
v -0.011521 0.364816 0.078254
v -0.001386 0.360132 0.077114
v -0.001602 0.364504 0.079904
v 0.008200 0.360471 0.076460
v -0.011047 0.368301 0.076257
v 0.008548 0.364666 0.078911
v 0.019564 0.362281 0.074116
v -0.056530 0.391021 0.070229
v -0.075714 0.400766 0.055329
v -0.020198 0.369657 0.073017
v -0.001620 0.367833 0.077542
v 0.019178 0.365607 0.075596
v 0.033225 0.364985 0.069724
v 0.033294 0.367648 0.071120
v 0.017458 0.369306 0.074246
v 0.031709 0.371841 0.071546
v 0.029969 0.377859 0.072068
v 0.044763 0.374734 0.070799
v 0.042638 0.379560 0.072822
v 0.007922 0.367952 0.076849
v 0.015267 0.375641 0.071721
v 0.027343 0.383909 0.072033
v 0.007023 0.374525 0.073109
v 0.014222 0.379376 0.070390
v -0.001668 0.374516 0.073748
v 0.007200 0.378627 0.071367
v 0.012530 0.382375 0.069163
v -0.010469 0.375085 0.072699
v 0.017772 0.388385 0.067951
v -0.001735 0.378515 0.072482
v -0.018448 0.375831 0.070608
v -0.010805 0.378937 0.071054
v -0.034120 0.377492 0.069852
v -0.031781 0.384977 0.069920
v -0.017109 0.379855 0.069368
v -0.045783 0.388912 0.071079
v 0.011173 0.384831 0.068557
v 0.007511 0.383984 0.069975
v -0.001698 0.383620 0.072956
v -0.001910 0.387598 0.077264
v 0.007388 0.388310 0.075467
v -0.011023 0.388199 0.074680
v 0.014561 0.388002 0.067100
v -0.010793 0.383600 0.069636
v 0.010572 0.390142 0.076160
v 0.006816 0.392896 0.080337
v 0.012347 0.392572 0.075452
v 0.013855 0.392331 0.066994
v -0.015857 0.382314 0.068567
v -0.021339 0.387235 0.066539
v -0.014456 0.384350 0.068054
v 0.017066 0.393069 0.066906
v 0.013659 0.398535 0.065142
v -0.014595 0.389421 0.075598
v 0.011615 0.397572 0.067032
v 0.010063 0.403794 0.064528
v 0.007848 0.404251 0.067208
v 0.005034 0.408096 0.068044
v 0.006215 0.403566 0.072577
v 0.009927 0.398953 0.073236
v 0.012450 0.395700 0.073852
v 0.008572 0.394882 0.080033
v 0.009047 0.398119 0.079132
v 0.003475 0.392186 0.081175
v 0.004073 0.395937 0.083008
v 0.007901 0.400444 0.078636
v 0.004509 0.399894 0.082686
v 0.000896 0.391918 0.081836
v 0.005087 0.403304 0.078977
v 0.001524 0.395921 0.084092
v -0.002140 0.391580 0.082088
v 0.001142 0.401510 0.084067
v 0.001927 0.406943 0.074038
v -0.002302 0.396113 0.084758
v -0.002385 0.402449 0.084467
v 0.000736 0.405888 0.080103
v -0.005211 0.391684 0.081782
v 0.002220 0.410026 0.069398
v -0.002133 0.407719 0.075154
v -0.007749 0.391905 0.080909
v -0.006162 0.395719 0.084138
v 0.002693 0.413797 0.065740
v -0.011112 0.392413 0.079959
v -0.008729 0.395648 0.082925
v -0.013112 0.394480 0.079646
v -0.006040 0.401539 0.084162
v -0.002004 0.410778 0.070257
v -0.001979 0.425153 0.063542
v -0.016790 0.392009 0.074770
v -0.009384 0.399834 0.082581
v -0.013658 0.397941 0.078577
v -0.017819 0.387521 0.066201
v -0.012483 0.400382 0.078062
v -0.016634 0.395425 0.072909
v -0.020557 0.393005 0.065542
v -0.009812 0.403434 0.078648
v -0.017534 0.392080 0.066272
v -0.013967 0.398740 0.072413
v -0.015263 0.397358 0.066242
v -0.017122 0.398394 0.064231
v -0.030860 0.394914 0.067147
v -0.044388 0.397747 0.069750
v -0.056110 0.400072 0.068509
v -0.066658 0.400605 0.063853
v -0.011673 0.404112 0.066642
v -0.013694 0.403601 0.063947
v -0.010479 0.403591 0.072083
v -0.005451 0.406108 0.080053
v -0.002300 0.406396 0.080428
v -0.006223 0.407069 0.073850
v -0.006243 0.410031 0.069217
v -0.008998 0.408035 0.067677
v -0.001944 0.414900 0.066837
v -0.009898 0.410664 0.064275
v -0.006668 0.413826 0.065726
v -0.006306 0.425344 0.062524
v -0.009624 0.424498 0.060296
v -0.007324 0.432790 0.061220
v -0.010520 0.432347 0.058887
v -0.009966 0.442944 0.059143
v -0.012901 0.442050 0.056773
v -0.019016 0.455348 0.056156
v -0.021998 0.451515 0.053284
v -0.015920 0.440712 0.054524
v -0.013957 0.431259 0.055980
v -0.037427 0.458061 0.051304
v -0.013162 0.422895 0.057377
v -0.013188 0.410818 0.060187
v -0.020311 0.404011 0.059936
v -0.032045 0.402109 0.062494
v -0.042987 0.403502 0.064719
v -0.054866 0.404781 0.063377
v -0.042339 0.408895 0.058090
v -0.064081 0.405850 0.059080
v -0.052459 0.409791 0.056886
v -0.072649 0.405159 0.052123
v -0.061067 0.411123 0.054004
v -0.051903 0.411787 0.055022
v -0.078384 0.406688 0.044945
v -0.082182 0.412553 0.038805
v -0.073553 0.412143 0.045789
v -0.068036 0.410635 0.050156
v -0.084162 0.420543 0.036525
v -0.060114 0.413133 0.052412
v -0.067446 0.413079 0.049095
v -0.077648 0.414575 0.042314
v -0.082382 0.431627 0.038234
v -0.079228 0.421030 0.041149
v -0.072674 0.414536 0.045624
v -0.077189 0.431380 0.042186
v -0.074469 0.416344 0.043630
v -0.073083 0.438350 0.043794
v -0.075561 0.420060 0.043464
v -0.066488 0.444079 0.045749
v -0.073841 0.430430 0.043530
v -0.059475 0.447924 0.047352
v -0.070184 0.436481 0.044512
v -0.050401 0.450358 0.048812
v -0.039690 0.450534 0.050015
v -0.065288 0.441243 0.045961
v -0.050337 0.446981 0.048972
v -0.029071 0.446284 0.051122
v -0.058241 0.445062 0.047571
v -0.041106 0.446950 0.050213
v -0.022452 0.438948 0.052216
v -0.032807 0.443368 0.051021
v -0.019326 0.430099 0.053405
v -0.027354 0.437972 0.051477
v -0.017615 0.421711 0.054732
v -0.023253 0.429080 0.052186
v -0.018915 0.412431 0.055347
v -0.025149 0.408072 0.055995
v -0.032721 0.407768 0.057216
v -0.042094 0.411212 0.056266
v -0.034129 0.410080 0.055617
v -0.027227 0.411585 0.054506
v -0.022504 0.413729 0.053592
v -0.022163 0.421744 0.052649
v -0.021833 0.419933 0.044105
v -0.022174 0.411918 0.045048
v -0.027318 0.406568 0.045952
v -0.034500 0.402926 0.047058
v -0.042941 0.400425 0.047695
v -0.052890 0.399931 0.046449
v -0.061102 0.401277 0.043839
v -0.068097 0.403788 0.040530
v -0.073045 0.407382 0.037064
v -0.074560 0.411328 0.035076
v -0.075221 0.418261 0.034975
v -0.075466 0.420045 0.043472
v -0.073753 0.430393 0.043541
v -0.075371 0.420029 0.043479
v -0.070113 0.436418 0.044528
v -0.073664 0.430357 0.043552
v -0.075276 0.420013 0.043486
v -0.073575 0.430319 0.043564
v -0.070042 0.436355 0.044545
v -0.069970 0.436291 0.044561
v -0.065237 0.441163 0.045980
v -0.065186 0.441083 0.045999
v -0.065135 0.441003 0.046018
v -0.058212 0.444972 0.047591
v -0.058183 0.444881 0.047611
v -0.058154 0.444791 0.047632
v -0.050330 0.446887 0.048992
v -0.050323 0.446793 0.049012
v -0.050316 0.446699 0.049033
v -0.041127 0.446858 0.050231
v -0.041149 0.446766 0.050250
v -0.041171 0.446673 0.050269
v -0.032861 0.443289 0.051036
v -0.032914 0.443210 0.051051
v -0.032968 0.443131 0.051065
v -0.027433 0.437916 0.051486
v -0.027511 0.437860 0.051495
v -0.027589 0.437804 0.051504
v -0.023345 0.429051 0.052188
v -0.022259 0.421730 0.052649
v -0.023437 0.429023 0.052191
v -0.023530 0.428994 0.052193
v -0.022354 0.421715 0.052648
v -0.022450 0.421701 0.052647
v -0.055480 0.371501 0.064589
v -0.060101 0.368682 0.053340
v -0.049107 0.368283 0.062570
v -0.049872 0.369736 0.054706
v -0.035932 0.364572 0.067562
v -0.061274 0.363415 0.046492
v -0.036561 0.365669 0.059457
v -0.021515 0.361700 0.072745
v -0.052097 0.364852 0.047159
v -0.058342 0.355287 0.007436
v -0.021234 0.363530 0.064877
v -0.010758 0.360612 0.075766
v -0.039858 0.366537 0.049770
v -0.049130 0.359534 0.007509
v -0.037048 0.351333 -0.000798
v -0.010413 0.362535 0.067900
v -0.001386 0.360132 0.077114
v -0.024488 0.365226 0.052715
v -0.036523 0.363436 0.009593
v -0.031069 0.354156 -0.001156
v 0.001337 0.346058 -0.001277
v -0.022808 0.356553 -0.001269
v -0.014007 0.358507 -0.001338
v -0.022984 0.366505 0.012027
v -0.001272 0.361851 0.069186
v 0.008200 0.360471 0.076460
v -0.011735 0.364503 0.054617
v -0.010324 0.366103 0.013848
v 0.008010 0.362380 0.068370
v 0.019564 0.362281 0.074116
v -0.000783 0.364221 0.055609
v -0.006122 0.358315 -0.000969
v 0.019842 0.363604 0.066238
v 0.033225 0.364985 0.069724
v 0.010208 0.364384 0.055429
v 0.000655 0.365549 0.014878
v 0.034758 0.366320 0.061979
v 0.046811 0.369976 0.065492
v 0.001261 0.357870 -0.000693
v 0.023680 0.364937 0.054585
v 0.011630 0.365523 0.014749
v 0.047817 0.372597 0.057534
v 0.051452 0.371198 0.068028
v 0.057922 0.371563 0.057296
v 0.008631 0.357819 -0.000332
v 0.039295 0.368149 0.052360
v 0.052414 0.370118 0.050209
v 0.059073 0.368042 0.050480
v 0.024829 0.365179 0.014109
v 0.051083 0.365965 0.010036
v 0.057944 0.358632 0.011430
v 0.038033 0.365934 0.011825
v 0.016476 0.357731 -0.000034
v 0.025125 0.358081 0.000183
v 0.033553 0.357738 0.000543
v 0.037722 0.352687 0.001769
v 0.051452 0.371198 0.068028
v 0.057922 0.371563 0.057296
v 0.045118 0.365855 0.063830
v 0.045918 0.363614 0.056933
v 0.031208 0.360022 0.066543
v 0.059073 0.368042 0.050480
v 0.031766 0.358279 0.059470
v 0.019121 0.357713 0.071287
v 0.053274 0.363403 0.050607
v 0.057944 0.358632 0.011430
v 0.020231 0.355788 0.064389
v 0.007044 0.355763 0.074500
v 0.040096 0.358282 0.052453
v 0.052129 0.349852 0.012434
v 0.037722 0.352687 0.001769
v 0.007442 0.354182 0.067496
v -0.001568 0.355606 0.074769
v 0.024671 0.353642 0.054956
v 0.039419 0.343878 0.014682
v 0.033510 0.347252 0.002748
v 0.001337 0.346058 -0.001277
v 0.024928 0.343676 0.003198
v 0.017010 0.341401 0.003420
v 0.027532 0.340215 0.017849
v -0.001278 0.353243 0.067778
v -0.010039 0.356161 0.073898
v 0.009471 0.351456 0.056516
v 0.011413 0.335985 0.019823
v -0.009855 0.354183 0.066919
v -0.021519 0.358021 0.069903
v -0.000792 0.350307 0.056482
v 0.008437 0.338663 0.003702
v -0.021847 0.355981 0.062979
v -0.033775 0.360811 0.064527
v -0.010983 0.351140 0.055858
v 0.000933 0.335013 0.019896
v -0.033588 0.358878 0.057522
v -0.047316 0.365871 0.060597
v 0.001406 0.338087 0.003482
v -0.024727 0.354147 0.053265
v -0.009406 0.335289 0.019218
v -0.047843 0.364010 0.053628
v -0.055480 0.371501 0.064589
v -0.060101 0.368682 0.053340
v -0.005530 0.338313 0.003274
v -0.040055 0.358185 0.049801
v -0.052225 0.360735 0.046866
v -0.061274 0.363415 0.046492
v -0.023924 0.338474 0.016254
v -0.049269 0.349858 0.008394
v -0.058342 0.355287 0.007436
v -0.036566 0.343043 0.012135
v -0.014200 0.340309 0.002484
v -0.022328 0.343160 0.001517
v -0.031052 0.347978 0.000135
v -0.037048 0.351333 -0.000798
v -0.075276 0.420013 0.043486
v -0.074936 0.418214 0.034997
v -0.073575 0.430319 0.043564
v -0.073238 0.428526 0.035015
v -0.069970 0.436291 0.044561
v -0.069630 0.434492 0.036014
v -0.065135 0.441003 0.046018
v -0.064793 0.439200 0.037472
v -0.058154 0.444791 0.047632
v -0.057814 0.442984 0.039087
v -0.050316 0.446699 0.049033
v -0.049980 0.444888 0.040489
v -0.041171 0.446673 0.050269
v -0.040839 0.444862 0.041724
v -0.032968 0.443131 0.051065
v -0.032642 0.441322 0.042520
v -0.027589 0.437804 0.051504
v -0.027264 0.436000 0.042958
v -0.023530 0.428994 0.052193
v -0.023202 0.427190 0.043647
v -0.022450 0.421701 0.052647
v -0.022120 0.419890 0.044103
v 0.019060 0.422246 0.053398
v 0.019390 0.420435 0.044853
v 0.020041 0.429613 0.053056
v 0.020373 0.427810 0.044510
v 0.023998 0.438508 0.052796
v 0.024323 0.436751 0.044266
v 0.029269 0.444044 0.053129
v 0.029604 0.442236 0.044584
v 0.037402 0.447832 0.052996
v 0.037730 0.446020 0.044452
v 0.046604 0.448130 0.052412
v 0.046928 0.446319 0.043868
v 0.054579 0.446461 0.051627
v 0.054899 0.444652 0.043082
v 0.061765 0.442882 0.050510
v 0.062083 0.441078 0.041964
v 0.066843 0.438316 0.049474
v 0.067162 0.436516 0.040926
v 0.070647 0.432455 0.048605
v 0.070970 0.430661 0.040057
v 0.072609 0.422211 0.048656
v 0.072939 0.420400 0.040111
v -0.007371 0.353009 0.059691
v -0.004491 0.353019 0.059704
v -0.007268 0.353503 0.058275
v -0.004446 0.353518 0.058390
v -0.002382 0.352906 0.059670
v -0.001666 0.353417 0.058496
v -0.004410 0.352235 0.057567
v -0.008217 0.352204 0.057248
v -0.002305 0.352129 0.057649
v -0.002066 0.348231 0.058782
v -0.002382 0.352906 0.059670
v -0.002609 0.348124 0.057298
v -0.002735 0.348323 0.060750
v -0.004374 0.347398 0.057274
v -0.006208 0.348105 0.057169
v -0.004491 0.353019 0.059704
v -0.004500 0.347598 0.060730
v -0.007158 0.348301 0.060590
v -0.007371 0.353009 0.059691
v -0.007149 0.348204 0.058598
v -0.007268 0.353503 0.058275
v -0.007371 0.353009 0.059691
v -0.007158 0.348301 0.060590
v -0.012054 0.352078 0.057298
v -0.011839 0.348076 0.056966
v -0.011932 0.348180 0.058426
v -0.012208 0.352703 0.058154
v -0.011572 0.352201 0.059377
v -0.011407 0.348279 0.060437
v -0.010029 0.352331 0.059543
v -0.010040 0.347568 0.060530
v -0.007351 0.348299 0.060584
v -0.007142 0.352351 0.059737
v -0.007215 0.348204 0.058596
v -0.007148 0.352845 0.058317
v -0.010029 0.352331 0.059543
v -0.006091 0.352215 0.057325
v -0.008010 0.348096 0.057104
v -0.009950 0.352205 0.057367
v -0.009915 0.347369 0.057074
v -0.011839 0.348076 0.056966
v -0.012054 0.352078 0.057298
v -0.009950 0.352205 0.057367
v -0.009984 0.352831 0.058228
v -0.011572 0.352201 0.059377
v -0.012054 0.352078 0.057298
v -0.012208 0.352703 0.058154
v 0.003155 0.352646 0.060094
v 0.003149 0.353140 0.058674
v 0.000282 0.352626 0.059900
v 0.000327 0.353125 0.058586
v -0.001817 0.352493 0.059714
v -0.002453 0.352995 0.058492
v -0.001742 0.352132 0.057670
v 0.000362 0.352260 0.057738
v -0.002021 0.348232 0.058783
v -0.001817 0.352493 0.059714
v -0.001497 0.348330 0.060794
v -0.001372 0.348130 0.057344
v 0.000398 0.347423 0.057445
v 0.002227 0.348149 0.057473
v 0.004182 0.352269 0.057695
v 0.003062 0.348259 0.058966
v 0.003155 0.352646 0.060094
v 0.002926 0.348353 0.060953
v 0.000282 0.352626 0.059900
v 0.000272 0.347623 0.060902
v -0.001497 0.348330 0.060794
v -0.001817 0.352493 0.059714
v 0.002929 0.352404 0.060099
v 0.005823 0.352414 0.060114
v 0.003032 0.352898 0.058684
v 0.005868 0.352913 0.058799
v 0.005902 0.352288 0.057938
v 0.007114 0.352298 0.060050
v 0.007830 0.352808 0.058876
v 0.002057 0.352258 0.057618
v 0.008007 0.352183 0.058020
v 0.004030 0.348159 0.057538
v 0.005938 0.347451 0.057645
v 0.007858 0.348179 0.057676
v 0.003127 0.348259 0.058968
v 0.003032 0.352898 0.058684
v 0.002929 0.352404 0.060099
v 0.003119 0.348354 0.060960
v 0.007583 0.348282 0.059128
v 0.007830 0.352808 0.058876
v 0.007114 0.352298 0.060050
v 0.006914 0.348374 0.061097
v 0.005823 0.352414 0.060114
v 0.005812 0.347651 0.061101
v 0.003119 0.348354 0.060960
v 0.002929 0.352404 0.060099
v -0.008646 0.358691 0.063335
v -0.005583 0.359232 0.063215
v -0.009122 0.363065 0.063790
v -0.006082 0.364502 0.063618
v -0.009186 0.364731 0.063563
v -0.006147 0.366168 0.063391
v -0.003035 0.364883 0.063380
v -0.002972 0.363217 0.063607
v -0.002496 0.358843 0.063152
v -0.001825 0.363108 0.061745
v -0.001311 0.358086 0.062042
v -0.001889 0.364774 0.061518
v -0.003321 0.358363 0.060618
v -0.003466 0.363446 0.059933
v -0.003531 0.365112 0.059706
v -0.006186 0.364275 0.059955
v -0.006250 0.365941 0.059728
v -0.008923 0.364978 0.059867
v -0.006017 0.358297 0.060699
v -0.005596 0.358446 0.062141
v -0.001311 0.358086 0.062042
v -0.002496 0.358843 0.063152
v -0.005583 0.359232 0.063215
v -0.008646 0.358691 0.063335
v -0.009856 0.357875 0.062297
v -0.008713 0.358230 0.060780
v -0.008859 0.363313 0.060094
v -0.010434 0.364564 0.061773
v -0.010370 0.362898 0.061999
v -0.009856 0.357875 0.062297
v -0.009186 0.364731 0.063563
v -0.008646 0.358691 0.063335
v -0.009122 0.363065 0.063790
v 0.007263 0.358163 0.061787
v 0.007624 0.363973 0.061416
v 0.006079 0.358920 0.062897
v 0.006477 0.364082 0.063278
v 0.002991 0.359309 0.062960
v 0.006413 0.365748 0.063051
v 0.007560 0.365639 0.061189
v 0.003366 0.365368 0.063289
v 0.003303 0.367033 0.063064
v 0.000264 0.365596 0.063235
v 0.000327 0.363931 0.063461
v -0.000072 0.358767 0.063080
v -0.000921 0.363763 0.061670
v -0.001282 0.357953 0.062042
v -0.000985 0.365429 0.061444
v 0.000737 0.359096 0.060451
v 0.000591 0.364178 0.059765
v 0.000526 0.365844 0.059539
v 0.003263 0.365140 0.059626
v 0.003199 0.366806 0.059400
v 0.005919 0.365977 0.059378
v 0.003433 0.359161 0.060370
v 0.002978 0.358523 0.061886
v -0.001282 0.357953 0.062042
v -0.000072 0.358767 0.063080
v 0.002991 0.359309 0.062960
v 0.006079 0.358920 0.062897
v 0.007263 0.358163 0.061787
v 0.006129 0.359228 0.060290
v 0.005983 0.364311 0.059604
v 0.007560 0.365639 0.061189
v 0.007624 0.363973 0.061416
v 0.007263 0.358163 0.061787
v -0.075276 0.420013 0.043486
v -0.075371 0.420029 0.043479
v -0.074936 0.418214 0.034997
v -0.075031 0.418230 0.034990
v -0.075466 0.420045 0.043472
v -0.075126 0.418245 0.034982
v -0.075561 0.420060 0.043464
v -0.075221 0.418261 0.034975
v -0.022120 0.419890 0.044103
v -0.022024 0.419905 0.044104
v -0.022450 0.421701 0.052647
v -0.022354 0.421715 0.052648
v -0.021929 0.419919 0.044105
v -0.022259 0.421730 0.052649
v -0.021833 0.419933 0.044105
v -0.022163 0.421744 0.052649
v 0.019060 0.422246 0.053398
v 0.018965 0.422259 0.053392
v 0.019390 0.420435 0.044853
v 0.019295 0.420447 0.044847
v 0.018869 0.422271 0.053386
v 0.019199 0.420460 0.044841
v 0.018773 0.422284 0.053379
v 0.019103 0.420472 0.044834
v 0.072939 0.420400 0.040111
v 0.073034 0.420418 0.040111
v 0.072609 0.422211 0.048656
v 0.072704 0.422229 0.048656
v 0.073129 0.420436 0.040110
v 0.072799 0.422247 0.048655
v 0.073224 0.420454 0.040110
v 0.072894 0.422266 0.048655
v -0.044951 0.459521 0.001232
v -0.061159 0.455959 -0.000063
v -0.046739 0.457721 0.017755
v -0.061310 0.454519 0.016590
v -0.075092 0.446853 -0.000137
v -0.032091 0.455505 0.019860
v -0.028658 0.457057 0.003574
v -0.073835 0.446332 0.016524
v -0.084867 0.433431 0.001020
v -0.019344 0.448172 0.022621
v -0.014478 0.448900 0.006645
v -0.082623 0.434265 0.017564
v -0.089165 0.417506 0.003252
v -0.010219 0.436711 0.025665
v -0.004327 0.436151 0.010032
v -0.086487 0.419949 0.019571
v -0.087405 0.401229 0.006258
v -0.005947 0.422669 0.028582
v 0.000424 0.420531 0.013276
v -0.084905 0.405316 0.022273
v -0.079826 0.386800 0.009631
v -0.007108 0.407943 0.030977
v -0.000868 0.404151 0.015940
v -0.078091 0.392344 0.025305
v -0.067450 0.376165 0.012915
v -0.013543 0.394524 0.032527
v -0.008026 0.389224 0.017665
v -0.066965 0.382783 0.028258
v -0.051949 0.370762 0.015669
v -0.024385 0.384222 0.033022
v -0.020086 0.377764 0.018215
v -0.053030 0.377926 0.030733
v -0.035416 0.371320 0.017519
v -0.038168 0.378428 0.032397
v -0.076858 0.410603 0.035937
v -0.071729 0.400840 0.038219
v -0.063356 0.393644 0.040442
v -0.052868 0.389989 0.042304
v -0.041683 0.390367 0.043556
v -0.031310 0.394727 0.044028
v -0.078048 0.421615 0.033903
v -0.023151 0.402480 0.043655
v -0.075140 0.432389 0.032393
v -0.018308 0.412580 0.042488
v -0.068526 0.441471 0.031611
v -0.017435 0.423661 0.040686
v -0.059100 0.447632 0.031661
v -0.020648 0.434230 0.038491
v -0.048134 0.450042 0.032537
v -0.027516 0.442856 0.036199
v -0.037110 0.448375 0.034121
v -0.032954 0.417434 0.048918
v -0.032485 0.423376 0.047952
v -0.049069 0.421851 0.049400
v -0.035552 0.412018 0.049544
v -0.034210 0.429043 0.046776
v -0.039926 0.407861 0.049744
v -0.037892 0.433668 0.045547
v -0.045488 0.405523 0.049491
v -0.043036 0.436627 0.044432
v -0.051486 0.405321 0.048821
v -0.048948 0.437521 0.043582
v -0.057110 0.407281 0.047822
v -0.054827 0.436229 0.043113
v -0.061599 0.411139 0.046629
v -0.059881 0.432926 0.043086
v -0.064349 0.416374 0.045406
v -0.063428 0.428056 0.043506
v -0.064987 0.422279 0.044316
v 0.043393 0.460969 0.005131
v 0.027047 0.457861 0.005567
v 0.043371 0.458909 0.021720
v 0.028676 0.456115 0.022112
v 0.012938 0.449129 0.006880
v 0.058093 0.456268 0.022170
v 0.059769 0.458032 0.005632
v 0.015992 0.448264 0.023292
v 0.002972 0.435950 0.008893
v 0.070854 0.448550 0.023400
v 0.073963 0.449447 0.007001
v 0.007032 0.436416 0.025101
v -0.001505 0.420106 0.011334
v 0.079929 0.436797 0.025245
v 0.084058 0.436373 0.009053
v 0.003008 0.422172 0.027297
v 0.000111 0.403735 0.013873
v 0.084093 0.422595 0.027456
v 0.088691 0.420576 0.011511
v 0.004460 0.407455 0.029579
v 0.007601 0.389050 0.016168
v 0.082785 0.407863 0.029733
v 0.087235 0.404189 0.014044
v 0.011195 0.394253 0.031642
v 0.019956 0.378033 0.017907
v 0.076180 0.394592 0.031770
v 0.079888 0.389426 0.016311
v 0.022301 0.384348 0.033206
v 0.035506 0.372171 0.018859
v 0.065171 0.384572 0.033290
v 0.067643 0.378281 0.018001
v 0.036281 0.379080 0.034061
v 0.052150 0.372258 0.018891
v 0.051244 0.379158 0.034091
v 0.014100 0.412272 0.042359
v 0.019168 0.402336 0.043911
v 0.027527 0.394881 0.045088
v 0.038047 0.390916 0.045731
v 0.049308 0.390975 0.045754
v 0.059790 0.395049 0.045152
v 0.013006 0.423348 0.040641
v 0.068076 0.402590 0.044008
v 0.016035 0.434067 0.038989
v 0.073047 0.412578 0.042475
v 0.022778 0.442984 0.037628
v 0.074031 0.423665 0.040761
v 0.032324 0.448892 0.036739
v 0.070897 0.434354 0.039098
v 0.043384 0.450995 0.036444
v 0.064066 0.443199 0.037708
v 0.054463 0.449007 0.036783
v 0.059334 0.417697 0.050549
v 0.059862 0.423642 0.049630
v 0.043500 0.422529 0.052865
v 0.056668 0.412341 0.051371
v 0.058181 0.429373 0.048738
v 0.052226 0.408298 0.051985
v 0.054519 0.434116 0.047994
v 0.046606 0.406113 0.052307
v 0.049369 0.437230 0.047497
v 0.040567 0.406082 0.052296
v 0.043428 0.438296 0.047315
v 0.034926 0.408208 0.051951
v 0.037498 0.437169 0.047473
v 0.030444 0.412205 0.051319
v 0.032379 0.434001 0.047950
v 0.027725 0.417533 0.050487
v 0.028764 0.429220 0.048680
v 0.027140 0.423472 0.049566
v -0.024407 0.434971 0.050401
v -0.020879 0.421921 0.047617
v -0.020818 0.423505 0.054627
v -0.024007 0.435891 0.057064
v -0.018047 0.424605 0.059793
v -0.031737 0.441735 0.053062
v -0.020974 0.436674 0.062057
v -0.015001 0.423806 0.063288
v -0.017813 0.438912 0.064529
v -0.030778 0.443654 0.058808
v -0.040039 0.446196 0.053992
v -0.029060 0.446096 0.062896
v -0.027761 0.450039 0.066056
v -0.039959 0.448528 0.059162
v -0.044279 0.446411 0.053426
v -0.038759 0.451273 0.062798
v -0.037777 0.455233 0.065145
v -0.044557 0.449122 0.058762
v -0.044455 0.451513 0.062529
v -0.044327 0.456244 0.064675
v -0.051544 0.455984 0.063859
v -0.049728 0.448716 0.058251
v -0.049067 0.446354 0.052816
v -0.055877 0.445184 0.051983
v -0.050393 0.450947 0.062066
v -0.057424 0.447744 0.056771
v -0.063408 0.442713 0.049197
v -0.058557 0.450240 0.060713
v -0.059517 0.454308 0.062879
v -0.065118 0.444343 0.053761
v -0.072511 0.432687 0.043919
v -0.066896 0.446719 0.057887
v -0.067720 0.449709 0.060658
v -0.073725 0.433798 0.048332
v -0.074303 0.422056 0.037353
v -0.076165 0.422714 0.041084
v -0.075762 0.434879 0.055549
v -0.077375 0.435497 0.058294
v -0.078470 0.422705 0.047899
v -0.080450 0.422484 0.049668
v 0.019703 0.421921 0.047617
v 0.023230 0.434971 0.050401
v 0.019641 0.423505 0.054627
v 0.022831 0.435891 0.057064
v 0.016870 0.424605 0.059793
v 0.030560 0.441735 0.053062
v 0.019797 0.436674 0.062057
v 0.013824 0.423806 0.063288
v 0.016636 0.438912 0.064529
v 0.029602 0.443654 0.058808
v 0.038863 0.446196 0.053992
v 0.027883 0.446096 0.062896
v 0.026584 0.450039 0.066056
v 0.038783 0.448528 0.059162
v 0.043103 0.446411 0.053426
v 0.037583 0.451273 0.062798
v 0.036600 0.455233 0.065145
v 0.043381 0.449122 0.058762
v 0.043278 0.451513 0.062529
v 0.043150 0.456244 0.064675
v 0.050367 0.455984 0.063859
v 0.048552 0.448716 0.058251
v 0.047891 0.446354 0.052816
v 0.054701 0.445184 0.051983
v 0.049216 0.450947 0.062066
v 0.056248 0.447744 0.056771
v 0.062232 0.442713 0.049197
v 0.057380 0.450240 0.060713
v 0.058341 0.454308 0.062879
v 0.063941 0.444343 0.053761
v 0.071334 0.432687 0.043919
v 0.065720 0.446719 0.057887
v 0.066544 0.449709 0.060658
v 0.072549 0.433798 0.048332
v 0.073127 0.421653 0.041958
v 0.074989 0.422311 0.045689
v 0.074586 0.434879 0.055549
v 0.076198 0.435497 0.058294
v 0.077293 0.422302 0.052504
v 0.079273 0.422081 0.054274
v 0.086156 0.473161 0.030057
v 0.083683 0.497389 0.030029
v 0.077997 0.473501 0.054290
v 0.091137 0.447810 0.028063
v 0.082513 0.443796 0.054595
v 0.069879 0.441657 0.075356
v 0.074399 0.499970 0.052828
v 0.070257 0.519973 0.049073
v 0.060989 0.501351 0.072326
v 0.079543 0.516586 0.028258
v 0.073592 0.532093 0.021526
v 0.065249 0.473047 0.074510
v 0.047148 0.472916 0.086871
v 0.050327 0.442296 0.087282
v 0.027979 0.444529 0.093459
v 0.065105 0.535790 0.040490
v 0.058546 0.549702 0.024542
v 0.053822 0.538312 0.057706
v 0.066563 0.545248 0.006618
v 0.057983 0.555014 -0.011225
v 0.057570 0.522100 0.067497
v 0.041314 0.521711 0.081141
v 0.043323 0.500329 0.085225
v 0.023518 0.498193 0.092715
v 0.025729 0.470816 0.093474
v 0.004121 0.470950 0.096986
v 0.005267 0.443259 0.096922
v -0.017732 0.444062 0.096304
v 0.050314 0.559909 0.005620
v 0.040083 0.564609 -0.011890
v 0.040967 0.563776 0.020326
v 0.047085 0.560353 -0.026762
v 0.036527 0.563466 -0.034436
v 0.028853 0.566556 -0.028693
v 0.021825 0.569571 -0.018302
v 0.031837 0.568249 0.000813
v 0.021101 0.570656 0.009178
v 0.013211 0.572465 -0.012032
v 0.003490 0.575076 -0.008354
v 0.048336 0.553000 0.040637
v 0.033975 0.553984 0.053071
v 0.028265 0.565584 0.030756
v 0.013821 0.566228 0.037695
v 0.008941 0.572255 0.014520
v -0.003579 0.573471 0.018154
v -0.006853 0.577245 -0.005738
v -0.017384 0.577060 -0.004368
v 0.038360 0.538484 0.071431
v 0.020279 0.537541 0.080582
v 0.017560 0.553786 0.061475
v 0.001190 0.553536 0.065476
v -0.000750 0.566600 0.041931
v -0.015485 0.565325 0.043309
v -0.016288 0.572649 0.019790
v -0.029014 0.568135 0.019139
v -0.027671 0.572608 -0.004426
v -0.037594 0.566052 -0.006231
v 0.022103 0.520104 0.089740
v 0.002830 0.518582 0.093029
v 0.002348 0.536717 0.084080
v -0.015590 0.535327 0.082837
v -0.015269 0.552174 0.065547
v -0.031953 0.548636 0.062158
v -0.030420 0.561024 0.041676
v -0.044750 0.555728 0.036993
v -0.041271 0.562160 0.016005
v -0.052573 0.556955 0.010196
v -0.047035 0.559554 -0.010098
v -0.055725 0.554465 -0.009261
v -0.063398 0.552135 0.003049
v -0.069807 0.547727 0.019905
v -0.057672 0.551469 0.029222
v -0.061790 0.540209 0.045710
v -0.073949 0.536406 0.034382
v -0.077031 0.521524 0.044593
v -0.047836 0.544217 0.055486
v -0.052153 0.529244 0.069257
v -0.066016 0.525468 0.057689
v -0.070617 0.509540 0.063185
v -0.080000 0.506434 0.048650
v -0.083104 0.489127 0.047191
v -0.033688 0.532683 0.077768
v -0.035700 0.514874 0.085691
v -0.056669 0.512427 0.076079
v -0.060173 0.492505 0.078156
v -0.073835 0.490944 0.063671
v -0.078089 0.468201 0.060621
v -0.086343 0.467594 0.040855
v -0.091389 0.446496 0.029027
v -0.078595 0.443311 0.054770
v -0.063578 0.441249 0.074814
v -0.062162 0.468220 0.077690
v -0.039398 0.469358 0.089570
v -0.040965 0.442396 0.089262
v -0.037700 0.493554 0.088651
v -0.017218 0.494618 0.094735
v -0.017588 0.470318 0.096041
v -0.016396 0.516915 0.091511
v 0.003225 0.496226 0.095987
vt 0.850098 0.749023
vt 0.856934 0.764160
vt 0.850586 0.745117
vt 0.731445 0.475586
vt 0.731445 0.458496
vt 0.736328 0.473877
vt 0.509766 0.251953
vt 0.510742 0.254883
vt 0.498535 0.261230
vt 0.496094 0.257568
vt 0.489990 0.268310
vt 0.509277 0.245972
vt 0.486816 0.266846
vt 0.485596 0.282227
vt 0.493652 0.248901
vt 0.507324 0.232056
vt 0.492188 0.233520
vt 0.504883 0.228027
vt 0.482666 0.281982
vt 0.485840 0.292969
vt 0.483887 0.250732
vt 0.491211 0.229004
vt 0.506836 0.221680
vt 0.483643 0.292969
vt 0.491699 0.307617
vt 0.472900 0.268555
vt 0.481690 0.233643
vt 0.493164 0.221680
vt 0.507812 0.213989
vt 0.481201 0.229126
vt 0.473145 0.233398
vt 0.494385 0.213135
vt 0.509766 0.204712
vt 0.481690 0.221436
vt 0.495605 0.203125
vt 0.511231 0.193848
vt 0.472656 0.251709
vt 0.472656 0.229004
vt 0.482178 0.212402
vt 0.497070 0.191773
vt 0.513672 0.181885
vt 0.461914 0.233398
vt 0.471191 0.221069
vt 0.482666 0.201904
vt 0.498535 0.179443
vt 0.515625 0.169556
vt 0.460938 0.252930
vt 0.461670 0.229004
vt 0.470703 0.211792
vt 0.483887 0.190064
vt 0.500488 0.166748
vt 0.517578 0.156860
vt 0.449219 0.233887
vt 0.459961 0.220703
vt 0.470947 0.200806
vt 0.485107 0.177368
vt 0.501953 0.153686
vt 0.519531 0.144165
vt 0.448975 0.229370
vt 0.459473 0.211060
vt 0.471435 0.188599
vt 0.486572 0.164185
vt 0.503906 0.140503
vt 0.521973 0.131104
vt 0.448242 0.220337
vt 0.459228 0.199951
vt 0.472412 0.175537
vt 0.488037 0.150757
vt 0.506348 0.126953
vt 0.524902 0.117798
vt 0.447998 0.210449
vt 0.459717 0.187500
vt 0.473633 0.161987
vt 0.489746 0.137085
vt 0.508789 0.112976
vt 0.528320 0.104248
vt 0.447754 0.199097
vt 0.460205 0.174072
vt 0.474853 0.148193
vt 0.491699 0.122986
vt 0.511719 0.098755
vt 0.532227 0.090576
vt 0.447998 0.186401
vt 0.461182 0.160278
vt 0.476318 0.134033
vt 0.493652 0.108521
vt 0.515137 0.084351
vt 0.536133 0.077148
vt 0.448242 0.172852
vt 0.462158 0.145996
vt 0.477783 0.119507
vt 0.496094 0.093750
vt 0.518555 0.070251
vt 0.540527 0.064392
vt 0.448975 0.158814
vt 0.463135 0.131470
vt 0.479492 0.104614
vt 0.498779 0.078796
vt 0.521973 0.056854
vt 0.543457 0.052124
vt 0.449707 0.144287
vt 0.464355 0.116638
vt 0.481201 0.089355
vt 0.501465 0.064087
vt 0.524902 0.044403
vt 0.547363 0.040985
vt 0.527832 0.032837
vt 0.504394 0.050110
vt 0.507324 0.037018
vt 0.510254 0.024216
vt 0.483398 0.073914
vt 0.465576 0.101379
vt 0.485596 0.058777
vt 0.488037 0.044312
vt 0.490234 0.030548
vt 0.492920 0.016251
vt 0.466797 0.085754
vt 0.468506 0.069946
vt 0.469971 0.054474
vt 0.471680 0.039734
vt 0.473389 0.025879
vt 0.474609 0.011116
vt 0.457275 0.022400
vt 0.457764 0.007896
vt 0.456055 0.036377
vt 0.455078 0.051239
vt 0.453857 0.066895
vt 0.452881 0.082886
vt 0.441895 0.019958
vt 0.442871 0.005157
vt 0.441162 0.034088
vt 0.440430 0.049042
vt 0.439941 0.064697
vt 0.427490 0.018265
vt 0.428467 0.004230
vt 0.427002 0.032654
vt 0.426514 0.047607
vt 0.413330 0.019348
vt 0.414062 0.008018
vt 0.412598 0.033478
vt 0.397705 0.021011
vt 0.400391 0.009460
vt 0.439453 0.080750
vt 0.426025 0.063110
vt 0.412353 0.048492
vt 0.397705 0.035065
vt 0.381348 0.023560
vt 0.381348 0.009514
vt 0.425781 0.078918
vt 0.412109 0.064209
vt 0.397705 0.050049
vt 0.381836 0.037628
vt 0.364990 0.027176
vt 0.364746 0.012314
vt 0.411865 0.080261
vt 0.397949 0.065857
vt 0.382568 0.052582
vt 0.365967 0.041229
vt 0.347656 0.032288
vt 0.346435 0.019119
vt 0.398193 0.081909
vt 0.383301 0.068237
vt 0.366943 0.056030
vt 0.349121 0.045807
vt 0.330078 0.037964
vt 0.328613 0.024445
vt 0.312744 0.043671
vt 0.308594 0.028076
vt 0.313965 0.056671
vt 0.331787 0.050964
vt 0.316162 0.070557
vt 0.333740 0.065186
vt 0.318603 0.085083
vt 0.350830 0.060272
vt 0.335938 0.080078
vt 0.321045 0.099854
vt 0.352539 0.075500
vt 0.338135 0.095215
vt 0.323486 0.114380
vt 0.368164 0.071533
vt 0.340332 0.110107
vt 0.325928 0.128540
vt 0.354248 0.090942
vt 0.369385 0.087219
vt 0.342041 0.124634
vt 0.327881 0.142334
vt 0.355713 0.106140
vt 0.384033 0.084167
vt 0.343750 0.138794
vt 0.329834 0.156006
vt 0.370361 0.102722
vt 0.357178 0.121033
vt 0.384766 0.099976
vt 0.345459 0.152588
vt 0.331787 0.169434
vt 0.371338 0.117920
vt 0.358398 0.135498
vt 0.398438 0.097839
vt 0.347168 0.166260
vt 0.333740 0.182739
vt 0.359863 0.149658
vt 0.385254 0.115418
vt 0.372315 0.132690
vt 0.411621 0.096252
vt 0.348633 0.179688
vt 0.335938 0.195557
vt 0.361084 0.163574
vt 0.373291 0.147217
vt 0.398438 0.113525
vt 0.385742 0.130493
vt 0.425537 0.094788
vt 0.350586 0.192627
vt 0.338135 0.207398
vt 0.362549 0.177246
vt 0.374268 0.161377
vt 0.386230 0.145264
vt 0.411377 0.111999
vt 0.398682 0.128784
vt 0.352295 0.204590
vt 0.340576 0.217651
vt 0.363770 0.190430
vt 0.375244 0.175293
vt 0.386719 0.159668
vt 0.398926 0.143799
vt 0.411377 0.127441
vt 0.354248 0.215088
vt 0.343018 0.225952
vt 0.365234 0.202759
vt 0.376221 0.188843
vt 0.387451 0.173828
vt 0.399170 0.158447
vt 0.356445 0.223877
vt 0.346435 0.232666
vt 0.366455 0.213623
vt 0.376953 0.201416
vt 0.387940 0.187500
vt 0.359619 0.231689
vt 0.345703 0.236939
vt 0.367676 0.222900
vt 0.377685 0.212524
vt 0.359619 0.236694
vt 0.345215 0.249634
vt 0.369141 0.231201
vt 0.359863 0.251709
vt 0.344727 0.255859
vt 0.399414 0.172730
vt 0.388428 0.200317
vt 0.377930 0.222168
vt 0.369385 0.235962
vt 0.358154 0.260986
vt 0.343018 0.259522
vt 0.355469 0.265137
vt 0.367188 0.270020
vt 0.364014 0.271973
vt 0.368652 0.253418
vt 0.388672 0.211670
vt 0.377441 0.230591
vt 0.379639 0.253906
vt 0.372315 0.285400
vt 0.369385 0.285889
vt 0.372803 0.296631
vt 0.370605 0.296631
vt 0.382324 0.285156
vt 0.369629 0.312988
vt 0.366943 0.311768
vt 0.361084 0.328613
vt 0.359131 0.327148
vt 0.370361 0.335938
vt 0.382324 0.300293
vt 0.378906 0.317871
vt 0.377930 0.339111
vt 0.391113 0.321777
vt 0.382080 0.343018
vt 0.380371 0.270508
vt 0.393799 0.286377
vt 0.393310 0.302490
vt 0.392822 0.271484
vt 0.405029 0.286865
vt 0.396240 0.331543
vt 0.383789 0.351807
vt 0.405273 0.302246
vt 0.391357 0.254150
vt 0.404297 0.271484
vt 0.377930 0.235230
vt 0.415283 0.271240
vt 0.402832 0.254150
vt 0.389160 0.234863
vt 0.388428 0.230225
vt 0.416016 0.286865
vt 0.388916 0.221558
vt 0.401855 0.234863
vt 0.401123 0.230102
vt 0.400391 0.220947
vt 0.400147 0.210815
vt 0.414307 0.253662
vt 0.399902 0.199341
vt 0.399658 0.186523
vt 0.412109 0.220093
vt 0.414062 0.229614
vt 0.414795 0.234131
vt 0.426270 0.252441
vt 0.411377 0.209717
vt 0.411133 0.198120
vt 0.410889 0.185303
vt 0.410889 0.171631
vt 0.427002 0.270264
vt 0.410889 0.157227
vt 0.411133 0.142578
vt 0.423828 0.196289
vt 0.423828 0.183594
vt 0.423828 0.170166
vt 0.424072 0.155884
vt 0.424316 0.141235
vt 0.424805 0.126099
vt 0.424072 0.208008
vt 0.425049 0.110596
vt 0.438965 0.096680
vt 0.438477 0.112427
vt 0.452148 0.098755
vt 0.451172 0.114319
vt 0.437988 0.127808
vt 0.450440 0.129517
vt 0.437500 0.142822
vt 0.437012 0.157471
vt 0.436768 0.171753
vt 0.436523 0.185303
vt 0.436279 0.197998
vt 0.436523 0.209473
vt 0.424316 0.218994
vt 0.436523 0.219849
vt 0.425049 0.229370
vt 0.436035 0.229370
vt 0.425537 0.233887
vt 0.436279 0.233765
vt 0.437988 0.253662
vt 0.449463 0.253418
vt 0.460938 0.270264
vt 0.449951 0.270996
vt 0.438965 0.271240
vt 0.472900 0.283935
vt 0.427734 0.286133
vt 0.439697 0.286621
vt 0.461914 0.285889
vt 0.474609 0.298584
vt 0.416260 0.301514
vt 0.428467 0.300537
vt 0.450684 0.286621
vt 0.463867 0.301758
vt 0.405762 0.316895
vt 0.440674 0.301514
vt 0.451904 0.301758
vt 0.416992 0.314697
vt 0.408203 0.326416
vt 0.429199 0.313232
vt 0.416992 0.324463
vt 0.441895 0.314941
vt 0.453857 0.316650
vt 0.409180 0.337402
vt 0.429932 0.323975
vt 0.469238 0.320312
vt 0.396728 0.343018
vt 0.399170 0.345459
vt 0.385498 0.354736
vt 0.410400 0.340088
vt 0.417480 0.334717
vt 0.418213 0.338135
vt 0.430664 0.336670
vt 0.430176 0.333984
vt 0.442871 0.336914
vt 0.442627 0.324463
vt 0.443359 0.334717
vt 0.451660 0.325684
vt 0.451904 0.336670
vt 0.451416 0.338867
vt 0.464111 0.343750
vt 0.464600 0.341309
vt 0.479248 0.351318
vt 0.480469 0.347900
vt 0.482178 0.338623
vt 0.464111 0.329590
vt 0.483887 0.333740
vt 0.490967 0.330322
vt 0.480713 0.315430
vt 0.499756 0.322998
vt 0.489258 0.309082
vt 0.501953 0.321289
vt 0.660156 0.317139
vt 0.658691 0.315185
vt 0.668945 0.302734
vt 0.671387 0.303955
vt 0.673828 0.289795
vt 0.670410 0.323486
vt 0.676758 0.291016
vt 0.675781 0.278076
vt 0.681152 0.305664
vt 0.677734 0.327148
vt 0.678711 0.278320
vt 0.674316 0.266113
vt 0.685059 0.292725
vt 0.689453 0.313965
vt 0.683106 0.329590
vt 0.678711 0.265381
vt 0.668945 0.257080
vt 0.687012 0.278320
vt 0.671875 0.255371
vt 0.662109 0.252930
vt 0.691406 0.306885
vt 0.695312 0.319580
vt 0.684082 0.338135
vt 0.687500 0.264404
vt 0.664062 0.250000
vt 0.649902 0.247925
vt 0.650879 0.245605
vt 0.633301 0.245483
vt 0.633301 0.242432
vt 0.672852 0.243286
vt 0.651856 0.236450
vt 0.633789 0.236206
vt 0.687012 0.255371
vt 0.698731 0.262940
vt 0.652344 0.221924
vt 0.635254 0.222046
vt 0.672852 0.235107
vt 0.687012 0.242310
vt 0.696289 0.278565
vt 0.699707 0.252441
vt 0.651856 0.217041
vt 0.634766 0.217285
vt 0.694336 0.293213
vt 0.704102 0.260498
vt 0.702637 0.276855
vt 0.700684 0.293701
vt 0.651367 0.209351
vt 0.635742 0.209961
vt 0.713867 0.274170
vt 0.698731 0.307373
vt 0.649414 0.200195
vt 0.634277 0.201172
vt 0.647461 0.189575
vt 0.631836 0.190552
vt 0.645508 0.177490
vt 0.629394 0.178467
vt 0.643555 0.164551
vt 0.627441 0.165283
vt 0.642090 0.151123
vt 0.625488 0.151855
vt 0.640625 0.137573
vt 0.623535 0.138306
vt 0.638672 0.123840
vt 0.621582 0.124634
vt 0.636719 0.109863
vt 0.619141 0.110779
vt 0.634766 0.095459
vt 0.616699 0.096497
vt 0.632812 0.080627
vt 0.613769 0.081848
vt 0.630371 0.065613
vt 0.610352 0.067017
vt 0.627930 0.050781
vt 0.607422 0.052399
vt 0.625488 0.036774
vt 0.604004 0.038666
vt 0.623047 0.023682
vt 0.599609 0.026169
vt 0.619629 0.010605
vt 0.597168 0.014359
vt 0.645996 0.009621
vt 0.647949 0.022018
vt 0.670898 0.010757
vt 0.648438 0.035248
vt 0.670898 0.021561
vt 0.690918 0.009300
vt 0.649414 0.049438
vt 0.669922 0.034241
vt 0.690430 0.020370
vt 0.709961 0.006420
vt 0.650879 0.064392
vt 0.670410 0.048340
vt 0.689941 0.033234
vt 0.709473 0.019226
vt 0.728027 0.005196
vt 0.652344 0.079529
vt 0.671387 0.063354
vt 0.689941 0.047394
vt 0.708496 0.032349
vt 0.726562 0.018402
vt 0.742676 0.005135
vt 0.653809 0.094482
vt 0.671875 0.078613
vt 0.690430 0.062439
vt 0.708008 0.046570
vt 0.725098 0.031830
vt 0.742188 0.018402
vt 0.757812 0.005722
vt 0.655273 0.109009
vt 0.672852 0.093628
vt 0.690430 0.077698
vt 0.707519 0.061584
vt 0.724121 0.046021
vt 0.757324 0.019409
vt 0.776856 0.008026
vt 0.741211 0.031952
vt 0.656738 0.123047
vt 0.673828 0.108215
vt 0.690918 0.092834
vt 0.707519 0.076843
vt 0.723633 0.060913
vt 0.740723 0.046021
vt 0.757812 0.032928
vt 0.658203 0.136841
vt 0.674805 0.122314
vt 0.691406 0.107483
vt 0.707519 0.091980
vt 0.723144 0.076050
vt 0.740234 0.060547
vt 0.659180 0.150391
vt 0.675781 0.136108
vt 0.691894 0.121643
vt 0.707519 0.106689
vt 0.723144 0.091125
vt 0.660644 0.163818
vt 0.676269 0.149658
vt 0.692383 0.135498
vt 0.707519 0.120972
vt 0.662109 0.176758
vt 0.677246 0.163086
vt 0.692383 0.149170
vt 0.663574 0.188843
vt 0.678223 0.176148
vt 0.665527 0.199585
vt 0.722656 0.105896
vt 0.707519 0.134888
vt 0.692871 0.162598
vt 0.679199 0.188355
vt 0.667481 0.208618
vt 0.722168 0.120239
vt 0.707519 0.148560
vt 0.693359 0.175659
vt 0.680664 0.199097
vt 0.670898 0.216186
vt 0.722168 0.134277
vt 0.707519 0.161987
vt 0.693848 0.187866
vt 0.682129 0.208252
vt 0.671387 0.221680
vt 0.721680 0.147949
vt 0.707519 0.175049
vt 0.694336 0.198730
vt 0.684570 0.216064
vt 0.686523 0.233765
vt 0.721191 0.161255
vt 0.707519 0.187134
vt 0.695312 0.208130
vt 0.685547 0.220825
vt 0.697754 0.242432
vt 0.697754 0.232666
vt 0.696777 0.215698
vt 0.708008 0.198364
vt 0.720703 0.174072
vt 0.706055 0.242676
vt 0.697266 0.220093
vt 0.708496 0.208984
vt 0.720703 0.186035
vt 0.705078 0.249268
vt 0.706055 0.232056
vt 0.705566 0.215332
vt 0.712891 0.259277
vt 0.712891 0.242676
vt 0.706055 0.219849
vt 0.712891 0.232178
vt 0.724609 0.243042
vt 0.711914 0.215088
vt 0.712402 0.219605
vt 0.724609 0.258301
vt 0.723633 0.232178
vt 0.721191 0.206787
vt 0.723144 0.214966
vt 0.723633 0.219605
vt 0.720703 0.197021
vt 0.734375 0.243774
vt 0.734375 0.258789
vt 0.734375 0.232300
vt 0.734375 0.215088
vt 0.734375 0.205444
vt 0.734375 0.195312
vt 0.734863 0.184448
vt 0.734375 0.219727
vt 0.735352 0.172730
vt 0.735840 0.160278
vt 0.736328 0.147217
vt 0.737305 0.133545
vt 0.737793 0.119446
vt 0.738281 0.105041
vt 0.739258 0.090271
vt 0.739746 0.075378
vt 0.751465 0.148926
vt 0.752441 0.135254
vt 0.752930 0.121338
vt 0.753906 0.106934
vt 0.754883 0.092224
vt 0.755859 0.077148
vt 0.756836 0.062012
vt 0.750488 0.162231
vt 0.757324 0.047150
vt 0.749512 0.174927
vt 0.748535 0.186768
vt 0.748047 0.197632
vt 0.747559 0.207520
vt 0.745606 0.215698
vt 0.774414 0.034637
vt 0.773438 0.048828
vt 0.775391 0.021576
vt 0.793945 0.010895
vt 0.793457 0.024094
vt 0.812988 0.012543
vt 0.791992 0.036926
vt 0.812012 0.026840
vt 0.837402 0.013618
vt 0.772461 0.063782
vt 0.790527 0.050995
vt 0.834473 0.029358
vt 0.864746 0.016251
vt 0.811523 0.039520
vt 0.770996 0.078979
vt 0.858887 0.033386
vt 0.885254 0.022781
vt 0.880859 0.038116
vt 0.789062 0.065918
vt 0.832519 0.042389
vt 0.854492 0.045959
vt 0.875488 0.049866
vt 0.809570 0.053467
vt 0.770019 0.094055
vt 0.850586 0.059509
vt 0.870606 0.062927
vt 0.829590 0.056244
vt 0.807129 0.068237
vt 0.787109 0.081055
vt 0.768555 0.108765
vt 0.846680 0.073791
vt 0.865723 0.076843
vt 0.826660 0.070862
vt 0.804688 0.083252
vt 0.785644 0.096008
vt 0.767578 0.122986
vt 0.843262 0.088318
vt 0.861816 0.091003
vt 0.823731 0.085632
vt 0.802734 0.098022
vt 0.784180 0.110535
vt 0.766113 0.136841
vt 0.839844 0.102722
vt 0.857910 0.105103
vt 0.820801 0.100281
vt 0.800781 0.112488
vt 0.782715 0.124695
vt 0.765137 0.150391
vt 0.836914 0.116760
vt 0.854492 0.118896
vt 0.818359 0.114563
vt 0.798828 0.126465
vt 0.781250 0.138428
vt 0.763672 0.163696
vt 0.833984 0.130371
vt 0.851562 0.132324
vt 0.816406 0.128296
vt 0.796875 0.140015
vt 0.779297 0.151855
vt 0.762695 0.176514
vt 0.831543 0.143677
vt 0.848633 0.145630
vt 0.813965 0.141846
vt 0.795410 0.153442
vt 0.777832 0.165161
vt 0.761719 0.188599
vt 0.829102 0.156982
vt 0.845703 0.158814
vt 0.812012 0.155151
vt 0.776367 0.177979
vt 0.793457 0.166626
vt 0.760742 0.199707
vt 0.826172 0.169922
vt 0.842285 0.171875
vt 0.809570 0.168213
vt 0.791504 0.179443
vt 0.775391 0.190064
vt 0.760254 0.210449
vt 0.823731 0.182495
vt 0.839356 0.184326
vt 0.807617 0.180908
vt 0.789551 0.191406
vt 0.773926 0.200806
vt 0.820801 0.194092
vt 0.835938 0.195801
vt 0.805176 0.192749
vt 0.788086 0.202026
vt 0.818359 0.204468
vt 0.833496 0.205689
vt 0.803223 0.203247
vt 0.772949 0.210327
vt 0.816894 0.213257
vt 0.832031 0.214111
vt 0.786133 0.211182
vt 0.800781 0.212280
vt 0.816406 0.221191
vt 0.833008 0.221558
vt 0.797363 0.219727
vt 0.783691 0.218872
vt 0.771484 0.218018
vt 0.763184 0.217041
vt 0.815918 0.225952
vt 0.833008 0.226196
vt 0.796875 0.224731
vt 0.815918 0.239502
vt 0.833984 0.239258
vt 0.783203 0.223633
vt 0.771484 0.222534
vt 0.795410 0.237793
vt 0.817383 0.248901
vt 0.834473 0.245483
vt 0.782227 0.236206
vt 0.795410 0.245727
vt 0.762695 0.221680
vt 0.818359 0.252197
vt 0.834961 0.249390
vt 0.806152 0.256348
vt 0.803711 0.253174
vt 0.799316 0.259766
vt 0.796387 0.257812
vt 0.792969 0.268310
vt 0.771484 0.234863
vt 0.781738 0.244629
vt 0.789551 0.267822
vt 0.791992 0.280273
vt 0.781250 0.257812
vt 0.770996 0.244507
vt 0.762695 0.233765
vt 0.789062 0.280762
vt 0.794434 0.291748
vt 0.780762 0.267090
vt 0.756348 0.221069
vt 0.768555 0.254395
vt 0.791016 0.292969
vt 0.799316 0.304688
vt 0.756836 0.216553
vt 0.745117 0.220459
vt 0.755859 0.233643
vt 0.745117 0.232910
vt 0.755859 0.244263
vt 0.762695 0.244385
vt 0.744629 0.243896
vt 0.764160 0.250977
vt 0.744141 0.259277
vt 0.770019 0.265381
vt 0.764648 0.262207
vt 0.755859 0.260498
vt 0.744141 0.273193
vt 0.766113 0.278565
vt 0.771973 0.281006
vt 0.767578 0.295410
vt 0.755371 0.275391
vt 0.734375 0.272461
vt 0.781250 0.280762
vt 0.754394 0.290283
vt 0.743164 0.287842
vt 0.725098 0.272461
vt 0.773926 0.295654
vt 0.783691 0.295166
vt 0.787598 0.307861
vt 0.734375 0.287109
vt 0.742676 0.307129
vt 0.713867 0.289307
vt 0.725586 0.287353
vt 0.710938 0.309815
vt 0.796875 0.305908
vt 0.809570 0.316650
vt 0.808106 0.318603
vt 0.797363 0.324707
vt 0.780273 0.316162
vt 0.790039 0.328857
vt 0.772949 0.322022
vt 0.784668 0.332764
vt 0.777344 0.308838
vt 0.770508 0.309082
vt 0.770508 0.332275
vt 0.781250 0.342041
vt 0.766602 0.316895
vt 0.768555 0.334228
vt 0.778320 0.343750
vt 0.761719 0.324463
vt 0.760742 0.327881
vt 0.753906 0.323730
vt 0.755371 0.320801
vt 0.748047 0.322022
vt 0.757324 0.311279
vt 0.748535 0.318603
vt 0.750000 0.308105
vt 0.742188 0.317627
vt 0.741699 0.321289
vt 0.734375 0.320312
vt 0.734375 0.317139
vt 0.727051 0.320068
vt 0.734375 0.306885
vt 0.726562 0.316650
vt 0.726074 0.306641
vt 0.720215 0.317139
vt 0.720215 0.320312
vt 0.713379 0.322510
vt 0.718750 0.307373
vt 0.712891 0.319092
vt 0.706055 0.325684
vt 0.706055 0.322510
vt 0.701660 0.315185
vt 0.695801 0.329590
vt 0.697754 0.331055
vt 0.686523 0.340332
vt 0.767090 0.580078
vt 0.786133 0.574707
vt 0.768066 0.584961
vt 0.786621 0.580078
vt 0.770019 0.593750
vt 0.800781 0.570312
vt 0.787109 0.589356
vt 0.771973 0.602539
vt 0.801269 0.575684
vt 0.808106 0.566406
vt 0.787598 0.598633
vt 0.774414 0.615234
vt 0.801269 0.584961
vt 0.809082 0.571289
vt 0.818848 0.562012
vt 0.787598 0.612793
vt 0.775879 0.626953
vt 0.801269 0.594727
vt 0.810059 0.581055
vt 0.819336 0.567383
vt 0.831055 0.560547
vt 0.786621 0.625488
vt 0.778320 0.636231
vt 0.800781 0.609863
vt 0.811035 0.590820
vt 0.832031 0.566406
vt 0.843750 0.559570
vt 0.820801 0.578125
vt 0.789062 0.635742
vt 0.779297 0.645508
vt 0.799316 0.623535
vt 0.844727 0.565430
vt 0.858887 0.558106
vt 0.812012 0.606445
vt 0.833008 0.575684
vt 0.822266 0.587891
vt 0.790527 0.645019
vt 0.781738 0.660644
vt 0.859863 0.564941
vt 0.877441 0.557617
vt 0.801758 0.633789
vt 0.812500 0.620117
vt 0.823731 0.603027
vt 0.845703 0.575195
vt 0.833984 0.585938
vt 0.877441 0.564453
vt 0.896973 0.557129
vt 0.860840 0.574707
vt 0.846680 0.584473
vt 0.835938 0.600586
vt 0.825195 0.617188
vt 0.896484 0.563965
vt 0.915039 0.557617
vt 0.877930 0.574219
vt 0.862305 0.584473
vt 0.848633 0.599121
vt 0.914062 0.564453
vt 0.926758 0.560059
vt 0.895996 0.573731
vt 0.877930 0.583984
vt 0.926269 0.565430
vt 0.943359 0.565430
vt 0.913086 0.574219
vt 0.941894 0.569824
vt 0.955078 0.570312
vt 0.838379 0.614258
vt 0.864258 0.598633
vt 0.895019 0.583984
vt 0.924805 0.575195
vt 0.954102 0.575684
vt 0.970215 0.577148
vt 0.968262 0.582031
vt 0.939453 0.579590
vt 0.951660 0.584961
vt 0.965820 0.590820
vt 0.911621 0.584473
vt 0.877930 0.599121
vt 0.923340 0.585938
vt 0.937500 0.588867
vt 0.950195 0.594238
vt 0.962891 0.599121
vt 0.892578 0.598633
vt 0.909180 0.599121
vt 0.921875 0.601074
vt 0.934570 0.603516
vt 0.948242 0.608887
vt 0.959473 0.612793
vt 0.946289 0.622070
vt 0.956543 0.625000
vt 0.932617 0.616699
vt 0.920410 0.614746
vt 0.906738 0.612793
vt 0.891113 0.612305
vt 0.945312 0.633301
vt 0.955078 0.636719
vt 0.931641 0.627930
vt 0.919434 0.625977
vt 0.905273 0.624023
vt 0.943359 0.643066
vt 0.954102 0.646973
vt 0.930176 0.637695
vt 0.918457 0.635742
vt 0.939941 0.658691
vt 0.950684 0.663086
vt 0.927734 0.653320
vt 0.932617 0.682129
vt 0.942871 0.687500
vt 0.889648 0.623535
vt 0.904297 0.633301
vt 0.916016 0.650879
vt 0.921387 0.677734
vt 0.929199 0.690918
vt 0.938965 0.695801
vt 0.888672 0.632812
vt 0.902832 0.649414
vt 0.911621 0.675781
vt 0.918945 0.686523
vt 0.927246 0.694336
vt 0.936035 0.700195
vt 0.888184 0.648438
vt 0.899414 0.674805
vt 0.910156 0.684570
vt 0.917969 0.689941
vt 0.919434 0.708984
vt 0.927734 0.714356
vt 0.886719 0.673828
vt 0.898438 0.684082
vt 0.909180 0.687988
vt 0.912109 0.705566
vt 0.917481 0.712891
vt 0.925293 0.717285
vt 0.924316 0.718750
vt 0.916992 0.714356
vt 0.911133 0.709961
vt 0.911133 0.711914
vt 0.904297 0.708008
vt 0.904297 0.709961
vt 0.905273 0.704102
vt 0.895019 0.706543
vt 0.894531 0.708984
vt 0.895019 0.704102
vt 0.884766 0.706055
vt 0.884277 0.708008
vt 0.897949 0.687012
vt 0.884766 0.703125
vt 0.874023 0.705078
vt 0.873535 0.707031
vt 0.885742 0.686523
vt 0.873535 0.701660
vt 0.863769 0.704590
vt 0.863769 0.706543
vt 0.885742 0.682617
vt 0.874023 0.685547
vt 0.863769 0.701660
vt 0.851562 0.704590
vt 0.852051 0.706543
vt 0.874023 0.681641
vt 0.863281 0.685547
vt 0.851074 0.701172
vt 0.843262 0.704590
vt 0.843750 0.707031
vt 0.874512 0.673340
vt 0.863281 0.681641
vt 0.850098 0.685547
vt 0.842773 0.701660
vt 0.834473 0.705566
vt 0.834961 0.708008
vt 0.875488 0.648438
vt 0.863769 0.673340
vt 0.850098 0.681641
vt 0.841309 0.686035
vt 0.833984 0.702637
vt 0.827148 0.707519
vt 0.826660 0.709473
vt 0.875977 0.633301
vt 0.864258 0.648926
vt 0.850098 0.673340
vt 0.840820 0.682617
vt 0.832031 0.687500
vt 0.826172 0.704102
vt 0.817871 0.709473
vt 0.817871 0.711426
vt 0.810059 0.711914
vt 0.810059 0.713867
vt 0.817871 0.706055
vt 0.823731 0.688965
vt 0.831543 0.683594
vt 0.840332 0.673828
vt 0.802246 0.715332
vt 0.803223 0.716797
vt 0.808106 0.708984
vt 0.800293 0.711914
vt 0.813965 0.691406
vt 0.803711 0.693848
vt 0.794434 0.696777
vt 0.822754 0.685547
vt 0.812988 0.687988
vt 0.801758 0.689941
vt 0.791992 0.692871
vt 0.831055 0.675293
vt 0.821777 0.677246
vt 0.799316 0.682129
vt 0.788086 0.684570
vt 0.811035 0.679688
vt 0.793457 0.659180
vt 0.806152 0.657227
vt 0.803711 0.643066
vt 0.817871 0.654297
vt 0.828613 0.652344
vt 0.814453 0.630859
vt 0.815918 0.640137
vt 0.826660 0.627930
vt 0.827148 0.637695
vt 0.839356 0.649902
vt 0.838867 0.625488
vt 0.838867 0.635254
vt 0.850098 0.648926
vt 0.851074 0.612793
vt 0.850586 0.624023
vt 0.850098 0.633789
vt 0.864746 0.633789
vt 0.866699 0.612793
vt 0.865234 0.624023
vt 0.876465 0.623535
vt 0.877930 0.612793
vt 0.769531 0.422607
vt 0.768066 0.417725
vt 0.782227 0.410156
vt 0.783691 0.415283
vt 0.793457 0.404297
vt 0.772949 0.430908
vt 0.794922 0.409180
vt 0.809082 0.398193
vt 0.786133 0.424072
vt 0.775879 0.438965
vt 0.810059 0.403565
vt 0.819824 0.395264
vt 0.788574 0.433350
vt 0.780273 0.452148
vt 0.797852 0.418213
vt 0.821289 0.401855
vt 0.837402 0.394043
vt 0.791504 0.447510
vt 0.784668 0.464111
vt 0.800293 0.427246
vt 0.812012 0.413330
vt 0.837891 0.400635
vt 0.856445 0.393555
vt 0.793945 0.460205
vt 0.786621 0.475342
vt 0.822754 0.411621
vt 0.803711 0.441406
vt 0.813477 0.423340
vt 0.856445 0.400147
vt 0.874512 0.393310
vt 0.796387 0.471191
vt 0.789062 0.485352
vt 0.839356 0.410400
vt 0.807129 0.454102
vt 0.815918 0.438477
vt 0.824707 0.421387
vt 0.874512 0.400147
vt 0.889648 0.393799
vt 0.798828 0.480713
vt 0.793457 0.500488
vt 0.809082 0.465088
vt 0.856934 0.409912
vt 0.817871 0.451660
vt 0.827637 0.436035
vt 0.840820 0.420166
vt 0.803223 0.495361
vt 0.803223 0.523438
vt 0.810547 0.474609
vt 0.819824 0.462647
vt 0.830566 0.448975
vt 0.843262 0.434815
vt 0.857422 0.419678
vt 0.812500 0.518066
vt 0.804688 0.530762
vt 0.813965 0.489746
vt 0.821289 0.471924
vt 0.832031 0.459961
vt 0.845703 0.447998
vt 0.873535 0.409912
vt 0.857910 0.434326
vt 0.889160 0.399902
vt 0.902344 0.394043
vt 0.872559 0.419190
vt 0.901856 0.399902
vt 0.914062 0.395020
vt 0.888672 0.409180
vt 0.914062 0.400391
vt 0.924805 0.398438
vt 0.901367 0.409424
vt 0.888184 0.418701
vt 0.871094 0.433350
vt 0.924316 0.403320
vt 0.932129 0.401367
vt 0.913574 0.410889
vt 0.900879 0.419190
vt 0.932617 0.406738
vt 0.946777 0.404541
vt 0.924316 0.412842
vt 0.947266 0.409668
vt 0.966309 0.407471
vt 0.965820 0.412598
vt 0.933106 0.416016
vt 0.947754 0.418945
vt 0.964844 0.421387
vt 0.913086 0.420654
vt 0.886719 0.433350
vt 0.924316 0.422607
vt 0.934082 0.425537
vt 0.948242 0.427978
vt 0.963867 0.429932
vt 0.899414 0.433838
vt 0.912598 0.435547
vt 0.924805 0.437500
vt 0.936523 0.440185
vt 0.950195 0.441895
vt 0.963379 0.442871
vt 0.952148 0.454102
vt 0.963379 0.454346
vt 0.938965 0.453125
vt 0.925781 0.450928
vt 0.912109 0.448975
vt 0.898438 0.447022
vt 0.950684 0.464355
vt 0.961914 0.464111
vt 0.937500 0.463135
vt 0.924805 0.461182
vt 0.911621 0.459228
vt 0.949707 0.473145
vt 0.960938 0.473145
vt 0.936523 0.472168
vt 0.923828 0.470215
vt 0.947754 0.487549
vt 0.958984 0.488281
vt 0.935059 0.486328
vt 0.943359 0.510254
vt 0.954102 0.511719
vt 0.898926 0.457520
vt 0.911621 0.468262
vt 0.922852 0.484375
vt 0.931641 0.508789
vt 0.939453 0.516602
vt 0.949707 0.518555
vt 0.947266 0.522461
vt 0.928711 0.515137
vt 0.938477 0.520508
vt 0.943848 0.537598
vt 0.920898 0.507324
vt 0.911133 0.482910
vt 0.917969 0.514648
vt 0.935547 0.536621
vt 0.942871 0.540039
vt 0.927734 0.518066
vt 0.910644 0.505859
vt 0.934570 0.539551
vt 0.941894 0.541504
vt 0.934570 0.541016
vt 0.909180 0.514160
vt 0.926269 0.535156
vt 0.926758 0.537598
vt 0.926758 0.539062
vt 0.917969 0.516602
vt 0.916016 0.533691
vt 0.916016 0.536133
vt 0.916504 0.538086
vt 0.909180 0.515625
vt 0.899902 0.513184
vt 0.908203 0.533203
vt 0.907715 0.535156
vt 0.907715 0.537109
vt 0.900391 0.514648
vt 0.900391 0.504883
vt 0.898926 0.533203
vt 0.898926 0.534668
vt 0.898926 0.536621
vt 0.891113 0.513184
vt 0.899902 0.481445
vt 0.891113 0.514648
vt 0.890625 0.533203
vt 0.890625 0.535156
vt 0.890625 0.537109
vt 0.890137 0.504883
vt 0.899414 0.466553
vt 0.878418 0.513672
vt 0.878418 0.515625
vt 0.878906 0.533691
vt 0.878906 0.535644
vt 0.878418 0.537109
vt 0.888672 0.481201
vt 0.887695 0.466309
vt 0.875977 0.505859
vt 0.867676 0.514648
vt 0.868164 0.516113
vt 0.868652 0.534668
vt 0.868652 0.536133
vt 0.869141 0.538086
vt 0.874023 0.481934
vt 0.865234 0.506836
vt 0.855957 0.516113
vt 0.856445 0.517578
vt 0.857910 0.535156
vt 0.858398 0.537109
vt 0.858887 0.539062
vt 0.848633 0.539062
vt 0.849121 0.541016
vt 0.847656 0.537109
vt 0.845703 0.520019
vt 0.844727 0.517090
vt 0.853516 0.508301
vt 0.839356 0.540527
vt 0.839844 0.542481
vt 0.838867 0.538574
vt 0.833008 0.522949
vt 0.832519 0.519043
vt 0.833496 0.541992
vt 0.833496 0.543945
vt 0.832519 0.540039
vt 0.824707 0.525391
vt 0.825684 0.544922
vt 0.826172 0.546875
vt 0.824707 0.543457
vt 0.817383 0.550781
vt 0.818359 0.551758
vt 0.816406 0.548340
vt 0.808106 0.534668
vt 0.816406 0.529297
vt 0.813965 0.525391
vt 0.824707 0.521484
vt 0.821777 0.513184
vt 0.830078 0.511231
vt 0.824219 0.487060
vt 0.841309 0.509766
vt 0.833984 0.469482
vt 0.836426 0.484619
vt 0.850586 0.483154
vt 0.847168 0.458740
vt 0.848633 0.468018
vt 0.862793 0.482422
vt 0.857910 0.447754
vt 0.860840 0.467529
vt 0.872559 0.467041
vt 0.859863 0.458252
vt 0.869629 0.447266
vt 0.871094 0.457764
vt 0.886719 0.457031
vt 0.885254 0.446533
vt 0.663574 0.482910
vt 0.649902 0.482910
vt 0.664551 0.471435
vt 0.651367 0.470947
vt 0.637207 0.481690
vt 0.664062 0.467773
vt 0.639160 0.469727
vt 0.625488 0.479004
vt 0.651856 0.467773
vt 0.627930 0.467285
vt 0.614258 0.476562
vt 0.652344 0.461182
vt 0.664062 0.461182
vt 0.664062 0.449951
vt 0.639648 0.466797
vt 0.617188 0.463867
vt 0.605957 0.473389
vt 0.653320 0.449951
vt 0.663574 0.439209
vt 0.640137 0.459717
vt 0.628418 0.464600
vt 0.652832 0.439941
vt 0.662109 0.430176
vt 0.640625 0.449463
vt 0.628906 0.455322
vt 0.652344 0.430420
vt 0.659668 0.421875
vt 0.617676 0.462158
vt 0.641602 0.440185
vt 0.651367 0.422607
vt 0.663086 0.417480
vt 0.642578 0.434082
vt 0.630371 0.439209
vt 0.629394 0.447754
vt 0.619629 0.452881
vt 0.608887 0.458984
vt 0.643066 0.427734
vt 0.607910 0.460693
vt 0.599609 0.455322
vt 0.597168 0.468262
vt 0.599121 0.457031
vt 0.586914 0.463867
vt 0.588379 0.455566
vt 0.579590 0.466065
vt 0.611328 0.450440
vt 0.580566 0.457031
vt 0.571777 0.468750
vt 0.620117 0.446045
vt 0.620606 0.438477
vt 0.588867 0.452881
vt 0.595215 0.441650
vt 0.572754 0.460693
vt 0.563965 0.472656
vt 0.601074 0.448730
vt 0.613769 0.436768
vt 0.631348 0.430908
vt 0.606445 0.442139
vt 0.621094 0.430176
vt 0.643066 0.423584
vt 0.601562 0.435303
vt 0.594238 0.426514
vt 0.587402 0.433105
vt 0.608887 0.429443
vt 0.632324 0.423096
vt 0.649414 0.413574
vt 0.637695 0.408691
vt 0.623535 0.420410
vt 0.611816 0.426025
vt 0.657227 0.402588
vt 0.671387 0.408203
vt 0.601074 0.421875
vt 0.645508 0.397949
vt 0.668457 0.388184
vt 0.684082 0.393799
vt 0.678223 0.371582
vt 0.691894 0.375244
vt 0.667969 0.367188
vt 0.656738 0.383545
vt 0.657715 0.362549
vt 0.645508 0.378418
vt 0.647461 0.355713
vt 0.633789 0.392578
vt 0.634766 0.371094
vt 0.641113 0.350586
vt 0.627930 0.365723
vt 0.634766 0.344238
vt 0.626465 0.403565
vt 0.613281 0.395752
vt 0.622559 0.385254
vt 0.621094 0.359131
vt 0.628906 0.336670
vt 0.615234 0.379883
vt 0.616699 0.416748
vt 0.615234 0.350830
vt 0.624512 0.329102
vt 0.607422 0.372559
vt 0.609375 0.410889
vt 0.605957 0.417969
vt 0.610840 0.342529
vt 0.619629 0.318848
vt 0.602539 0.419922
vt 0.605469 0.414795
vt 0.598144 0.417236
vt 0.600586 0.414795
vt 0.606934 0.409668
vt 0.596191 0.413574
vt 0.602051 0.410645
vt 0.599121 0.410889
vt 0.603027 0.403076
vt 0.590820 0.416504
vt 0.593262 0.408203
vt 0.599609 0.403809
vt 0.601562 0.394775
vt 0.605957 0.390869
vt 0.600586 0.386963
vt 0.587402 0.410889
vt 0.592285 0.406494
vt 0.583008 0.407959
vt 0.584473 0.417969
vt 0.595215 0.396973
vt 0.597656 0.389160
vt 0.588379 0.400391
vt 0.582031 0.413330
vt 0.577148 0.421631
vt 0.593750 0.378174
vt 0.591309 0.380127
vt 0.592285 0.391846
vt 0.584961 0.394043
vt 0.580566 0.405273
vt 0.601074 0.363281
vt 0.588379 0.371338
vt 0.586914 0.383057
vt 0.596680 0.354736
vt 0.582519 0.371826
vt 0.573242 0.412598
vt 0.605957 0.331055
vt 0.616211 0.310059
vt 0.602539 0.321045
vt 0.612793 0.300537
vt 0.599609 0.309815
vt 0.592285 0.341553
vt 0.589844 0.329834
vt 0.587402 0.318115
vt 0.577148 0.320312
vt 0.576660 0.332520
vt 0.562500 0.416992
vt 0.565918 0.423828
vt 0.572754 0.436279
vt 0.567871 0.407471
vt 0.558594 0.423828
vt 0.577148 0.445557
vt 0.575684 0.400391
vt 0.564941 0.437500
vt 0.580566 0.454346
vt 0.569336 0.447754
vt 0.571777 0.457764
vt 0.556152 0.438721
vt 0.560547 0.449951
vt 0.562988 0.460693
vt 0.579102 0.387695
vt 0.562988 0.463623
vt 0.553711 0.474365
vt 0.555176 0.464600
vt 0.540527 0.472412
vt 0.554199 0.461426
vt 0.552246 0.452393
vt 0.542969 0.462891
vt 0.529785 0.467285
vt 0.542969 0.460938
vt 0.547363 0.442627
vt 0.531250 0.457275
vt 0.515137 0.459717
vt 0.531738 0.455078
vt 0.543457 0.455078
vt 0.518066 0.450928
vt 0.504883 0.449707
vt 0.539062 0.448486
vt 0.519043 0.448242
vt 0.541016 0.431641
vt 0.509277 0.443359
vt 0.494873 0.437012
vt 0.530762 0.438965
vt 0.510742 0.441406
vt 0.500977 0.433105
vt 0.488037 0.423584
vt 0.522949 0.431152
vt 0.501953 0.431397
vt 0.496338 0.420410
vt 0.485596 0.406982
vt 0.532715 0.421875
vt 0.512207 0.421631
vt 0.498047 0.419190
vt 0.495117 0.406738
vt 0.486572 0.393799
vt 0.503906 0.413086
vt 0.496582 0.406738
vt 0.521973 0.411865
vt 0.497070 0.396240
vt 0.490967 0.383545
vt 0.499268 0.396728
vt 0.511231 0.404785
vt 0.501465 0.387451
vt 0.503906 0.388916
vt 0.507324 0.380371
vt 0.496582 0.377685
vt 0.516602 0.396240
vt 0.528809 0.404785
vt 0.509766 0.381836
vt 0.516113 0.369873
vt 0.507324 0.368897
vt 0.523438 0.388672
vt 0.519531 0.370605
vt 0.533203 0.377441
vt 0.519531 0.364258
vt 0.512695 0.362793
vt 0.522461 0.364990
vt 0.522461 0.355225
vt 0.515625 0.354248
vt 0.521973 0.341553
vt 0.512207 0.339844
vt 0.512695 0.328369
vt 0.524414 0.355957
vt 0.521973 0.329102
vt 0.514160 0.314697
vt 0.532715 0.396484
vt 0.532715 0.366211
vt 0.523926 0.341309
vt 0.523926 0.316895
vt 0.517578 0.302246
vt 0.533691 0.354980
vt 0.524414 0.330078
vt 0.527832 0.305664
vt 0.521484 0.290039
vt 0.532227 0.293945
vt 0.525879 0.318603
vt 0.529785 0.307617
vt 0.534668 0.296631
vt 0.535644 0.341309
vt 0.542481 0.367432
vt 0.536621 0.332031
vt 0.538574 0.310059
vt 0.540527 0.298584
vt 0.536621 0.321045
vt 0.543457 0.354248
vt 0.547852 0.312744
vt 0.550781 0.301270
vt 0.544434 0.342041
vt 0.545898 0.322998
vt 0.544922 0.333496
vt 0.555176 0.316162
vt 0.559570 0.305908
vt 0.553223 0.324463
vt 0.551269 0.334717
vt 0.550293 0.342285
vt 0.550781 0.354004
vt 0.561035 0.319580
vt 0.566894 0.310791
vt 0.556641 0.325928
vt 0.566406 0.323486
vt 0.572266 0.317383
vt 0.562500 0.329834
vt 0.568359 0.326904
vt 0.563965 0.333496
vt 0.563477 0.341797
vt 0.558594 0.336914
vt 0.556152 0.343018
vt 0.557129 0.353516
vt 0.579102 0.346191
vt 0.565918 0.352051
vt 0.570312 0.362060
vt 0.583008 0.358643
vt 0.561523 0.363281
vt 0.584473 0.364502
vt 0.551269 0.366699
vt 0.543457 0.373047
vt 0.553711 0.374756
vt 0.539062 0.385254
vt 0.576660 0.368897
vt 0.567383 0.369629
vt 0.570801 0.368652
vt 0.573731 0.371094
vt 0.546387 0.377685
vt 0.539551 0.400879
vt 0.542969 0.390625
vt 0.550293 0.383301
vt 0.559570 0.381348
vt 0.546875 0.397705
vt 0.540527 0.415527
vt 0.548828 0.408935
vt 0.548828 0.426270
vt 0.556152 0.390625
vt 0.569824 0.373779
vt 0.554688 0.405029
vt 0.557617 0.420410
vt 0.555176 0.416748
vt 0.560547 0.412598
vt 0.562012 0.399170
vt 0.569824 0.394287
vt 0.563477 0.386963
vt 0.573242 0.380371
vt 0.579102 0.375244
vt 0.510742 0.502441
vt 0.513672 0.515625
vt 0.502441 0.518555
vt 0.499512 0.505859
vt 0.507324 0.489746
vt 0.498779 0.519043
vt 0.495850 0.494629
vt 0.502441 0.479004
vt 0.496582 0.507324
vt 0.491211 0.483643
vt 0.497559 0.468262
vt 0.489990 0.508789
vt 0.492432 0.520019
vt 0.481445 0.522949
vt 0.492920 0.495361
vt 0.485596 0.474121
vt 0.492676 0.461182
vt 0.479248 0.512207
vt 0.470947 0.524414
vt 0.486084 0.497315
vt 0.488525 0.484863
vt 0.469482 0.513672
vt 0.461670 0.524902
vt 0.476074 0.499512
vt 0.479736 0.487305
vt 0.459961 0.515137
vt 0.453125 0.523926
vt 0.483887 0.474853
vt 0.467529 0.502441
vt 0.452148 0.515625
vt 0.449463 0.528320
vt 0.461426 0.504394
vt 0.464111 0.491699
vt 0.472412 0.489014
vt 0.475342 0.478760
vt 0.479248 0.466553
vt 0.455322 0.506348
vt 0.480957 0.465820
vt 0.473633 0.458496
vt 0.486084 0.453613
vt 0.475586 0.457764
vt 0.479736 0.444336
vt 0.471680 0.447266
vt 0.480225 0.436523
vt 0.471435 0.470703
vt 0.471680 0.439453
vt 0.481445 0.428467
vt 0.468994 0.480469
vt 0.461670 0.482666
vt 0.469238 0.448730
vt 0.459473 0.456787
vt 0.473877 0.430908
vt 0.483643 0.419922
vt 0.467773 0.461426
vt 0.458252 0.476074
vt 0.456299 0.494629
vt 0.462402 0.467773
vt 0.453613 0.484863
vt 0.451416 0.507324
vt 0.454834 0.464600
vt 0.444336 0.458984
vt 0.449707 0.450684
vt 0.450195 0.472412
vt 0.448730 0.497070
vt 0.442871 0.515625
vt 0.435791 0.504883
vt 0.444580 0.488770
vt 0.447510 0.476074
vt 0.433594 0.525391
vt 0.441895 0.538086
vt 0.441406 0.466797
vt 0.426758 0.514648
vt 0.421875 0.539062
vt 0.430420 0.553223
vt 0.407471 0.552246
vt 0.413818 0.564941
vt 0.401123 0.542969
vt 0.414795 0.528809
vt 0.394531 0.533691
vt 0.407715 0.519043
vt 0.385986 0.525391
vt 0.419190 0.504394
vt 0.398193 0.509766
vt 0.379639 0.520019
vt 0.391602 0.503906
vt 0.372070 0.515137
vt 0.428467 0.495117
vt 0.418213 0.483643
vt 0.409668 0.494873
vt 0.383789 0.499023
vt 0.363525 0.510742
vt 0.403076 0.489014
vt 0.439209 0.482666
vt 0.374512 0.494873
vt 0.354980 0.508301
vt 0.394287 0.482910
vt 0.432129 0.477051
vt 0.438477 0.472168
vt 0.365478 0.491943
vt 0.343994 0.505371
vt 0.439697 0.468506
vt 0.435303 0.472168
vt 0.436279 0.464844
vt 0.434326 0.467285
vt 0.430664 0.474853
vt 0.432129 0.463379
vt 0.430420 0.469727
vt 0.430176 0.466797
vt 0.423340 0.472412
vt 0.433838 0.457520
vt 0.426270 0.461670
vt 0.423340 0.468506
vt 0.414795 0.472412
vt 0.411865 0.477295
vt 0.406982 0.472900
vt 0.427978 0.455322
vt 0.424560 0.461182
vt 0.424072 0.451660
vt 0.434082 0.450928
vt 0.415772 0.465820
vt 0.408691 0.469971
vt 0.417725 0.458252
vt 0.429199 0.449463
vt 0.436279 0.442871
vt 0.396973 0.468018
vt 0.398438 0.465332
vt 0.410156 0.463867
vt 0.410889 0.456543
vt 0.420898 0.449707
vt 0.384033 0.478272
vt 0.389404 0.464355
vt 0.400391 0.460449
vt 0.374756 0.475586
vt 0.388428 0.458496
vt 0.426514 0.441162
vt 0.353272 0.489746
vt 0.334961 0.503906
vt 0.342773 0.488281
vt 0.324951 0.502441
vt 0.331299 0.487793
vt 0.361084 0.474121
vt 0.348877 0.474121
vt 0.336914 0.473877
vt 0.336914 0.463379
vt 0.349121 0.460693
vt 0.428711 0.429688
vt 0.436035 0.431885
vt 0.449707 0.435791
vt 0.420654 0.437012
vt 0.434815 0.424560
vt 0.459717 0.438477
vt 0.415039 0.445801
vt 0.449219 0.427978
vt 0.468994 0.439941
vt 0.460205 0.430176
vt 0.470703 0.430420
vt 0.448975 0.418945
vt 0.460693 0.421143
vt 0.471680 0.421387
vt 0.403565 0.451904
vt 0.474609 0.421143
vt 0.483154 0.409668
vt 0.474121 0.413086
vt 0.478760 0.396973
vt 0.470947 0.412842
vt 0.461426 0.412353
vt 0.469971 0.401611
vt 0.471435 0.387451
vt 0.468018 0.402100
vt 0.450928 0.409912
vt 0.461914 0.391113
vt 0.461182 0.375000
vt 0.459961 0.391846
vt 0.462402 0.403320
vt 0.453125 0.379395
vt 0.449219 0.366699
vt 0.455078 0.400391
vt 0.450684 0.381103
vt 0.438965 0.406006
vt 0.444092 0.372315
vt 0.435059 0.359619
vt 0.444092 0.394287
vt 0.442627 0.374268
vt 0.432373 0.366211
vt 0.420410 0.355469
vt 0.434815 0.388428
vt 0.430908 0.367432
vt 0.418945 0.364258
vt 0.403565 0.356445
vt 0.427734 0.399658
vt 0.423340 0.379883
vt 0.417969 0.366211
vt 0.405273 0.365723
vt 0.391113 0.359863
vt 0.413330 0.373291
vt 0.405762 0.367188
vt 0.415772 0.391113
vt 0.395264 0.369873
vt 0.381836 0.366455
vt 0.396240 0.371826
vt 0.406494 0.381836
vt 0.387695 0.375732
vt 0.389648 0.377930
vt 0.381836 0.383057
vt 0.376953 0.373047
vt 0.399414 0.388916
vt 0.410156 0.399414
vt 0.383789 0.385254
vt 0.373291 0.394043
vt 0.370605 0.385254
vt 0.393310 0.397217
vt 0.368408 0.398193
vt 0.365723 0.391846
vt 0.374756 0.396728
vt 0.384277 0.409180
vt 0.360352 0.402588
vt 0.357910 0.396484
vt 0.369873 0.400879
vt 0.346680 0.405029
vt 0.343262 0.395996
vt 0.332031 0.398682
vt 0.361328 0.404785
vt 0.334717 0.407715
vt 0.318848 0.403076
vt 0.402832 0.404785
vt 0.373047 0.410645
vt 0.346924 0.407227
vt 0.322998 0.412109
vt 0.307373 0.408447
vt 0.362305 0.414062
vt 0.335938 0.409668
vt 0.312744 0.418213
vt 0.296387 0.415039
vt 0.302246 0.424805
vt 0.325195 0.413818
vt 0.315185 0.419678
vt 0.305176 0.426514
vt 0.349121 0.418701
vt 0.376221 0.420166
vt 0.340332 0.421387
vt 0.319336 0.427490
vt 0.308350 0.431641
vt 0.329590 0.423828
vt 0.363525 0.423828
vt 0.323730 0.436035
vt 0.313232 0.441406
vt 0.351807 0.427246
vt 0.333252 0.432129
vt 0.343506 0.429443
vt 0.328613 0.442871
vt 0.319580 0.449219
vt 0.336426 0.439209
vt 0.345947 0.435059
vt 0.353272 0.432861
vt 0.364746 0.430664
vt 0.333008 0.447754
vt 0.325684 0.455566
vt 0.338379 0.442383
vt 0.338135 0.452393
vt 0.333252 0.459228
vt 0.343506 0.447510
vt 0.341797 0.453369
vt 0.347168 0.447998
vt 0.355225 0.445801
vt 0.349609 0.442139
vt 0.354980 0.438232
vt 0.365723 0.437012
vt 0.362793 0.460205
vt 0.365967 0.446045
vt 0.376465 0.448242
vt 0.375732 0.461670
vt 0.375977 0.439697
vt 0.381836 0.461670
vt 0.377441 0.428711
vt 0.381836 0.419922
vt 0.385498 0.429443
vt 0.393066 0.413330
vt 0.384522 0.453125
vt 0.383301 0.444092
vt 0.383301 0.447754
vt 0.386230 0.449951
vt 0.387207 0.421875
vt 0.408447 0.410400
vt 0.399170 0.415772
vt 0.393555 0.424560
vt 0.393310 0.433838
vt 0.406982 0.418457
vt 0.422852 0.408447
vt 0.418213 0.417725
vt 0.435303 0.414551
vt 0.401855 0.428955
vt 0.387940 0.445801
vt 0.415527 0.424316
vt 0.431152 0.424316
vt 0.427002 0.422363
vt 0.424072 0.428711
vt 0.411133 0.432617
vt 0.408203 0.441406
vt 0.399414 0.436768
vt 0.395020 0.447754
vt 0.391357 0.454346
vt 0.805176 0.992676
vt 0.799316 0.988769
vt 0.810547 0.982910
vt 0.805664 0.979004
vt 0.794922 0.985352
vt 0.808594 0.974609
vt 0.812988 0.978027
vt 0.801269 0.975098
vt 0.790527 0.982422
vt 0.803711 0.970215
vt 0.808106 0.964356
vt 0.812500 0.969727
vt 0.817383 0.974609
vt 0.817871 0.964844
vt 0.822754 0.969727
vt 0.796387 0.971680
vt 0.786621 0.979492
vt 0.798340 0.967285
vt 0.824219 0.959473
vt 0.828613 0.964356
vt 0.791504 0.968750
vt 0.784180 0.965820
vt 0.779785 0.976074
vt 0.768066 0.971191
vt 0.801758 0.960449
vt 0.792969 0.964356
vt 0.814941 0.961426
vt 0.831543 0.954590
vt 0.835938 0.958984
vt 0.838379 0.957031
vt 0.821777 0.955078
vt 0.812012 0.956055
vt 0.795410 0.957519
vt 0.805664 0.952637
vt 0.798340 0.948731
vt 0.835449 0.952637
vt 0.828613 0.950195
vt 0.838379 0.951660
vt 0.840820 0.955566
vt 0.843262 0.955078
vt 0.818848 0.949707
vt 0.832519 0.947754
vt 0.809082 0.943848
vt 0.816894 0.947754
vt 0.825195 0.942871
vt 0.829102 0.941406
vt 0.802734 0.939941
vt 0.841309 0.950684
vt 0.835938 0.946289
vt 0.833008 0.939941
vt 0.828125 0.937988
vt 0.831543 0.937012
vt 0.839356 0.945801
vt 0.842773 0.945312
vt 0.838379 0.941406
vt 0.841797 0.940918
vt 0.845703 0.940430
vt 0.843750 0.949707
vt 0.845703 0.954102
vt 0.821777 0.939453
vt 0.825684 0.932129
vt 0.847168 0.949219
vt 0.849609 0.953125
vt 0.853516 0.950684
vt 0.846191 0.944824
vt 0.851562 0.947754
vt 0.857422 0.948242
vt 0.850586 0.944336
vt 0.850098 0.940918
vt 0.855957 0.946777
vt 0.858398 0.945801
vt 0.855469 0.944824
vt 0.855957 0.942383
vt 0.668457 0.900391
vt 0.669434 0.897461
vt 0.671387 0.896484
vt 0.670898 0.898438
vt 0.672852 0.897461
vt 0.672852 0.895996
vt 0.674805 0.896484
vt 0.680176 0.898926
vt 0.677246 0.901856
vt 0.682617 0.901856
vt 0.673340 0.903809
vt 0.679199 0.903809
vt 0.685547 0.904297
vt 0.670410 0.907227
vt 0.667969 0.908691
vt 0.680664 0.905762
vt 0.686523 0.906738
vt 0.675781 0.906738
vt 0.671387 0.910644
vt 0.668945 0.912109
vt 0.682129 0.908203
vt 0.687988 0.910644
vt 0.676758 0.908203
vt 0.672363 0.913086
vt 0.670410 0.914551
vt 0.684082 0.911621
vt 0.688965 0.914551
vt 0.678223 0.910156
vt 0.673340 0.914551
vt 0.670898 0.916504
vt 0.685547 0.914551
vt 0.690918 0.917481
vt 0.679688 0.913574
vt 0.675781 0.917481
vt 0.673828 0.920898
vt 0.681152 0.916016
vt 0.677246 0.919922
vt 0.676269 0.923828
vt 0.686523 0.918457
vt 0.682129 0.920410
vt 0.678711 0.923828
vt 0.676758 0.926758
vt 0.694336 0.931152
vt 0.692383 0.917969
vt 0.682617 0.936523
vt 0.675293 0.932617
vt 0.689453 0.934570
vt 0.669434 0.939453
vt 0.685059 0.942383
vt 0.667969 0.934570
vt 0.691894 0.939453
vt 0.698242 0.933106
vt 0.696777 0.928223
vt 0.665039 0.940430
vt 0.664551 0.935547
vt 0.693848 0.943848
vt 0.661621 0.940918
vt 0.661621 0.936523
vt 0.658203 0.940918
vt 0.657227 0.937012
vt 0.662598 0.944336
vt 0.667481 0.943848
vt 0.655273 0.939453
vt 0.653809 0.937500
vt 0.670898 0.942383
vt 0.658691 0.944336
vt 0.651856 0.940918
vt 0.650879 0.938477
vt 0.655762 0.943359
vt 0.645996 0.942871
vt 0.645996 0.940918
vt 0.642578 0.943359
vt 0.652344 0.944336
vt 0.643066 0.944336
vt 0.641602 0.945801
vt 0.645996 0.945312
vt 0.652344 0.947266
vt 0.656250 0.947266
vt 0.643066 0.945312
vt 0.643555 0.947266
vt 0.642090 0.948731
vt 0.645508 0.950684
vt 0.646484 0.947754
vt 0.653320 0.950684
vt 0.656250 0.951660
vt 0.659668 0.947754
vt 0.659668 0.952148
vt 0.663574 0.946289
vt 0.665039 0.950684
vt 0.668457 0.945801
vt 0.669434 0.948242
vt 0.672852 0.944336
vt 0.674316 0.945801
vt 0.678223 0.943359
vt 0.677246 0.944336
vt 0.682129 0.946777
vt 0.680176 0.945801
vt 0.677734 0.944824
vt 0.677734 0.945801
vt 0.677246 0.946289
vt 0.678711 0.948731
vt 0.685059 0.950195
vt 0.676758 0.949219
vt 0.675781 0.946289
vt 0.672363 0.948242
vt 0.679199 0.953125
vt 0.674805 0.950684
vt 0.672363 0.952148
vt 0.669434 0.949219
vt 0.681641 0.952148
vt 0.677246 0.953613
vt 0.669922 0.954102
vt 0.666016 0.952148
vt 0.662598 0.957519
vt 0.666504 0.957519
vt 0.663086 0.963867
vt 0.672852 0.957031
vt 0.665527 0.962891
vt 0.666504 0.967285
vt 0.669922 0.959473
vt 0.675293 0.955566
vt 0.674805 0.960449
vt 0.667481 0.963379
vt 0.677246 0.958984
vt 0.671875 0.962402
vt 0.668945 0.964844
vt 0.676269 0.963867
vt 0.679688 0.957519
vt 0.672852 0.965332
vt 0.669434 0.966309
vt 0.679199 0.962891
vt 0.681641 0.956543
vt 0.669434 0.967773
vt 0.668945 0.969238
vt 0.673340 0.970703
vt 0.672852 0.967773
vt 0.678223 0.970703
vt 0.677246 0.967285
vt 0.680176 0.966309
vt 0.681641 0.969727
vt 0.681152 0.961426
vt 0.682617 0.965332
vt 0.684570 0.964356
vt 0.684082 0.969238
vt 0.686035 0.968750
vt 0.687988 0.968262
vt 0.683594 0.960938
vt 0.687012 0.963379
vt 0.690430 0.967773
vt 0.684570 0.955566
vt 0.686035 0.959961
vt 0.687988 0.954102
vt 0.689453 0.958984
vt 0.689941 0.962891
vt 0.697754 0.953125
vt 0.698242 0.963379
vt 0.698731 0.968750
vt 0.706055 0.968750
vt 0.697754 0.958496
vt 0.706055 0.964356
vt 0.711426 0.970215
vt 0.709473 0.958984
vt 0.695312 0.948242
vt 0.717773 0.964356
vt 0.711914 0.954102
vt 0.705078 0.936523
vt 0.720215 0.969727
vt 0.713867 0.974121
vt 0.710449 0.942383
vt 0.716309 0.927734
vt 0.702637 0.925781
vt 0.723144 0.974609
vt 0.717285 0.978516
vt 0.723633 0.988281
vt 0.729492 0.983398
vt 0.730469 0.968262
vt 0.736816 0.978027
vt 0.728027 0.963379
vt 0.738281 0.963379
vt 0.743652 0.973633
vt 0.724121 0.958496
vt 0.735840 0.958496
vt 0.744141 0.961426
vt 0.747559 0.972168
vt 0.717285 0.950195
vt 0.725586 0.944824
vt 0.731934 0.953125
vt 0.738281 0.949707
vt 0.741699 0.955566
vt 0.749512 0.959473
vt 0.751953 0.970703
vt 0.748535 0.954102
vt 0.756348 0.958984
vt 0.756836 0.969727
vt 0.760254 0.969238
vt 0.762207 0.958984
vt 0.755859 0.953125
vt 0.771484 0.960938
vt 0.762695 0.954102
vt 0.747070 0.947754
vt 0.772949 0.956055
vt 0.756348 0.945801
vt 0.786133 0.960938
vt 0.765137 0.945801
vt 0.787109 0.953613
vt 0.774902 0.949219
vt 0.790039 0.944824
vt 0.768066 0.937500
vt 0.778320 0.940430
vt 0.794434 0.935059
vt 0.781738 0.929688
vt 0.771973 0.928711
vt 0.759766 0.937012
vt 0.755371 0.937012
vt 0.765137 0.926758
vt 0.748535 0.937012
vt 0.774902 0.918457
vt 0.765137 0.916504
vt 0.755371 0.926758
vt 0.739746 0.937988
vt 0.747559 0.927734
vt 0.734375 0.940430
vt 0.738769 0.928223
vt 0.732422 0.930176
vt 0.781738 0.918945
vt 0.775879 0.907227
vt 0.788086 0.921387
vt 0.784668 0.907715
vt 0.784180 0.898926
vt 0.774902 0.901367
vt 0.766602 0.907715
vt 0.738281 0.922852
vt 0.731934 0.923340
vt 0.732422 0.916992
vt 0.746094 0.921387
vt 0.755859 0.919922
vt 0.759766 0.907227
vt 0.754394 0.909668
vt 0.749512 0.913086
vt 0.743652 0.916016
vt 0.737305 0.917481
vt 0.736816 0.914551
vt 0.742188 0.913574
vt 0.747070 0.910644
vt 0.750488 0.907715
vt 0.766602 0.902344
vt 0.744141 0.907715
vt 0.753418 0.904785
vt 0.760742 0.901856
vt 0.746582 0.905762
vt 0.749023 0.902832
vt 0.742676 0.897949
vt 0.740723 0.900879
vt 0.740234 0.895996
vt 0.740723 0.910644
vt 0.765625 0.892578
vt 0.761231 0.893555
vt 0.760742 0.889160
vt 0.738769 0.903320
vt 0.738769 0.899414
vt 0.738281 0.894531
vt 0.771973 0.890137
vt 0.765625 0.889160
vt 0.760254 0.885254
vt 0.736816 0.897949
vt 0.735840 0.893066
vt 0.736816 0.901367
vt 0.776856 0.889160
vt 0.765137 0.884766
vt 0.758301 0.877930
vt 0.771484 0.886719
vt 0.734863 0.896484
vt 0.733887 0.892090
vt 0.763672 0.877930
vt 0.758301 0.874512
vt 0.770508 0.883301
vt 0.763184 0.875000
vt 0.758301 0.871094
vt 0.776367 0.885254
vt 0.769043 0.877441
vt 0.762695 0.871582
vt 0.758789 0.866699
vt 0.775391 0.881836
vt 0.768066 0.875000
vt 0.773438 0.875977
vt 0.781738 0.882812
vt 0.782227 0.886719
vt 0.780762 0.877930
vt 0.779297 0.873047
vt 0.777344 0.870117
vt 0.786133 0.889160
vt 0.772461 0.873047
vt 0.774902 0.866699
vt 0.767090 0.871582
vt 0.770996 0.870117
vt 0.761719 0.868164
vt 0.768555 0.865723
vt 0.770019 0.861816
vt 0.765625 0.867676
vt 0.764160 0.860352
vt 0.766602 0.859863
vt 0.761231 0.863281
vt 0.760254 0.861328
vt 0.762695 0.861816
vt 0.762695 0.859375
vt 0.764648 0.858398
vt 0.686035 0.886231
vt 0.687988 0.885254
vt 0.685547 0.890137
vt 0.688965 0.889160
vt 0.689941 0.883789
vt 0.689453 0.894531
vt 0.686035 0.896484
vt 0.687012 0.899414
vt 0.691406 0.888184
vt 0.692871 0.883301
vt 0.692871 0.892578
vt 0.694824 0.887207
vt 0.697754 0.886231
vt 0.700195 0.890137
vt 0.696777 0.891113
vt 0.701660 0.893555
vt 0.698242 0.894043
vt 0.703125 0.896484
vt 0.694336 0.895996
vt 0.699219 0.896973
vt 0.707031 0.902344
vt 0.690430 0.897461
vt 0.701172 0.903320
vt 0.708008 0.905762
vt 0.695312 0.898438
vt 0.690918 0.900391
vt 0.687988 0.901856
vt 0.702637 0.906738
vt 0.709473 0.908691
vt 0.697754 0.904297
vt 0.692871 0.905273
vt 0.688965 0.906250
vt 0.698731 0.907715
vt 0.694336 0.908691
vt 0.690430 0.909180
vt 0.703125 0.910644
vt 0.694336 0.911133
vt 0.691406 0.912109
vt 0.699219 0.910644
vt 0.693848 0.917969
vt 0.700195 0.916992
vt 0.705566 0.917481
vt 0.711914 0.916016
vt 0.709473 0.922852
vt 0.712891 0.916016
vt 0.712891 0.922852
vt 0.716797 0.918457
vt 0.716309 0.920410
vt 0.715820 0.918457
vt 0.718262 0.918457
vt 0.719238 0.912109
vt 0.715820 0.911621
vt 0.718750 0.909668
vt 0.715820 0.909180
vt 0.718750 0.907715
vt 0.716797 0.907227
vt 0.718750 0.906250
vt 0.717285 0.905762
vt 0.719238 0.905273
vt 0.717285 0.904785
vt 0.719727 0.899414
vt 0.720215 0.899902
vt 0.721680 0.897461
vt 0.721191 0.905762
vt 0.721191 0.906738
vt 0.721191 0.907715
vt 0.721680 0.910156
vt 0.721191 0.899902
vt 0.724609 0.904785
vt 0.724609 0.906250
vt 0.722656 0.899414
vt 0.724121 0.898438
vt 0.724609 0.897949
vt 0.729492 0.901367
vt 0.727539 0.903320
vt 0.725098 0.907227
vt 0.727539 0.905273
vt 0.725586 0.910156
vt 0.728516 0.906738
vt 0.729492 0.903320
vt 0.729981 0.904297
vt 0.730957 0.900879
vt 0.731934 0.902344
vt 0.730957 0.900391
vt 0.726074 0.897949
vt 0.732422 0.899902
vt 0.727051 0.897461
vt 0.725098 0.895019
vt 0.727539 0.895996
vt 0.731934 0.899414
vt 0.732910 0.897461
vt 0.727539 0.895019
vt 0.727539 0.894043
vt 0.727539 0.892578
vt 0.733398 0.895508
vt 0.733887 0.898438
vt 0.733887 0.901367
vt 0.735352 0.899414
vt 0.732910 0.904297
vt 0.734863 0.902832
vt 0.736816 0.905273
vt 0.734375 0.907227
vt 0.736328 0.911621
vt 0.730957 0.905762
vt 0.731934 0.908203
vt 0.729004 0.909668
vt 0.732422 0.912109
vt 0.732910 0.914551
vt 0.729492 0.911621
vt 0.726074 0.912598
vt 0.729981 0.914551
vt 0.721680 0.912598
vt 0.726562 0.915039
vt 0.722168 0.915039
vt 0.726562 0.917481
vt 0.722168 0.917481
vt 0.726562 0.923828
vt 0.720215 0.923340
vt 0.725586 0.931641
vt 0.719238 0.934570
vt 0.773438 0.505371
vt 0.771973 0.527344
vt 0.762695 0.532715
vt 0.762695 0.514648
vt 0.733398 0.548828
vt 0.752441 0.555664
vt 0.757324 0.495605
vt 0.777344 0.489014
vt 0.737305 0.562012
vt 0.744629 0.588867
vt 0.720703 0.594238
vt 0.741699 0.598144
vt 0.728516 0.532715
vt 0.754883 0.480713
vt 0.780273 0.475586
vt 0.721191 0.506348
vt 0.716797 0.487793
vt 0.713379 0.569824
vt 0.711914 0.560547
vt 0.697266 0.511231
vt 0.692871 0.490234
vt 0.706543 0.540527
vt 0.670410 0.518066
vt 0.663086 0.492676
vt 0.634766 0.495605
vt 0.682129 0.545410
vt 0.643555 0.522461
vt 0.604492 0.498779
vt 0.695312 0.570312
vt 0.655762 0.550293
vt 0.617188 0.527344
vt 0.704102 0.599609
vt 0.587891 0.532715
vt 0.574219 0.502441
vt 0.629883 0.555176
vt 0.668457 0.578613
vt 0.723633 0.601562
vt 0.726074 0.622559
vt 0.745606 0.614258
vt 0.752441 0.641602
vt 0.707031 0.629883
vt 0.734863 0.651856
vt 0.761719 0.673828
vt 0.677734 0.607910
vt 0.743652 0.680176
vt 0.772949 0.700195
vt 0.713867 0.659668
vt 0.751953 0.708984
vt 0.795410 0.733398
vt 0.643066 0.585938
vt 0.684570 0.638672
vt 0.721191 0.689453
vt 0.761719 0.744141
vt 0.799316 0.739746
vt 0.653320 0.615723
vt 0.616699 0.593262
vt 0.690430 0.668945
vt 0.728516 0.719238
vt 0.770996 0.757324
vt 0.805664 0.758301
vt 0.602051 0.561523
vt 0.660156 0.647461
vt 0.696777 0.699707
vt 0.770019 0.765137
vt 0.805664 0.763184
vt 0.814453 0.832519
vt 0.780273 0.833984
vt 0.744629 0.770508
vt 0.758789 0.839844
vt 0.743652 0.766113
vt 0.715820 0.781250
vt 0.735840 0.849121
vt 0.735840 0.747559
vt 0.713379 0.775391
vt 0.693848 0.789062
vt 0.719238 0.855957
vt 0.703613 0.729004
vt 0.709473 0.756348
vt 0.689941 0.786133
vt 0.675781 0.796875
vt 0.706055 0.862305
vt 0.646484 0.811523
vt 0.683106 0.875000
vt 0.673340 0.793945
vt 0.685547 0.766113
vt 0.678223 0.739258
vt 0.671875 0.709961
vt 0.614746 0.829102
vt 0.657227 0.890625
vt 0.645019 0.809082
vt 0.662109 0.776367
vt 0.654297 0.750000
vt 0.666016 0.678711
vt 0.573731 0.848633
vt 0.622559 0.909180
vt 0.635742 0.790039
vt 0.613769 0.826660
vt 0.648926 0.721191
vt 0.643555 0.689453
vt 0.541016 0.864258
vt 0.592773 0.925781
vt 0.629883 0.763672
vt 0.606934 0.805176
vt 0.573242 0.847168
vt 0.624512 0.733887
vt 0.636719 0.657715
vt 0.574707 0.822754
vt 0.602051 0.779297
vt 0.619141 0.702148
vt 0.628418 0.624512
vt 0.598633 0.749023
vt 0.611816 0.669434
vt 0.602051 0.636231
vt 0.593750 0.716797
vt 0.573731 0.794922
vt 0.587891 0.603516
vt 0.585938 0.683594
vt 0.571777 0.764160
vt 0.570801 0.572754
vt 0.574219 0.649902
vt 0.567871 0.731445
vt 0.552246 0.542969
vt 0.533691 0.515137
vt 0.558106 0.617676
vt 0.560059 0.698242
vt 0.537598 0.587402
vt 0.513672 0.561035
vt 0.488281 0.539062
vt 0.547852 0.665039
vt 0.529785 0.634277
vt 0.479004 0.583984
vt 0.448975 0.568848
vt 0.506348 0.606445
vt 0.449951 0.609863
vt 0.411621 0.600586
vt 0.480469 0.627930
vt 0.504883 0.652344
vt 0.523438 0.681152
vt 0.535644 0.713379
vt 0.542969 0.746094
vt 0.545898 0.778320
vt 0.545898 0.809570
vt 0.543945 0.837891
vt 0.540527 0.862793
vt 0.513672 0.851074
vt 0.519043 0.822266
vt 0.520996 0.791016
vt 0.519531 0.759277
vt 0.503906 0.878418
vt 0.488281 0.861328
vt 0.494873 0.832519
vt 0.505859 0.880859
vt 0.558594 0.944824
vt 0.478272 0.889160
vt 0.480225 0.890625
vt 0.529785 0.959961
vt 0.455810 0.897949
vt 0.496582 0.974609
vt 0.466065 0.868652
vt 0.497803 0.801758
vt 0.454834 0.895996
vt 0.436768 0.902832
vt 0.465820 0.985352
vt 0.472656 0.839844
vt 0.435547 0.899902
vt 0.421387 0.902832
vt 0.435059 0.989746
vt 0.446289 0.872559
vt 0.405762 0.902832
vt 0.407227 0.902832
vt 0.401367 0.988281
vt 0.394287 0.897461
vt 0.369873 0.981934
vt 0.421143 0.901856
vt 0.428711 0.872070
vt 0.451904 0.842773
vt 0.379395 0.896973
vt 0.341309 0.973144
vt 0.359863 0.893066
vt 0.310791 0.959961
vt 0.380615 0.895508
vt 0.395020 0.896484
vt 0.391113 0.867188
vt 0.409424 0.872070
vt 0.476074 0.809082
vt 0.431152 0.842285
vt 0.335449 0.884766
vt 0.280029 0.943359
vt 0.310547 0.874512
vt 0.253418 0.927246
vt 0.337647 0.883301
vt 0.275879 0.858398
vt 0.220703 0.910156
vt 0.497315 0.770019
vt 0.361084 0.891113
vt 0.372559 0.866211
vt 0.312744 0.872070
vt 0.352051 0.861816
vt 0.242676 0.844727
vt 0.192261 0.895508
vt 0.513184 0.727051
vt 0.501953 0.696777
vt 0.492676 0.739746
vt 0.484863 0.670898
vt 0.201904 0.824707
vt 0.159546 0.879394
vt 0.476318 0.778809
vt 0.483398 0.711914
vt 0.462647 0.650391
vt 0.169434 0.808106
vt 0.135376 0.866699
vt 0.473389 0.750488
vt 0.454834 0.812988
vt 0.468994 0.689453
vt 0.436768 0.636719
vt 0.455810 0.784180
vt 0.433105 0.813965
vt 0.467285 0.726074
vt 0.450928 0.672363
vt 0.454346 0.758301
vt 0.410645 0.841309
vt 0.434082 0.786621
vt 0.456055 0.707031
vt 0.410889 0.813477
vt 0.390381 0.838867
vt 0.389404 0.811035
vt 0.369385 0.836914
vt 0.367920 0.808106
vt 0.347900 0.833008
vt 0.346435 0.803223
vt 0.411133 0.786621
vt 0.388672 0.784668
vt 0.367188 0.780762
vt 0.346435 0.773926
vt 0.433838 0.762695
vt 0.411377 0.762207
vt 0.389160 0.761231
vt 0.368897 0.755371
vt 0.450195 0.737793
vt 0.428955 0.748047
vt 0.442627 0.725098
vt 0.431641 0.714356
vt 0.348633 0.746094
vt 0.421875 0.737305
vt 0.411865 0.730469
vt 0.441895 0.692871
vt 0.419434 0.706055
vt 0.430908 0.661621
vt 0.426025 0.683594
vt 0.412109 0.633789
vt 0.412109 0.656738
vt 0.412109 0.678223
vt 0.412109 0.698242
vt 0.404541 0.705566
vt 0.398193 0.683106
vt 0.393066 0.660644
vt 0.386719 0.635254
vt 0.382080 0.691406
vt 0.392090 0.712891
vt 0.372803 0.669922
vt 0.373047 0.607422
vt 0.373535 0.566406
vt 0.401367 0.736816
vt 0.394043 0.746582
vt 0.367188 0.704590
vt 0.360840 0.647461
vt 0.343506 0.581055
vt 0.333252 0.535644
vt 0.373047 0.734863
vt 0.380859 0.723144
vt 0.355225 0.722656
vt 0.353516 0.686035
vt 0.342285 0.624023
vt 0.337647 0.708008
vt 0.337647 0.666992
vt 0.327881 0.734863
vt 0.318603 0.692383
vt 0.317383 0.646973
vt 0.315918 0.602539
vt 0.323730 0.764648
vt 0.306152 0.722168
vt 0.297607 0.675781
vt 0.323730 0.795410
vt 0.299805 0.752930
vt 0.325195 0.825684
vt 0.307861 0.557129
vt 0.286865 0.510742
vt 0.292236 0.628906
vt 0.284180 0.707519
vt 0.298340 0.784668
vt 0.329346 0.854492
vt 0.284424 0.583008
vt 0.273438 0.658691
vt 0.275879 0.739746
vt 0.300049 0.815918
vt 0.305420 0.844238
vt 0.272217 0.771973
vt 0.260254 0.690918
vt 0.263428 0.611816
vt 0.276367 0.855957
vt 0.272217 0.803223
vt 0.251709 0.725098
vt 0.246216 0.643066
vt 0.274414 0.831055
vt 0.243774 0.841309
vt 0.246338 0.758301
vt 0.234253 0.675293
vt 0.242676 0.816894
vt 0.203491 0.821289
vt 0.243896 0.789062
vt 0.225830 0.709473
vt 0.219605 0.743652
vt 0.215332 0.773438
vt 0.210571 0.799316
vt 0.172241 0.804199
vt 0.181641 0.783691
vt 0.187622 0.758789
vt 0.192871 0.729492
vt 0.199219 0.696777
vt 0.207153 0.663574
vt 0.217773 0.630859
vt 0.232666 0.598633
vt 0.250244 0.567871
vt 0.268555 0.538086
vt 0.245117 0.497559
vt 0.231567 0.527344
vt 0.213745 0.493408
vt 0.217285 0.557617
vt 0.202515 0.589844
vt 0.190796 0.619629
vt 0.188721 0.552246
vt 0.201538 0.522461
vt 0.181519 0.655762
vt 0.165894 0.613281
vt 0.174316 0.517578
vt 0.182373 0.490478
vt 0.174072 0.686523
vt 0.175415 0.584473
vt 0.162109 0.547363
vt 0.146973 0.513672
vt 0.153564 0.488037
vt 0.123413 0.486328
vt 0.149902 0.576660
vt 0.135864 0.541992
vt 0.119751 0.508789
vt 0.098694 0.484863
vt 0.094788 0.504394
vt 0.059387 0.479980
vt 0.140015 0.606934
vt 0.122620 0.567383
vt 0.110901 0.537109
vt 0.106140 0.557617
vt 0.111084 0.601074
vt 0.088562 0.530273
vt 0.057953 0.495117
vt 0.104248 0.566406
vt 0.037292 0.489746
vt 0.034058 0.476562
vt 0.041840 0.505371
vt 0.053253 0.515625
vt 0.084595 0.544922
vt 0.067627 0.535644
vt 0.073486 0.559570
vt 0.084045 0.561523
vt 0.074951 0.585938
vt 0.096802 0.592773
vt 0.074341 0.596191
vt 0.092346 0.601562
vt 0.109680 0.627930
vt 0.090393 0.620117
vt 0.070679 0.611328
vt 0.064392 0.639160
vt 0.081116 0.649414
vt 0.051849 0.671387
vt 0.133179 0.637207
vt 0.069824 0.678223
vt 0.040680 0.698731
vt 0.101990 0.657715
vt 0.158447 0.645996
vt 0.061371 0.707519
vt 0.018326 0.732910
vt 0.126587 0.666504
vt 0.091980 0.687012
vt 0.150757 0.676758
vt 0.051453 0.742188
vt 0.014389 0.739746
vt 0.118225 0.697266
vt 0.085449 0.716797
vt 0.167847 0.717285
vt 0.144409 0.707031
vt 0.162598 0.746094
vt 0.111023 0.726562
vt 0.043243 0.757812
vt 0.010620 0.760254
vt 0.077820 0.745606
vt 0.138672 0.735840
vt 0.153076 0.770996
vt 0.104431 0.753906
vt 0.129273 0.761719
vt 0.143189 0.789062
vt 0.073975 0.764160
vt 0.126587 0.781250
vt 0.139526 0.793457
vt 0.115051 0.855957
vt 0.105469 0.772461
vt 0.124573 0.785156
vt 0.105774 0.849609
vt 0.102722 0.776367
vt 0.091309 0.843262
vt 0.069092 0.768555
vt 0.065735 0.837402
vt 0.043732 0.764648
vt 0.043793 0.833984
vt 0.011765 0.766113
vt 0.012840 0.836914
vt 0.041840 0.505371
vt 0.053253 0.515625
vt 0.067627 0.535644
vt 0.051025 0.520019
vt 0.736328 0.473877
vt 0.731445 0.458496
vt 0.745117 0.472656
vt 0.740234 0.455566
vt 0.760254 0.470215
vt 0.757812 0.461914
vt 0.776856 0.464600
vt 0.774414 0.456299
vt 0.743652 0.438232
vt 0.759277 0.432373
vt 0.732422 0.440674
vt 0.726074 0.439941
vt 0.732910 0.419678
vt 0.724121 0.420654
vt 0.719727 0.421387
vt 0.746094 0.415039
vt 0.762207 0.408203
vt 0.742676 0.400879
vt 0.760742 0.400391
vt 0.728516 0.406982
vt 0.720703 0.409668
vt 0.715332 0.410400
vt 0.700684 0.415527
vt 0.706055 0.428711
vt 0.687500 0.421875
vt 0.708008 0.446289
vt 0.690918 0.435303
vt 0.678711 0.432129
vt 0.708496 0.463867
vt 0.731445 0.475586
vt 0.710938 0.478516
vt 0.687012 0.438477
vt 0.673828 0.440918
vt 0.693359 0.451172
vt 0.693359 0.470459
vt 0.695801 0.481690
vt 0.680176 0.443359
vt 0.670898 0.450440
vt 0.688477 0.453125
vt 0.690430 0.471924
vt 0.689453 0.481445
vt 0.676758 0.449951
vt 0.668457 0.458252
vt 0.683106 0.453613
vt 0.686035 0.468994
vt 0.681641 0.470703
vt 0.674316 0.455322
vt 0.674316 0.463867
vt 0.679199 0.454834
vt 0.680176 0.460938
vt 0.937500 0.867676
vt 0.933594 0.868164
vt 0.937988 0.862305
vt 0.927734 0.856445
vt 0.930664 0.853516
vt 0.920898 0.843750
vt 0.940918 0.852539
vt 0.946777 0.863281
vt 0.922852 0.842285
vt 0.950684 0.852539
vt 0.956543 0.869629
vt 0.960449 0.852539
vt 0.959961 0.832031
vt 0.937988 0.835449
vt 0.950684 0.832031
vt 0.953613 0.819824
vt 0.934570 0.823731
vt 0.934570 0.804688
vt 0.917969 0.829102
vt 0.915527 0.830566
vt 0.913574 0.812012
vt 0.909668 0.813477
vt 0.927734 0.808106
vt 0.915527 0.791504
vt 0.907227 0.795410
vt 0.905273 0.795410
vt 0.912109 0.793457
vt 0.904785 0.784668
vt 0.905762 0.786133
vt 0.945312 0.922852
vt 0.941406 0.929199
vt 0.940918 0.921875
vt 0.951660 0.921875
vt 0.939453 0.940918
vt 0.953125 0.938477
vt 0.964844 0.918457
vt 0.966309 0.937988
vt 0.967773 0.957519
vt 0.951660 0.949707
vt 0.934570 0.952637
vt 0.945312 0.971191
vt 0.962402 0.971191
vt 0.930176 0.970215
vt 0.950195 0.981445
vt 0.938477 0.981934
vt 0.928223 0.985352
vt 0.928223 0.994629
vt 0.888672 0.909180
vt 0.884766 0.905762
vt 0.893066 0.907715
vt 0.889160 0.902832
vt 0.899414 0.901856
vt 0.877930 0.897949
vt 0.883789 0.894531
vt 0.878906 0.885254
vt 0.873047 0.889160
vt 0.875000 0.876953
vt 0.884766 0.875000
vt 0.871582 0.881836
vt 0.875977 0.870606
vt 0.886719 0.882812
vt 0.891602 0.891113
vt 0.895508 0.898438
vt 0.902832 0.894531
vt 0.898438 0.886719
vt 0.895019 0.878418
vt 0.879883 0.869141
vt 0.865723 0.862793
vt 0.863281 0.866699
vt 0.854492 0.856445
vt 0.851562 0.858887
vt 0.838379 0.846191
vt 0.835938 0.847168
vt 0.826172 0.835449
vt 0.824707 0.835938
vt 0.822266 0.825684
vt 0.823731 0.827637
vt 0.834473 0.832031
vt 0.849121 0.837402
vt 0.865234 0.846191
vt 0.848633 0.821777
vt 0.846680 0.819824
vt 0.843262 0.826172
vt 0.863769 0.823242
vt 0.862793 0.820312
vt 0.860352 0.828613
vt 0.877441 0.828613
vt 0.876953 0.825684
vt 0.893555 0.838379
vt 0.872559 0.835938
vt 0.891113 0.841309
vt 0.904297 0.854492
vt 0.877441 0.854981
vt 0.886719 0.845703
vt 0.902832 0.857422
vt 0.897461 0.859863
vt 0.907715 0.865234
vt 0.908691 0.860840
vt 0.910644 0.858887
vt 0.913086 0.861816
vt 0.915039 0.855957
vt 0.917969 0.858887
vt 0.918945 0.861816
vt 0.915039 0.867188
vt 0.925293 0.870117
vt 0.888672 0.864258
vt 0.919922 0.875488
vt 0.928711 0.876953
vt 0.900879 0.868652
vt 0.893066 0.870117
vt 0.909180 0.872070
vt 0.923340 0.881836
vt 0.933106 0.881836
vt 0.926269 0.887207
vt 0.884766 0.872070
vt 0.894531 0.872559
vt 0.903320 0.875000
vt 0.913574 0.879394
vt 0.907715 0.882812
vt 0.917481 0.886231
vt 0.908691 0.891113
vt 0.913086 0.889160
vt 0.918945 0.891113
vt 0.915527 0.893066
vt 0.921387 0.895508
vt 0.923828 0.895508
vt 0.910644 0.895996
vt 0.921875 0.912598
vt 0.924316 0.912598
vt 0.916992 0.896973
vt 0.905762 0.897949
vt 0.925781 0.931152
vt 0.927246 0.932617
vt 0.910156 0.899902
vt 0.906250 0.900879
vt 0.902832 0.902832
vt 0.916992 0.911133
vt 0.922852 0.943848
vt 0.925293 0.944824
vt 0.901856 0.913086
vt 0.894043 0.913574
vt 0.909668 0.912598
vt 0.918457 0.928223
vt 0.896973 0.927734
vt 0.886719 0.926758
vt 0.907715 0.928223
vt 0.893555 0.941894
vt 0.882812 0.940918
vt 0.915039 0.942871
vt 0.904297 0.942383
vt 0.889160 0.958008
vt 0.882812 0.959961
vt 0.886231 0.978027
vt 0.906250 0.958496
vt 0.898926 0.958008
vt 0.892578 0.977051
vt 0.889160 0.988281
vt 0.897461 0.977539
vt 0.898438 0.979981
vt 0.913574 0.964356
vt 0.911621 0.959961
vt 0.967773 0.907227
vt 0.967773 0.897461
vt 0.989258 0.897949
vt 0.988281 0.907715
vt 0.968750 0.874512
vt 0.968750 0.862305
vt 0.990723 0.862793
vt 0.990723 0.875000
vt 0.968262 0.886719
vt 0.968750 0.874512
vt 0.990723 0.875000
vt 0.990723 0.887207
vt 0.967773 0.897461
vt 0.967773 0.892578
vt 0.988281 0.893066
vt 0.989258 0.897949
vt 0.967773 0.892578
vt 0.968262 0.886719
vt 0.990723 0.887207
vt 0.988281 0.893066
vt 0.968750 0.862305
vt 0.968750 0.853516
vt 0.988769 0.854004
vt 0.990723 0.862793
vt 0.968750 0.853516
vt 0.968750 0.847168
vt 0.988769 0.847656
vt 0.988769 0.854004
vt 0.799316 0.988769
vt 0.805176 0.992676
vt 0.810547 0.982910
vt 0.805664 0.979004
vt 0.794922 0.985352
vt 0.808594 0.974609
vt 0.812988 0.978027
vt 0.801269 0.975098
vt 0.790527 0.982422
vt 0.803711 0.970215
vt 0.808106 0.964356
vt 0.812500 0.969727
vt 0.817383 0.974609
vt 0.817871 0.964844
vt 0.822754 0.969727
vt 0.796387 0.971680
vt 0.786621 0.979492
vt 0.798340 0.967285
vt 0.824219 0.959473
vt 0.828613 0.964356
vt 0.791504 0.968750
vt 0.784180 0.965820
vt 0.779785 0.976074
vt 0.768066 0.971191
vt 0.801758 0.960449
vt 0.792969 0.964356
vt 0.814941 0.961426
vt 0.831543 0.954590
vt 0.835938 0.958984
vt 0.838379 0.957031
vt 0.821777 0.955078
vt 0.812012 0.956055
vt 0.795410 0.957519
vt 0.805664 0.952637
vt 0.798340 0.948731
vt 0.835449 0.952637
vt 0.828613 0.950195
vt 0.838379 0.951660
vt 0.840820 0.955566
vt 0.843262 0.955078
vt 0.818848 0.949707
vt 0.832519 0.947754
vt 0.809082 0.943848
vt 0.816894 0.947754
vt 0.825195 0.942871
vt 0.829102 0.941406
vt 0.802734 0.939941
vt 0.841309 0.950684
vt 0.835938 0.946289
vt 0.833008 0.939941
vt 0.828125 0.937988
vt 0.831543 0.937012
vt 0.839356 0.945801
vt 0.842773 0.945312
vt 0.838379 0.941406
vt 0.841797 0.940918
vt 0.845703 0.940430
vt 0.843750 0.949707
vt 0.845703 0.954102
vt 0.821777 0.939453
vt 0.825684 0.932129
vt 0.847168 0.949219
vt 0.849609 0.953125
vt 0.853516 0.950684
vt 0.846191 0.944824
vt 0.851562 0.947754
vt 0.857422 0.948242
vt 0.850586 0.944336
vt 0.850098 0.940918
vt 0.855957 0.946777
vt 0.858398 0.945801
vt 0.855469 0.944824
vt 0.855957 0.942383
vt 0.669434 0.897461
vt 0.668457 0.900391
vt 0.671387 0.896484
vt 0.670898 0.898438
vt 0.672852 0.897461
vt 0.672852 0.895996
vt 0.674805 0.896484
vt 0.680176 0.898926
vt 0.677246 0.901856
vt 0.682617 0.901856
vt 0.673340 0.903809
vt 0.679199 0.903809
vt 0.685547 0.904297
vt 0.670410 0.907227
vt 0.667969 0.908691
vt 0.680664 0.905762
vt 0.686523 0.906738
vt 0.675781 0.906738
vt 0.671387 0.910644
vt 0.668945 0.912109
vt 0.682129 0.908203
vt 0.687988 0.910644
vt 0.676758 0.908203
vt 0.672363 0.913086
vt 0.670410 0.914551
vt 0.684082 0.911621
vt 0.688965 0.914551
vt 0.678223 0.910156
vt 0.673340 0.914551
vt 0.670898 0.916504
vt 0.685547 0.914551
vt 0.690918 0.917481
vt 0.679688 0.913574
vt 0.675781 0.917481
vt 0.673828 0.920898
vt 0.681152 0.916016
vt 0.677246 0.919922
vt 0.676269 0.923828
vt 0.686523 0.918457
vt 0.682129 0.920410
vt 0.678711 0.923828
vt 0.676758 0.926758
vt 0.694336 0.931152
vt 0.692383 0.917969
vt 0.682617 0.936523
vt 0.675293 0.932617
vt 0.689453 0.934570
vt 0.669434 0.939453
vt 0.685059 0.942383
vt 0.667969 0.934570
vt 0.691894 0.939453
vt 0.698242 0.933106
vt 0.696777 0.928223
vt 0.665039 0.940430
vt 0.664551 0.935547
vt 0.693848 0.943848
vt 0.661621 0.940918
vt 0.661621 0.936523
vt 0.658203 0.940918
vt 0.657227 0.937012
vt 0.662598 0.944336
vt 0.667481 0.943848
vt 0.655273 0.939453
vt 0.653809 0.937500
vt 0.670898 0.942383
vt 0.658691 0.944336
vt 0.651856 0.940918
vt 0.650879 0.938477
vt 0.655762 0.943359
vt 0.645996 0.942871
vt 0.645996 0.940918
vt 0.642578 0.943359
vt 0.652344 0.944336
vt 0.643066 0.944336
vt 0.641602 0.945801
vt 0.645996 0.945312
vt 0.652344 0.947266
vt 0.656250 0.947266
vt 0.643066 0.945312
vt 0.643555 0.947266
vt 0.642090 0.948731
vt 0.645508 0.950684
vt 0.646484 0.947754
vt 0.653320 0.950684
vt 0.656250 0.951660
vt 0.659668 0.947754
vt 0.659668 0.952148
vt 0.663574 0.946289
vt 0.665039 0.950684
vt 0.668457 0.945801
vt 0.669434 0.948242
vt 0.672852 0.944336
vt 0.674316 0.945801
vt 0.678223 0.943359
vt 0.677246 0.944336
vt 0.682129 0.946777
vt 0.680176 0.945801
vt 0.677734 0.944824
vt 0.677734 0.945801
vt 0.677246 0.946289
vt 0.678711 0.948731
vt 0.685059 0.950195
vt 0.676758 0.949219
vt 0.675781 0.946289
vt 0.672363 0.948242
vt 0.679199 0.953125
vt 0.674805 0.950684
vt 0.672363 0.952148
vt 0.669434 0.949219
vt 0.681641 0.952148
vt 0.677246 0.953613
vt 0.669922 0.954102
vt 0.666016 0.952148
vt 0.662598 0.957519
vt 0.666504 0.957519
vt 0.663086 0.963867
vt 0.672852 0.957031
vt 0.665527 0.962891
vt 0.666504 0.967285
vt 0.669922 0.959473
vt 0.675293 0.955566
vt 0.674805 0.960449
vt 0.667481 0.963379
vt 0.677246 0.958984
vt 0.671875 0.962402
vt 0.668945 0.964844
vt 0.676269 0.963867
vt 0.679688 0.957519
vt 0.672852 0.965332
vt 0.669434 0.966309
vt 0.679199 0.962891
vt 0.681641 0.956543
vt 0.669434 0.967773
vt 0.668945 0.969238
vt 0.673340 0.970703
vt 0.672852 0.967773
vt 0.678223 0.970703
vt 0.677246 0.967285
vt 0.680176 0.966309
vt 0.681641 0.969727
vt 0.681152 0.961426
vt 0.682617 0.965332
vt 0.684570 0.964356
vt 0.684082 0.969238
vt 0.686035 0.968750
vt 0.687988 0.968262
vt 0.683594 0.960938
vt 0.687012 0.963379
vt 0.690430 0.967773
vt 0.684570 0.955566
vt 0.686035 0.959961
vt 0.687988 0.954102
vt 0.689453 0.958984
vt 0.689941 0.962891
vt 0.697754 0.953125
vt 0.698242 0.963379
vt 0.698731 0.968750
vt 0.706055 0.968750
vt 0.697754 0.958496
vt 0.706055 0.964356
vt 0.711426 0.970215
vt 0.709473 0.958984
vt 0.695312 0.948242
vt 0.717773 0.964356
vt 0.711914 0.954102
vt 0.705078 0.936523
vt 0.720215 0.969727
vt 0.713867 0.974121
vt 0.710449 0.942383
vt 0.716309 0.927734
vt 0.702637 0.925781
vt 0.723144 0.974609
vt 0.717285 0.978516
vt 0.723633 0.988281
vt 0.729492 0.983398
vt 0.730469 0.968262
vt 0.736816 0.978027
vt 0.728027 0.963379
vt 0.738281 0.963379
vt 0.743652 0.973633
vt 0.724121 0.958496
vt 0.735840 0.958496
vt 0.744141 0.961426
vt 0.747559 0.972168
vt 0.717285 0.950195
vt 0.725586 0.944824
vt 0.731934 0.953125
vt 0.738281 0.949707
vt 0.741699 0.955566
vt 0.749512 0.959473
vt 0.751953 0.970703
vt 0.748535 0.954102
vt 0.756348 0.958984
vt 0.756836 0.969727
vt 0.760254 0.969238
vt 0.762207 0.958984
vt 0.755859 0.953125
vt 0.771484 0.960938
vt 0.762695 0.954102
vt 0.747070 0.947754
vt 0.772949 0.956055
vt 0.756348 0.945801
vt 0.786133 0.960938
vt 0.765137 0.945801
vt 0.787109 0.953613
vt 0.774902 0.949219
vt 0.790039 0.944824
vt 0.768066 0.937500
vt 0.778320 0.940430
vt 0.794434 0.935059
vt 0.781738 0.929688
vt 0.771973 0.928711
vt 0.759766 0.937012
vt 0.755371 0.937012
vt 0.765137 0.926758
vt 0.748535 0.937012
vt 0.774902 0.918457
vt 0.765137 0.916504
vt 0.755371 0.926758
vt 0.739746 0.937988
vt 0.747559 0.927734
vt 0.734375 0.940430
vt 0.738769 0.928223
vt 0.732422 0.930176
vt 0.781738 0.918945
vt 0.775879 0.907227
vt 0.788086 0.921387
vt 0.784668 0.907715
vt 0.784180 0.898926
vt 0.774902 0.901367
vt 0.766602 0.907715
vt 0.738281 0.922852
vt 0.731934 0.923340
vt 0.732422 0.916992
vt 0.746094 0.921387
vt 0.755859 0.919922
vt 0.759766 0.907227
vt 0.754394 0.909668
vt 0.749512 0.913086
vt 0.743652 0.916016
vt 0.737305 0.917481
vt 0.736816 0.914551
vt 0.742188 0.913574
vt 0.747070 0.910644
vt 0.750488 0.907715
vt 0.766602 0.902344
vt 0.744141 0.907715
vt 0.753418 0.904785
vt 0.760742 0.901856
vt 0.746582 0.905762
vt 0.749023 0.902832
vt 0.742676 0.897949
vt 0.740723 0.900879
vt 0.740234 0.895996
vt 0.740723 0.910644
vt 0.765625 0.892578
vt 0.761231 0.893555
vt 0.760742 0.889160
vt 0.738769 0.903320
vt 0.738769 0.899414
vt 0.738281 0.894531
vt 0.771973 0.890137
vt 0.765625 0.889160
vt 0.760254 0.885254
vt 0.736816 0.897949
vt 0.735840 0.893066
vt 0.736816 0.901367
vt 0.776856 0.889160
vt 0.765137 0.884766
vt 0.758301 0.877930
vt 0.771484 0.886719
vt 0.734863 0.896484
vt 0.733887 0.892090
vt 0.763672 0.877930
vt 0.758301 0.874512
vt 0.770508 0.883301
vt 0.763184 0.875000
vt 0.758301 0.871094
vt 0.776367 0.885254
vt 0.769043 0.877441
vt 0.762695 0.871582
vt 0.758789 0.866699
vt 0.775391 0.881836
vt 0.768066 0.875000
vt 0.773438 0.875977
vt 0.781738 0.882812
vt 0.782227 0.886719
vt 0.780762 0.877930
vt 0.779297 0.873047
vt 0.777344 0.870117
vt 0.786133 0.889160
vt 0.772461 0.873047
vt 0.774902 0.866699
vt 0.767090 0.871582
vt 0.770996 0.870117
vt 0.761719 0.868164
vt 0.768555 0.865723
vt 0.770019 0.861816
vt 0.765625 0.867676
vt 0.764160 0.860352
vt 0.766602 0.859863
vt 0.761231 0.863281
vt 0.760254 0.861328
vt 0.762695 0.861816
vt 0.762695 0.859375
vt 0.764648 0.858398
vt 0.687988 0.885254
vt 0.686035 0.886231
vt 0.685547 0.890137
vt 0.688965 0.889160
vt 0.689941 0.883789
vt 0.689453 0.894531
vt 0.686035 0.896484
vt 0.687012 0.899414
vt 0.691406 0.888184
vt 0.692871 0.883301
vt 0.692871 0.892578
vt 0.694824 0.887207
vt 0.697754 0.886231
vt 0.700195 0.890137
vt 0.696777 0.891113
vt 0.701660 0.893555
vt 0.698242 0.894043
vt 0.703125 0.896484
vt 0.694336 0.895996
vt 0.699219 0.896973
vt 0.707031 0.902344
vt 0.690430 0.897461
vt 0.701172 0.903320
vt 0.708008 0.905762
vt 0.695312 0.898438
vt 0.690918 0.900391
vt 0.687988 0.901856
vt 0.702637 0.906738
vt 0.709473 0.908691
vt 0.697754 0.904297
vt 0.692871 0.905273
vt 0.688965 0.906250
vt 0.698731 0.907715
vt 0.694336 0.908691
vt 0.690430 0.909180
vt 0.703125 0.910644
vt 0.699219 0.910644
vt 0.694336 0.911133
vt 0.691406 0.912109
vt 0.693848 0.917969
vt 0.700195 0.916992
vt 0.705566 0.917481
vt 0.711914 0.916016
vt 0.709473 0.922852
vt 0.712891 0.916016
vt 0.712891 0.922852
vt 0.716797 0.918457
vt 0.716309 0.920410
vt 0.715820 0.918457
vt 0.718262 0.918457
vt 0.719238 0.912109
vt 0.715820 0.911621
vt 0.718750 0.909668
vt 0.715820 0.909180
vt 0.718750 0.907715
vt 0.716797 0.907227
vt 0.718750 0.906250
vt 0.717285 0.905762
vt 0.719238 0.905273
vt 0.717285 0.904785
vt 0.719727 0.899414
vt 0.720215 0.899902
vt 0.721680 0.897461
vt 0.721191 0.905762
vt 0.721191 0.906738
vt 0.721191 0.907715
vt 0.721680 0.910156
vt 0.721191 0.899902
vt 0.724609 0.904785
vt 0.724609 0.906250
vt 0.722656 0.899414
vt 0.724121 0.898438
vt 0.724609 0.897949
vt 0.729492 0.901367
vt 0.727539 0.903320
vt 0.725098 0.907227
vt 0.727539 0.905273
vt 0.725586 0.910156
vt 0.728516 0.906738
vt 0.729492 0.903320
vt 0.729981 0.904297
vt 0.730957 0.900879
vt 0.731934 0.902344
vt 0.730957 0.900391
vt 0.726074 0.897949
vt 0.732422 0.899902
vt 0.727051 0.897461
vt 0.725098 0.895019
vt 0.727539 0.895996
vt 0.731934 0.899414
vt 0.732910 0.897461
vt 0.727539 0.895019
vt 0.727539 0.894043
vt 0.727539 0.892578
vt 0.733398 0.895508
vt 0.733887 0.898438
vt 0.733887 0.901367
vt 0.735352 0.899414
vt 0.732910 0.904297
vt 0.734863 0.902832
vt 0.736816 0.905273
vt 0.734375 0.907227
vt 0.736328 0.911621
vt 0.730957 0.905762
vt 0.731934 0.908203
vt 0.729004 0.909668
vt 0.732422 0.912109
vt 0.732910 0.914551
vt 0.729492 0.911621
vt 0.726074 0.912598
vt 0.729981 0.914551
vt 0.721680 0.912598
vt 0.726562 0.915039
vt 0.722168 0.915039
vt 0.726562 0.917481
vt 0.722168 0.917481
vt 0.726562 0.923828
vt 0.720215 0.923340
vt 0.725586 0.931641
vt 0.719238 0.934570
vt 0.815430 0.935547
vt 0.806641 0.932129
vt 0.819336 0.929199
vt 0.800293 0.927246
vt 0.812500 0.924805
vt 0.823242 0.923340
vt 0.829590 0.926269
vt 0.795410 0.924316
vt 0.806152 0.919922
vt 0.816894 0.919922
vt 0.832031 0.913574
vt 0.836914 0.917481
vt 0.792481 0.911621
vt 0.800781 0.915527
vt 0.807617 0.910156
vt 0.812012 0.915039
vt 0.827637 0.909668
vt 0.823731 0.905762
vt 0.835449 0.911621
vt 0.841309 0.914551
vt 0.804199 0.908203
vt 0.831055 0.908203
vt 0.838867 0.909180
vt 0.843750 0.912598
vt 0.827148 0.903809
vt 0.833984 0.905762
vt 0.842285 0.905273
vt 0.847168 0.908691
vt 0.796875 0.904297
vt 0.789062 0.901367
vt 0.802734 0.893555
vt 0.796875 0.891113
vt 0.830566 0.901856
vt 0.838379 0.901367
vt 0.844727 0.903320
vt 0.849121 0.905762
vt 0.794434 0.887695
vt 0.792969 0.882812
vt 0.796875 0.883301
vt 0.792969 0.879394
vt 0.799805 0.886719
vt 0.798340 0.878906
vt 0.794434 0.875488
vt 0.799805 0.875977
vt 0.797363 0.871094
vt 0.801269 0.883301
vt 0.805176 0.889160
vt 0.800781 0.873535
vt 0.799316 0.869629
vt 0.801758 0.866211
vt 0.803223 0.878418
vt 0.810059 0.895508
vt 0.806641 0.886719
vt 0.811035 0.903320
vt 0.814453 0.895996
vt 0.819336 0.899902
vt 0.812012 0.891113
vt 0.816406 0.892090
vt 0.820801 0.903809
vt 0.822754 0.896973
vt 0.813477 0.887695
vt 0.817383 0.887695
vt 0.824707 0.900879
vt 0.825684 0.894043
vt 0.827637 0.898438
vt 0.830078 0.891602
vt 0.832519 0.894531
vt 0.833008 0.890137
vt 0.808594 0.881348
vt 0.815430 0.882324
vt 0.818359 0.881836
vt 0.834961 0.897949
vt 0.834473 0.893066
vt 0.835938 0.888672
vt 0.804688 0.876465
vt 0.809570 0.878906
vt 0.815918 0.879883
vt 0.819336 0.878906
vt 0.836426 0.896484
vt 0.836914 0.891602
vt 0.840820 0.886231
vt 0.802734 0.870606
vt 0.806152 0.874023
vt 0.805664 0.866699
vt 0.804688 0.864258
vt 0.809570 0.861328
vt 0.840332 0.899902
vt 0.810547 0.876465
vt 0.808106 0.870606
vt 0.810059 0.862305
vt 0.811523 0.861328
vt 0.811523 0.863281
vt 0.813477 0.860840
vt 0.813965 0.863769
vt 0.814453 0.861816
vt 0.815918 0.876953
vt 0.819336 0.875977
vt 0.811523 0.872559
vt 0.815430 0.872559
vt 0.818359 0.872070
vt 0.815918 0.864258
vt 0.816894 0.863769
vt 0.838379 0.895019
vt 0.842285 0.898438
vt 0.840820 0.889648
vt 0.846680 0.900879
vt 0.851562 0.902344
vt 0.842773 0.891602
vt 0.845215 0.887695
vt 0.844727 0.886719
vt 0.847656 0.887695
vt 0.846680 0.888672
vt 0.849121 0.895019
vt 0.851562 0.894043
vt 0.849609 0.890137
vt 0.845703 0.893555
vt 0.848144 0.889648
vt 0.849121 0.890137
vt 0.815430 0.935547
vt 0.819336 0.929199
vt 0.806641 0.932129
vt 0.812500 0.924805
vt 0.823242 0.923340
vt 0.829590 0.926269
vt 0.800293 0.927246
vt 0.806152 0.919922
vt 0.816894 0.919922
vt 0.832031 0.913574
vt 0.836914 0.917481
vt 0.795410 0.924316
vt 0.800781 0.915527
vt 0.807617 0.910156
vt 0.812012 0.915039
vt 0.792481 0.911621
vt 0.827637 0.909668
vt 0.823731 0.905762
vt 0.804199 0.908203
vt 0.796875 0.904297
vt 0.789062 0.901367
vt 0.802734 0.893555
vt 0.796875 0.891113
vt 0.794434 0.887695
vt 0.792969 0.882812
vt 0.796875 0.883301
vt 0.792969 0.879394
vt 0.799805 0.886719
vt 0.798340 0.878906
vt 0.794434 0.875488
vt 0.799805 0.875977
vt 0.797363 0.871094
vt 0.801269 0.883301
vt 0.805176 0.889160
vt 0.800781 0.873535
vt 0.799316 0.869629
vt 0.801758 0.866211
vt 0.803223 0.878418
vt 0.810059 0.895508
vt 0.806641 0.886719
vt 0.811035 0.903320
vt 0.814453 0.895996
vt 0.819336 0.899902
vt 0.812012 0.891113
vt 0.816406 0.892090
vt 0.820801 0.903809
vt 0.822754 0.896973
vt 0.813477 0.887695
vt 0.817383 0.887695
vt 0.824707 0.900879
vt 0.825684 0.894043
vt 0.808594 0.881348
vt 0.815430 0.882324
vt 0.818359 0.881836
vt 0.827148 0.903809
vt 0.827637 0.898438
vt 0.830078 0.891602
vt 0.804688 0.876465
vt 0.809570 0.878906
vt 0.815918 0.879883
vt 0.819336 0.878906
vt 0.831055 0.908203
vt 0.830566 0.901856
vt 0.832519 0.894531
vt 0.833008 0.890137
vt 0.815918 0.876953
vt 0.819336 0.875977
vt 0.810547 0.876465
vt 0.835449 0.911621
vt 0.841309 0.914551
vt 0.833984 0.905762
vt 0.838867 0.909180
vt 0.843750 0.912598
vt 0.815430 0.872559
vt 0.818359 0.872070
vt 0.834961 0.897949
vt 0.842285 0.905273
vt 0.847168 0.908691
vt 0.838379 0.901367
vt 0.834473 0.893066
vt 0.835938 0.888672
vt 0.844727 0.903320
vt 0.849121 0.905762
vt 0.840332 0.899902
vt 0.836426 0.896484
vt 0.836914 0.891602
vt 0.840820 0.886231
vt 0.846680 0.900879
vt 0.851562 0.902344
vt 0.842285 0.898438
vt 0.838379 0.895019
vt 0.840820 0.889648
vt 0.849121 0.895019
vt 0.851562 0.894043
vt 0.849609 0.890137
vt 0.845703 0.893555
vt 0.842773 0.891602
vt 0.845215 0.887695
vt 0.844727 0.886719
vt 0.847656 0.887695
vt 0.846680 0.888672
vt 0.848144 0.889648
vt 0.849121 0.890137
vt 0.802734 0.870606
vt 0.806152 0.874023
vt 0.805664 0.866699
vt 0.804688 0.864258
vt 0.809570 0.861328
vt 0.808106 0.870606
vt 0.810059 0.862305
vt 0.811523 0.861328
vt 0.811523 0.863281
vt 0.813477 0.860840
vt 0.813965 0.863769
vt 0.814453 0.861816
vt 0.811523 0.872559
vt 0.815918 0.864258
vt 0.816894 0.863769
vt 0.284912 0.483887
vt 0.300293 0.489258
vt 0.284912 0.490723
vt 0.287842 0.498779
vt 0.289062 0.477295
vt 0.293213 0.504394
vt 0.295166 0.473389
vt 0.300537 0.506348
vt 0.306152 0.472900
vt 0.308838 0.505859
vt 0.313965 0.476807
vt 0.314453 0.503906
vt 0.320068 0.483887
vt 0.319336 0.499756
vt 0.322022 0.492432
vt 0.269043 0.457275
vt 0.286133 0.451416
vt 0.272949 0.464844
vt 0.279785 0.469238
vt 0.269043 0.446777
vt 0.287353 0.470459
vt 0.272705 0.439697
vt 0.298584 0.466553
vt 0.278565 0.434815
vt 0.304688 0.459717
vt 0.288086 0.431885
vt 0.308105 0.450440
vt 0.296143 0.432373
vt 0.306885 0.441162
vt 0.301514 0.434570
vt 0.589844 0.080994
vt 0.604492 0.081543
vt 0.607910 0.094177
vt 0.578125 0.091064
vt 0.598633 0.071228
vt 0.610352 0.104309
vt 0.587891 0.070068
vt 0.586426 0.061371
vt 0.574219 0.056152
vt 0.563965 0.078430
vt 0.564453 0.067566
vt 0.559082 0.056305
vt 0.548828 0.065247
vt 0.543457 0.078918
vt 0.541504 0.090576
vt 0.541016 0.100769
vt 0.577637 0.102478
vt 0.541504 0.108704
vt 0.577637 0.112183
vt 0.610840 0.113464
vt 0.610352 0.122437
vt 0.543457 0.122437
vt 0.577637 0.122864
vt 0.610352 0.131226
vt 0.577637 0.131592
vt 0.545410 0.131348
vt 0.609863 0.143311
vt 0.546387 0.141357
vt 0.578613 0.144043
vt 0.609375 0.154297
vt 0.579102 0.155640
vt 0.548828 0.156250
vt 0.608398 0.162964
vt 0.550293 0.168091
vt 0.580566 0.164917
vt 0.605957 0.174316
vt 0.582031 0.178101
vt 0.555176 0.181274
vt 0.599609 0.183716
vt 0.575195 0.188843
vt 0.564453 0.189941
vt 0.576660 0.193237
vt 0.589844 0.191040
vt 0.590820 0.186890
vt 0.520508 0.243408
vt 0.527832 0.230713
vt 0.528809 0.253174
vt 0.542969 0.226196
vt 0.514648 0.232910
vt 0.536133 0.260498
vt 0.519531 0.223145
vt 0.513184 0.217407
vt 0.515625 0.203980
vt 0.539551 0.207764
vt 0.530273 0.202148
vt 0.523926 0.191650
vt 0.536621 0.187866
vt 0.551269 0.190430
vt 0.562012 0.195435
vt 0.570801 0.200439
vt 0.552246 0.232178
vt 0.577148 0.205200
vt 0.560547 0.237549
vt 0.543457 0.266113
vt 0.551269 0.270752
vt 0.587891 0.214477
vt 0.569824 0.243164
vt 0.558594 0.275391
vt 0.577148 0.247803
vt 0.594238 0.220703
vt 0.569336 0.281494
vt 0.602051 0.227173
vt 0.586914 0.255371
vt 0.578613 0.287109
vt 0.596191 0.262451
vt 0.613281 0.237183
vt 0.586426 0.290772
vt 0.622559 0.244873
vt 0.603516 0.268555
vt 0.597656 0.294922
vt 0.613769 0.276855
vt 0.630859 0.256348
vt 0.608887 0.294678
vt 0.626465 0.276855
vt 0.632812 0.268555
vt 0.629394 0.280518
vt 0.620117 0.290527
vt 0.616211 0.289062
vt 0.823731 0.780273
vt 0.826660 0.786133
vt 0.825195 0.786621
vt 0.821777 0.780273
vt 0.829590 0.792481
vt 0.820801 0.772461
vt 0.818848 0.771973
vt 0.831543 0.791504
vt 0.836914 0.797852
vt 0.819824 0.763672
vt 0.818359 0.762695
vt 0.838379 0.796875
vt 0.844238 0.801269
vt 0.820801 0.754394
vt 0.819336 0.753418
vt 0.845703 0.799805
vt 0.853027 0.803711
vt 0.824219 0.744141
vt 0.823242 0.742188
vt 0.854004 0.802246
vt 0.864746 0.804199
vt 0.831055 0.734375
vt 0.830566 0.731934
vt 0.865234 0.802246
vt 0.877441 0.801269
vt 0.838867 0.727539
vt 0.838867 0.725586
vt 0.877441 0.799316
vt 0.886231 0.795898
vt 0.848144 0.724121
vt 0.848144 0.722168
vt 0.886231 0.793457
vt 0.891602 0.788086
vt 0.857422 0.723144
vt 0.857910 0.721191
vt 0.891602 0.786133
vt 0.896484 0.780273
vt 0.866211 0.723144
vt 0.867188 0.721680
vt 0.895508 0.778320
vt 0.899902 0.770996
vt 0.875000 0.726074
vt 0.875977 0.724609
vt 0.898438 0.769531
vt 0.899902 0.762695
vt 0.881836 0.730469
vt 0.883301 0.729492
vt 0.898438 0.761719
vt 0.898438 0.753418
vt 0.887695 0.734863
vt 0.889160 0.734375
vt 0.896973 0.752930
vt 0.896484 0.747070
vt 0.891602 0.740234
vt 0.893555 0.740234
vt 0.895019 0.746582
vt 0.875977 0.736816
vt 0.880371 0.740234
vt 0.883789 0.744629
vt 0.886719 0.750000
vt 0.888672 0.754883
vt 0.890625 0.761719
vt 0.870117 0.732910
vt 0.890625 0.768066
vt 0.863281 0.730469
vt 0.888672 0.775391
vt 0.855469 0.729981
vt 0.886231 0.781738
vt 0.848144 0.730469
vt 0.882324 0.788574
vt 0.840820 0.733398
vt 0.875488 0.792969
vt 0.834473 0.739258
vt 0.865234 0.795410
vt 0.829102 0.748047
vt 0.855957 0.795410
vt 0.827148 0.756836
vt 0.849121 0.793457
vt 0.826660 0.764160
vt 0.842773 0.790527
vt 0.828125 0.770996
vt 0.837402 0.786621
vt 0.830566 0.777344
vt 0.833496 0.781738
vt 0.833984 0.762695
vt 0.834961 0.768555
vt 0.836914 0.773438
vt 0.839356 0.777344
vt 0.842285 0.780762
vt 0.846680 0.784180
vt 0.834473 0.757324
vt 0.851074 0.786621
vt 0.835938 0.750000
vt 0.856445 0.788086
vt 0.839356 0.743652
vt 0.863769 0.789062
vt 0.844238 0.739258
vt 0.871582 0.787598
vt 0.850098 0.738281
vt 0.876953 0.784180
vt 0.855957 0.737305
vt 0.879883 0.778809
vt 0.861328 0.737793
vt 0.881836 0.773926
vt 0.866699 0.739746
vt 0.883301 0.768066
vt 0.871582 0.742676
vt 0.882812 0.763184
vt 0.875000 0.746094
vt 0.881348 0.757812
vt 0.877930 0.749512
vt 0.879883 0.753418
vt 0.863281 0.751465
vt 0.866211 0.753418
vt 0.868164 0.756348
vt 0.856934 0.764160
vt 0.859863 0.749023
vt 0.869629 0.759766
vt 0.870606 0.762695
vt 0.855957 0.748047
vt 0.872070 0.766602
vt 0.853027 0.748047
vt 0.872070 0.770019
vt 0.850098 0.749023
vt 0.871094 0.772949
vt 0.869629 0.775391
vt 0.850586 0.745117
vt 0.869629 0.777832
vt 0.848633 0.747559
vt 0.867676 0.778809
vt 0.846680 0.750977
vt 0.864258 0.778320
vt 0.845703 0.754883
vt 0.860840 0.777832
vt 0.845215 0.758789
vt 0.857422 0.776856
vt 0.845703 0.763184
vt 0.854492 0.775391
vt 0.847168 0.767090
vt 0.851074 0.772949
vt 0.848633 0.770019
vt 0.110474 0.080872
vt 0.119751 0.079102
vt 0.120544 0.084106
vt 0.111938 0.086548
vt 0.124023 0.089722
vt 0.105774 0.086975
vt 0.105652 0.081421
vt 0.115173 0.093689
vt 0.130859 0.096558
vt 0.109192 0.097412
vt 0.098877 0.086975
vt 0.099426 0.081360
vt 0.124390 0.106812
vt 0.144898 0.112183
vt 0.115356 0.111633
vt 0.102844 0.098877
vt 0.092163 0.087097
vt 0.093750 0.080505
vt 0.136108 0.120483
vt 0.156616 0.125977
vt 0.126221 0.126099
vt 0.146729 0.131714
vt 0.167847 0.136108
vt 0.108887 0.114502
vt 0.095642 0.102234
vt 0.084595 0.085571
vt 0.089050 0.079041
vt 0.116089 0.130127
vt 0.100708 0.117493
vt 0.089294 0.105469
vt 0.079651 0.084412
vt 0.084412 0.077087
vt 0.071777 0.079651
vt 0.078186 0.072815
vt 0.072998 0.068237
vt 0.081482 0.109436
vt 0.093323 0.122192
vt 0.105774 0.134888
vt 0.066406 0.073914
vt 0.067322 0.061005
vt 0.060974 0.065125
vt 0.064392 0.054169
vt 0.084045 0.128174
vt 0.097534 0.139038
vt 0.058533 0.091370
vt 0.061737 0.102539
vt 0.051147 0.072449
vt 0.070496 0.114197
vt 0.048279 0.062622
vt 0.057983 0.056885
vt 0.054504 0.046326
vt 0.043854 0.047699
vt 0.067871 0.140137
vt 0.036438 0.152710
vt 0.068542 0.155518
vt 0.086243 0.145142
vt 0.047150 0.165771
vt 0.020737 0.183105
vt 0.032166 0.190918
vt 0.012962 0.209229
vt 0.056580 0.176758
vt 0.072632 0.169434
vt 0.088440 0.159912
vt 0.022308 0.214355
vt 0.009422 0.237183
vt 0.042023 0.198120
vt 0.062042 0.187988
vt 0.047455 0.206421
vt 0.042999 0.224854
vt 0.076172 0.179443
vt 0.101257 0.153198
vt 0.065613 0.197998
vt 0.090271 0.171020
vt 0.035492 0.243286
vt 0.007950 0.265625
vt 0.054199 0.218994
vt 0.110962 0.148193
vt 0.079163 0.187744
vt 0.057617 0.227783
vt 0.123169 0.142090
vt 0.134521 0.136352
vt 0.138794 0.145874
vt 0.126343 0.151367
vt 0.153809 0.139893
vt 0.112976 0.157959
vt 0.103638 0.162720
vt 0.093628 0.180542
vt 0.107178 0.171875
vt 0.115906 0.166626
vt 0.129273 0.159180
vt 0.081604 0.195435
vt 0.095398 0.190186
vt 0.108765 0.180054
vt 0.067017 0.211792
vt 0.081421 0.204712
vt 0.070557 0.221191
vt 0.094482 0.198608
vt 0.118591 0.174072
vt 0.082520 0.213745
vt 0.071899 0.230957
vt 0.110290 0.186523
vt 0.049011 0.245361
vt 0.034149 0.264160
vt 0.038727 0.283691
vt 0.009491 0.291260
vt 0.054108 0.312012
vt 0.013771 0.322754
vt 0.024078 0.360840
vt 0.047791 0.354492
vt 0.037903 0.393799
vt 0.058655 0.382812
vt 0.057770 0.420166
vt 0.048462 0.263916
vt 0.053040 0.281494
vt 0.061737 0.247314
vt 0.067444 0.300049
vt 0.061340 0.261963
vt 0.067017 0.277832
vt 0.073547 0.408691
vt 0.082886 0.372070
vt 0.094543 0.427734
vt 0.083862 0.445312
vt 0.088806 0.400391
vt 0.121948 0.444580
vt 0.112305 0.462402
vt 0.148438 0.454834
vt 0.143677 0.473877
vt 0.180908 0.455810
vt 0.079712 0.345459
vt 0.101807 0.366455
vt 0.106262 0.393066
vt 0.110840 0.421875
vt 0.080811 0.325928
vt 0.085205 0.312012
vt 0.101196 0.330322
vt 0.100525 0.344238
vt 0.122864 0.363770
vt 0.126709 0.388916
vt 0.129883 0.415039
vt 0.075745 0.291992
vt 0.137207 0.439697
vt 0.119080 0.344238
vt 0.141968 0.362793
vt 0.144165 0.386475
vt 0.147217 0.412598
vt 0.151855 0.436768
vt 0.168091 0.437012
vt 0.163086 0.411621
vt 0.161133 0.386230
vt 0.160034 0.362305
vt 0.120422 0.330322
vt 0.137451 0.343750
vt 0.138061 0.330322
vt 0.119324 0.318603
vt 0.102295 0.317139
vt 0.090210 0.302490
vt 0.102478 0.306152
vt 0.092834 0.293457
vt 0.083557 0.285400
vt 0.156250 0.343262
vt 0.156006 0.328369
vt 0.136841 0.318603
vt 0.117188 0.308105
vt 0.135132 0.307373
vt 0.154541 0.316162
vt 0.102905 0.296875
vt 0.175049 0.361572
vt 0.173584 0.327393
vt 0.115662 0.299072
vt 0.174927 0.386230
vt 0.172485 0.342285
vt 0.175781 0.412109
vt 0.190186 0.361572
vt 0.177979 0.437012
vt 0.188721 0.385254
vt 0.188355 0.410156
vt 0.187744 0.435303
vt 0.190918 0.327393
vt 0.188721 0.342285
vt 0.208008 0.360840
vt 0.205444 0.383789
vt 0.203980 0.408935
vt 0.203125 0.432617
vt 0.171997 0.313965
vt 0.210693 0.449707
vt 0.222168 0.466309
vt 0.233887 0.436523
vt 0.252197 0.449463
vt 0.218506 0.432617
vt 0.221314 0.408935
vt 0.222778 0.384033
vt 0.258057 0.418213
vt 0.276367 0.430176
vt 0.240845 0.413086
vt 0.277832 0.398193
vt 0.296387 0.408203
vt 0.311279 0.385010
vt 0.243286 0.385986
vt 0.261230 0.391602
vt 0.291504 0.371582
vt 0.322022 0.353027
vt 0.266357 0.364502
vt 0.247314 0.361084
vt 0.299072 0.343262
vt 0.329102 0.313232
vt 0.265625 0.338379
vt 0.289795 0.305176
vt 0.244385 0.339355
vt 0.226685 0.360107
vt 0.225830 0.340820
vt 0.207398 0.341553
vt 0.264893 0.320312
vt 0.244507 0.325928
vt 0.208618 0.328369
vt 0.225464 0.327637
vt 0.189453 0.315185
vt 0.242065 0.313965
vt 0.207153 0.316895
vt 0.225098 0.316650
vt 0.170898 0.304932
vt 0.189575 0.305664
vt 0.206787 0.305664
vt 0.224976 0.306152
vt 0.152222 0.306152
vt 0.156250 0.292725
vt 0.170288 0.296387
vt 0.189575 0.290772
vt 0.210693 0.295410
vt 0.184448 0.292480
vt 0.239990 0.303711
vt 0.225586 0.297119
vt 0.259033 0.308594
vt 0.276367 0.296875
vt 0.252441 0.300049
vt 0.238648 0.294922
vt 0.179077 0.276855
vt 0.183227 0.276123
vt 0.170044 0.278320
vt 0.290283 0.279297
vt 0.266602 0.289551
vt 0.304199 0.279297
vt 0.332031 0.282227
vt 0.308105 0.260254
vt 0.334473 0.259766
vt 0.333252 0.234741
vt 0.293945 0.261230
vt 0.305908 0.240234
vt 0.275147 0.275391
vt 0.320557 0.214600
vt 0.329346 0.207520
vt 0.258545 0.283935
vt 0.266357 0.273193
vt 0.280029 0.259766
vt 0.291748 0.242676
vt 0.298340 0.224121
vt 0.249145 0.291992
vt 0.278320 0.244995
vt 0.282715 0.226440
vt 0.270264 0.260986
vt 0.286621 0.218140
vt 0.253906 0.279541
vt 0.245483 0.285156
vt 0.236939 0.288330
vt 0.226196 0.289551
vt 0.235962 0.285400
vt 0.259277 0.271973
vt 0.244507 0.281982
vt 0.214111 0.288086
vt 0.250732 0.277344
vt 0.262695 0.260498
vt 0.255615 0.270508
vt 0.268066 0.247925
vt 0.267578 0.229858
vt 0.244507 0.281982
vt 0.250732 0.277344
vt 0.235962 0.285400
vt 0.261230 0.249268
vt 0.258301 0.258789
vt 0.261963 0.236450
vt 0.255615 0.270508
vt 0.244507 0.281982
vt 0.235962 0.285400
vt 0.250732 0.277344
vt 0.258301 0.258789
vt 0.255615 0.270508
vt 0.258301 0.258789
vt 0.255615 0.270508
vt 0.258301 0.258789
vt 0.250732 0.277344
vt 0.244507 0.281982
vt 0.235962 0.285400
vt 0.226685 0.286133
vt 0.226685 0.286133
vt 0.216186 0.284424
vt 0.216186 0.284424
vt 0.207031 0.279541
vt 0.226685 0.286133
vt 0.207031 0.279541
vt 0.201050 0.272949
vt 0.226685 0.286133
vt 0.216186 0.284424
vt 0.216186 0.284424
vt 0.201050 0.272949
vt 0.196655 0.263184
vt 0.207031 0.279541
vt 0.207031 0.279541
vt 0.196655 0.263184
vt 0.195923 0.255127
vt 0.195923 0.255127
vt 0.201050 0.272949
vt 0.196655 0.263184
vt 0.195923 0.255127
vt 0.202515 0.281982
vt 0.201050 0.272949
vt 0.196655 0.263184
vt 0.195923 0.255127
vt 0.193848 0.286865
vt 0.195435 0.273682
vt 0.187500 0.274902
vt 0.192017 0.263672
vt 0.185181 0.264404
vt 0.190430 0.254395
vt 0.180054 0.265381
vt 0.184570 0.255371
vt 0.175659 0.265381
vt 0.193115 0.244385
vt 0.179077 0.256592
vt 0.185547 0.241943
vt 0.180298 0.241455
vt 0.194702 0.230957
vt 0.174439 0.257324
vt 0.169556 0.265381
vt 0.200439 0.236084
vt 0.197510 0.246216
vt 0.206787 0.248291
vt 0.205689 0.253662
vt 0.210449 0.245239
vt 0.202881 0.239868
vt 0.215576 0.242554
vt 0.208496 0.231079
vt 0.210327 0.234863
vt 0.222412 0.240723
vt 0.219360 0.231811
vt 0.231201 0.241577
vt 0.219482 0.227539
vt 0.230591 0.232056
vt 0.238403 0.244507
vt 0.230957 0.228271
vt 0.239990 0.234985
vt 0.244019 0.248413
vt 0.218262 0.218628
vt 0.248169 0.239624
vt 0.247070 0.252441
vt 0.240967 0.231445
vt 0.254395 0.245483
vt 0.248047 0.254639
vt 0.206299 0.222656
vt 0.204346 0.214477
vt 0.231323 0.219971
vt 0.249268 0.235962
vt 0.257080 0.250488
vt 0.249145 0.258545
vt 0.256103 0.241943
vt 0.218140 0.209717
vt 0.242310 0.223755
vt 0.253418 0.229370
vt 0.230957 0.211182
vt 0.254883 0.222534
vt 0.242798 0.215820
vt 0.270508 0.220215
vt 0.256592 0.212891
vt 0.273926 0.211182
vt 0.244141 0.206909
vt 0.229126 0.202637
vt 0.258545 0.203980
vt 0.294922 0.205444
vt 0.275635 0.196777
vt 0.301025 0.197754
vt 0.243896 0.198364
vt 0.217407 0.201660
vt 0.309570 0.188843
vt 0.319824 0.179932
vt 0.279053 0.186768
vt 0.259033 0.194458
vt 0.283691 0.175049
vt 0.260986 0.186890
vt 0.228027 0.194580
vt 0.226562 0.187012
vt 0.243164 0.189941
vt 0.263184 0.178467
vt 0.291016 0.162109
vt 0.302978 0.150513
vt 0.244751 0.180420
vt 0.266113 0.168335
vt 0.272705 0.140259
vt 0.268799 0.114258
vt 0.228760 0.180420
vt 0.247559 0.170776
vt 0.270020 0.154541
vt 0.230225 0.172119
vt 0.249268 0.159668
vt 0.251709 0.145020
vt 0.233398 0.162964
vt 0.219116 0.174194
vt 0.253906 0.128906
vt 0.236328 0.153320
vt 0.239868 0.139404
vt 0.221314 0.166626
vt 0.227051 0.148071
vt 0.223755 0.157837
vt 0.244263 0.122986
vt 0.231689 0.135010
vt 0.257324 0.110352
vt 0.215210 0.141602
vt 0.208008 0.158691
vt 0.205444 0.166870
vt 0.210083 0.150635
vt 0.203613 0.135498
vt 0.221924 0.129883
vt 0.237061 0.118164
vt 0.249145 0.106812
vt 0.260254 0.085999
vt 0.268310 0.080994
vt 0.278320 0.103699
vt 0.273438 0.075195
vt 0.282471 0.092407
vt 0.288330 0.073059
vt 0.261963 0.073853
vt 0.255371 0.078003
vt 0.266602 0.069458
vt 0.255127 0.087158
vt 0.250977 0.080078
vt 0.278076 0.066101
vt 0.271484 0.062195
vt 0.280518 0.057709
vt 0.273926 0.055298
vt 0.291016 0.062988
vt 0.283203 0.046844
vt 0.294190 0.047302
vt 0.243042 0.103455
vt 0.247559 0.088501
vt 0.246216 0.081604
vt 0.229370 0.114746
vt 0.241089 0.087830
vt 0.240723 0.081970
vt 0.236328 0.099609
vt 0.213501 0.125244
vt 0.234619 0.087036
vt 0.235107 0.081116
vt 0.230469 0.097656
vt 0.223755 0.111389
vt 0.229126 0.085632
vt 0.230835 0.079895
vt 0.222168 0.077148
vt 0.220825 0.081909
vt 0.226074 0.092834
vt 0.216553 0.087341
vt 0.216797 0.105347
vt 0.208740 0.094482
vt 0.204590 0.118347
vt 0.193481 0.109924
vt 0.192261 0.130371
vt 0.179932 0.124146
vt 0.184204 0.138794
vt 0.197632 0.144653
vt 0.179565 0.148193
vt 0.195435 0.153442
vt 0.192139 0.163452
vt 0.167847 0.147095
vt 0.178467 0.162109
vt 0.168335 0.162231
vt 0.191406 0.167725
vt 0.177734 0.166138
vt 0.168335 0.166260
vt 0.204346 0.170776
vt 0.216675 0.176758
vt 0.203003 0.173828
vt 0.215088 0.179077
vt 0.190430 0.171631
vt 0.177368 0.170532
vt 0.168457 0.171020
vt 0.220825 0.183105
vt 0.159302 0.171265
vt 0.216064 0.183716
vt 0.216675 0.179199
vt 0.158936 0.166870
vt 0.145630 0.168579
vt 0.146606 0.172363
vt 0.158447 0.162720
vt 0.133301 0.171265
vt 0.134399 0.174439
vt 0.145142 0.164062
vt 0.156982 0.149414
vt 0.141846 0.154297
vt 0.132202 0.167236
vt 0.120850 0.176758
vt 0.122192 0.179199
vt 0.116028 0.182739
vt 0.120972 0.186768
vt 0.120361 0.193237
vt 0.120789 0.183594
vt 0.120239 0.178955
vt 0.133057 0.179199
vt 0.132812 0.182617
vt 0.146240 0.177979
vt 0.132935 0.186523
vt 0.146606 0.182007
vt 0.157959 0.176270
vt 0.109741 0.194824
vt 0.093384 0.207031
vt 0.157837 0.181519
vt 0.168213 0.175781
vt 0.168335 0.181396
vt 0.178711 0.176025
vt 0.157837 0.185913
vt 0.178711 0.181396
vt 0.190430 0.177734
vt 0.107605 0.202637
vt 0.083069 0.223145
vt 0.147339 0.186523
vt 0.168335 0.185669
vt 0.189941 0.181885
vt 0.203857 0.179077
vt 0.203980 0.182495
vt 0.189331 0.186401
vt 0.203735 0.186401
vt 0.203857 0.193237
vt 0.216064 0.186890
vt 0.216675 0.193237
vt 0.178833 0.185669
vt 0.187988 0.194336
vt 0.203003 0.200561
vt 0.178833 0.193848
vt 0.187012 0.199219
vt 0.168457 0.193481
vt 0.179565 0.198486
vt 0.186401 0.202759
vt 0.157715 0.193970
vt 0.193481 0.210571
vt 0.168091 0.197632
vt 0.147949 0.194458
vt 0.156250 0.198486
vt 0.132690 0.193481
vt 0.133545 0.200806
vt 0.148438 0.199463
vt 0.119080 0.201660
vt 0.185059 0.205566
vt 0.179932 0.203369
vt 0.166992 0.201904
vt 0.167358 0.206299
vt 0.177368 0.209961
vt 0.156616 0.208618
vt 0.189941 0.210327
vt 0.154419 0.203003
vt 0.180054 0.213257
vt 0.174805 0.215942
vt 0.182617 0.215698
vt 0.191040 0.216675
vt 0.149048 0.202515
vt 0.142822 0.210083
vt 0.149414 0.205566
vt 0.194092 0.217041
vt 0.191528 0.225220
vt 0.153931 0.212524
vt 0.188965 0.224121
vt 0.186768 0.233520
vt 0.183716 0.232910
vt 0.179199 0.237305
vt 0.179932 0.230347
vt 0.183472 0.223999
vt 0.184692 0.219238
vt 0.177246 0.217651
vt 0.178711 0.220825
vt 0.172119 0.213745
vt 0.172607 0.218018
vt 0.178223 0.223389
vt 0.173584 0.221924
vt 0.169922 0.212769
vt 0.176148 0.226685
vt 0.170654 0.217407
vt 0.167236 0.212036
vt 0.171143 0.223145
vt 0.173950 0.233765
vt 0.167847 0.217529
vt 0.169434 0.223633
vt 0.171997 0.229004
vt 0.164429 0.212402
vt 0.174439 0.239136
vt 0.168701 0.234131
vt 0.162231 0.213257
vt 0.165039 0.217529
vt 0.174805 0.244385
vt 0.159302 0.215088
vt 0.162842 0.218140
vt 0.157959 0.217895
vt 0.166992 0.223755
vt 0.168579 0.239624
vt 0.169067 0.256836
vt 0.152344 0.216064
vt 0.163696 0.222778
vt 0.157837 0.221802
vt 0.145508 0.211304
vt 0.158447 0.224487
vt 0.151733 0.220215
vt 0.142822 0.216553
vt 0.161133 0.227417
vt 0.145508 0.217773
vt 0.152954 0.225098
vt 0.147461 0.225464
vt 0.145142 0.224854
vt 0.131836 0.214477
vt 0.117676 0.209595
vt 0.105041 0.211060
vt 0.093811 0.215820
vt 0.153076 0.233887
vt 0.149658 0.233154
vt 0.157105 0.231323
vt 0.166138 0.228760
vt 0.169189 0.228882
vt 0.163452 0.234375
vt 0.162720 0.239258
vt 0.158325 0.237549
vt 0.168335 0.244995
vt 0.156372 0.241211
vt 0.161865 0.244141
vt 0.163818 0.257324
vt 0.158936 0.257080
vt 0.163330 0.265625
vt 0.158936 0.265625
vt 0.160889 0.277100
vt 0.156616 0.276611
vt 0.151245 0.291748
vt 0.146729 0.287842
vt 0.152344 0.275879
vt 0.153686 0.265381
vt 0.130615 0.297363
vt 0.153320 0.256103
vt 0.150879 0.242188
vt 0.141357 0.231201
vt 0.129273 0.222900
vt 0.117493 0.218628
vt 0.104431 0.219482
vt 0.117310 0.228271
vt 0.093872 0.223511
vt 0.105957 0.228638
vt 0.083618 0.229980
vt 0.095947 0.231445
vt 0.106323 0.232422
vt 0.076416 0.237671
vt 0.071533 0.249878
vt 0.081909 0.242798
vt 0.088013 0.236206
vt 0.070679 0.263184
vt 0.096924 0.235230
vt 0.088745 0.239990
vt 0.077942 0.250732
vt 0.075378 0.274902
vt 0.077637 0.262207
vt 0.083313 0.246460
vt 0.082031 0.273438
vt 0.081787 0.252197
vt 0.087769 0.280762
vt 0.081848 0.260742
vt 0.095886 0.286621
vt 0.085693 0.272217
vt 0.104126 0.290039
vt 0.090637 0.278565
vt 0.114624 0.291504
vt 0.126709 0.290283
vt 0.096680 0.283447
vt 0.114197 0.288086
vt 0.138061 0.284180
vt 0.105103 0.286865
vt 0.124573 0.287109
vt 0.144653 0.275391
vt 0.133545 0.282227
vt 0.146973 0.265381
vt 0.139160 0.275635
vt 0.147217 0.255615
vt 0.142456 0.265137
vt 0.143555 0.245605
vt 0.136230 0.236939
vt 0.128174 0.231689
vt 0.117310 0.232422
vt 0.126343 0.235718
vt 0.133911 0.241089
vt 0.139526 0.247803
vt 0.142090 0.256836
vt 0.132935 0.258301
vt 0.131348 0.252930
vt 0.127686 0.248657
vt 0.122376 0.244873
vt 0.115356 0.242188
vt 0.106384 0.242065
vt 0.099060 0.244141
vt 0.093567 0.247192
vt 0.091309 0.250488
vt 0.091675 0.252930
vt 0.090393 0.257080
vt 0.081848 0.260742
vt 0.085693 0.272217
vt 0.081848 0.260742
vt 0.090637 0.278565
vt 0.085693 0.272217
vt 0.081848 0.260742
vt 0.085693 0.272217
vt 0.090637 0.278565
vt 0.090637 0.278565
vt 0.096680 0.283447
vt 0.096680 0.283447
vt 0.096680 0.283447
vt 0.105103 0.286865
vt 0.105103 0.286865
vt 0.105103 0.286865
vt 0.114197 0.288086
vt 0.114197 0.288086
vt 0.114197 0.288086
vt 0.124573 0.287109
vt 0.124573 0.287109
vt 0.124573 0.287109
vt 0.133545 0.282227
vt 0.133545 0.282227
vt 0.133545 0.282227
vt 0.139160 0.275635
vt 0.139160 0.275635
vt 0.139160 0.275635
vt 0.142456 0.265137
vt 0.142090 0.256836
vt 0.142456 0.265137
vt 0.142456 0.265137
vt 0.142090 0.256836
vt 0.142090 0.256836
vt 0.252441 0.013374
vt 0.256836 0.022568
vt 0.248657 0.014626
vt 0.248779 0.020767
vt 0.240601 0.010017
vt 0.259766 0.028381
vt 0.241699 0.016479
vt 0.232056 0.005432
vt 0.252930 0.026978
vt 0.257568 0.058899
vt 0.231201 0.011551
vt 0.223999 0.002792
vt 0.243164 0.024078
vt 0.250000 0.057312
vt 0.242188 0.066467
vt 0.223267 0.008926
vt 0.216675 0.001709
vt 0.233032 0.021088
vt 0.240479 0.054565
vt 0.237427 0.065125
vt 0.213501 0.073181
vt 0.230957 0.064270
vt 0.224487 0.063477
vt 0.230591 0.051788
vt 0.216064 0.007812
vt 0.209351 0.002289
vt 0.223633 0.019211
vt 0.221802 0.050476
vt 0.208740 0.008507
vt 0.200928 0.004211
vt 0.215210 0.018341
vt 0.218872 0.063599
vt 0.200439 0.010406
vt 0.191650 0.007713
vt 0.206909 0.018524
vt 0.213989 0.049988
vt 0.190674 0.013962
vt 0.182739 0.011124
vt 0.213867 0.063721
vt 0.197388 0.019318
vt 0.206421 0.050079
vt 0.181885 0.017700
vt 0.178589 0.009811
vt 0.173584 0.018158
vt 0.208984 0.063293
vt 0.186768 0.021271
vt 0.176514 0.023224
vt 0.170898 0.023682
vt 0.197754 0.050568
vt 0.178589 0.053040
vt 0.171509 0.055542
vt 0.188110 0.051849
vt 0.203247 0.062927
vt 0.196899 0.062347
vt 0.190552 0.061676
vt 0.186035 0.064392
vt 0.079712 0.061005
vt 0.076843 0.051910
vt 0.084045 0.058563
vt 0.085632 0.053101
vt 0.092896 0.062195
vt 0.075378 0.046112
vt 0.094055 0.056671
vt 0.101013 0.066895
vt 0.080994 0.046783
vt 0.077820 0.015121
vt 0.102173 0.061310
vt 0.110107 0.070251
vt 0.091125 0.049988
vt 0.085266 0.017303
vt 0.092651 0.006592
vt 0.111145 0.064636
vt 0.117004 0.071045
vt 0.100525 0.053375
vt 0.095276 0.019669
vt 0.097107 0.009636
vt 0.120911 0.005100
vt 0.103882 0.010895
vt 0.109802 0.011353
vt 0.104126 0.022491
vt 0.117859 0.065491
vt 0.123962 0.070801
vt 0.111023 0.055817
vt 0.113709 0.024719
vt 0.124634 0.065247
vt 0.133545 0.068359
vt 0.118713 0.056610
vt 0.116150 0.012077
vt 0.134155 0.062805
vt 0.142456 0.064636
vt 0.126465 0.056671
vt 0.120422 0.025314
vt 0.142822 0.058990
vt 0.152222 0.061890
vt 0.120544 0.012337
vt 0.137207 0.055267
vt 0.127075 0.025406
vt 0.152222 0.056152
vt 0.156494 0.064758
vt 0.161865 0.055847
vt 0.124817 0.012688
vt 0.147095 0.052765
vt 0.157959 0.050507
vt 0.165405 0.049896
vt 0.136597 0.024185
vt 0.157105 0.019470
vt 0.165161 0.018280
vt 0.145874 0.021942
vt 0.131104 0.012848
vt 0.137329 0.012611
vt 0.144898 0.011398
vt 0.150024 0.010307
vt 0.081848 0.260742
vt 0.090393 0.257080
vt 0.085693 0.272217
vt 0.092224 0.264893
vt 0.090637 0.278565
vt 0.094971 0.269775
vt 0.096680 0.283447
vt 0.098938 0.273926
vt 0.105103 0.286865
vt 0.105103 0.277344
vt 0.114197 0.288086
vt 0.112122 0.279053
vt 0.124573 0.287109
vt 0.120117 0.278809
vt 0.133545 0.282227
vt 0.126953 0.275879
vt 0.139160 0.275635
vt 0.130737 0.271240
vt 0.142456 0.265137
vt 0.133057 0.263916
vt 0.142090 0.256836
vt 0.132935 0.258301
vt 0.195923 0.255127
vt 0.205689 0.253662
vt 0.196655 0.263184
vt 0.205689 0.259033
vt 0.201050 0.272949
vt 0.208618 0.266357
vt 0.207031 0.279541
vt 0.212646 0.271484
vt 0.216186 0.284424
vt 0.219482 0.275391
vt 0.226685 0.286133
vt 0.227783 0.276611
vt 0.235962 0.285400
vt 0.234863 0.275879
vt 0.244507 0.281982
vt 0.241211 0.273438
vt 0.250732 0.277344
vt 0.245117 0.270020
vt 0.255615 0.270508
vt 0.247314 0.265625
vt 0.258301 0.258789
vt 0.249145 0.258545
vt 0.035980 0.658691
vt 0.027481 0.656738
vt 0.036652 0.654297
vt 0.028320 0.652832
vt 0.021286 0.655273
vt 0.020050 0.650879
vt 0.029144 0.648438
vt 0.040436 0.649902
vt 0.023071 0.647461
vt 0.020737 0.635742
vt 0.016159 0.648926
vt 0.025467 0.635742
vt 0.014526 0.635254
vt 0.030945 0.634277
vt 0.036133 0.637207
vt 0.009850 0.649414
vt 0.009125 0.633301
vt 0.001274 0.635742
vt 0.001252 0.649902
vt 0.040131 0.636719
vt 0.044830 0.651367
vt 0.048309 0.648926
vt 0.045776 0.634766
vt 0.015991 0.701172
vt 0.004578 0.702637
vt 0.004845 0.698242
vt 0.017761 0.698731
vt 0.016220 0.694824
vt 0.004959 0.692383
vt 0.017319 0.690918
vt 0.003716 0.687988
vt 0.007221 0.680664
vt 0.018845 0.682617
vt 0.009109 0.675781
vt 0.021698 0.679199
vt 0.024918 0.687988
vt 0.021805 0.675293
vt 0.009483 0.671875
vt 0.020126 0.664551
vt 0.006508 0.666504
vt 0.007610 0.660644
vt 0.018814 0.658691
vt 0.029648 0.683106
vt 0.027588 0.685059
vt 0.028320 0.690918
vt 0.034119 0.687012
vt 0.032227 0.689453
vt 0.031235 0.544434
vt 0.031555 0.549316
vt 0.022675 0.544434
vt 0.022461 0.548340
vt 0.016312 0.544434
vt 0.014191 0.548340
vt 0.016327 0.551758
vt 0.021973 0.551269
vt 0.012444 0.562500
vt 0.010193 0.549805
vt 0.006580 0.561523
vt 0.016800 0.562988
vt 0.021667 0.565430
vt 0.026871 0.563477
vt 0.031738 0.551758
vt 0.031128 0.562988
vt 0.035309 0.550781
vt 0.037262 0.562988
vt 0.043365 0.549316
vt 0.045319 0.563965
vt 0.050110 0.561035
vt 0.049347 0.548828
vt 0.016968 0.516113
vt 0.025375 0.519043
vt 0.015793 0.520508
vt 0.024094 0.522949
vt 0.023193 0.526367
vt 0.029099 0.520508
vt 0.029816 0.524902
vt 0.011772 0.523438
vt 0.029343 0.528320
vt 0.014343 0.537109
vt 0.019516 0.540527
vt 0.025864 0.540039
vt 0.010101 0.536621
vt 0.008018 0.522949
vt 0.004074 0.525391
vt 0.004093 0.538086
vt 0.030518 0.540527
vt 0.032257 0.526856
vt 0.036041 0.529297
vt 0.036896 0.541504
vt 0.039978 0.528809
vt 0.040314 0.543457
vt 0.048523 0.541504
vt 0.048828 0.528809
vt 0.056091 0.592773
vt 0.048126 0.590332
vt 0.058960 0.581055
vt 0.051392 0.576660
vt 0.059692 0.576660
vt 0.052094 0.571777
vt 0.043304 0.574219
vt 0.042755 0.578613
vt 0.039764 0.590332
vt 0.036987 0.578125
vt 0.035248 0.591797
vt 0.037445 0.573731
vt 0.029068 0.589356
vt 0.030853 0.575684
vt 0.031342 0.571289
vt 0.023987 0.572266
vt 0.024521 0.567871
vt 0.017059 0.569336
vt 0.021896 0.588379
vt 0.022400 0.592285
vt 0.033875 0.593750
vt 0.030136 0.596680
vt 0.021942 0.596191
vt 0.013809 0.594727
vt 0.010948 0.590820
vt 0.014732 0.587402
vt 0.016525 0.573731
vt 0.010468 0.570312
vt 0.010010 0.574707
vt 0.009590 0.588379
vt 0.004570 0.570312
vt 0.005184 0.586426
vt 0.004192 0.574707
vt 0.003778 0.622559
vt 0.002373 0.606934
vt 0.008018 0.620606
vt 0.007988 0.606934
vt 0.016205 0.620117
vt 0.008095 0.602539
vt 0.002220 0.602539
vt 0.016190 0.604004
vt 0.016571 0.599609
vt 0.024399 0.604004
vt 0.023865 0.608398
vt 0.024185 0.621582
vt 0.029556 0.608887
vt 0.028107 0.624023
vt 0.030121 0.604492
vt 0.034790 0.621094
vt 0.035980 0.607910
vt 0.036407 0.603516
vt 0.043274 0.606445
vt 0.043640 0.602051
vt 0.050476 0.604981
vt 0.041809 0.622070
vt 0.040039 0.626465
vt 0.028732 0.625488
vt 0.031738 0.628906
vt 0.039703 0.629883
vt 0.047668 0.630371
vt 0.051300 0.627441
vt 0.048828 0.622559
vt 0.050110 0.609375
vt 0.056549 0.606934
vt 0.056183 0.611328
vt 0.053040 0.626465
vt 0.081848 0.260742
vt 0.081848 0.260742
vt 0.090393 0.257080
vt 0.090393 0.257080
vt 0.081848 0.260742
vt 0.090393 0.257080
vt 0.081848 0.260742
vt 0.090393 0.257080
vt 0.132935 0.258301
vt 0.132935 0.258301
vt 0.142090 0.256836
vt 0.142090 0.256836
vt 0.132935 0.258301
vt 0.142090 0.256836
vt 0.132935 0.258301
vt 0.142090 0.256836
vt 0.195923 0.255127
vt 0.195923 0.255127
vt 0.205689 0.253662
vt 0.205689 0.253662
vt 0.195923 0.255127
vt 0.205689 0.253662
vt 0.195923 0.255127
vt 0.205689 0.253662
vt 0.249145 0.258545
vt 0.249145 0.258545
vt 0.258301 0.258789
vt 0.258301 0.258789
vt 0.249145 0.258545
vt 0.258301 0.258789
vt 0.249145 0.258545
vt 0.258301 0.258789
vt 0.883301 0.373291
vt 0.864746 0.356690
vt 0.890625 0.358154
vt 0.877441 0.345215
vt 0.854004 0.334473
vt 0.907715 0.365478
vt 0.906250 0.382080
vt 0.869629 0.328369
vt 0.851562 0.310059
vt 0.926269 0.366211
vt 0.930664 0.382080
vt 0.868164 0.309815
vt 0.858398 0.286133
vt 0.943848 0.359863
vt 0.953613 0.373291
vt 0.874023 0.292236
vt 0.873535 0.266602
vt 0.958008 0.347900
vt 0.972168 0.356690
vt 0.885742 0.277832
vt 0.894531 0.253662
vt 0.966797 0.331543
vt 0.982910 0.334473
vt 0.901856 0.268555
vt 0.918457 0.249023
vt 0.968750 0.313232
vt 0.985352 0.310059
vt 0.920410 0.265625
vt 0.942871 0.253662
vt 0.964356 0.295166
vt 0.978516 0.286133
vt 0.938477 0.269531
vt 0.963867 0.266602
vt 0.953613 0.280029
vt 0.896484 0.290283
vt 0.907227 0.284180
vt 0.919434 0.282227
vt 0.931641 0.284912
vt 0.942383 0.291748
vt 0.949219 0.302002
vt 0.888672 0.300049
vt 0.952637 0.313965
vt 0.884766 0.312012
vt 0.950684 0.326416
vt 0.885742 0.324463
vt 0.944824 0.337402
vt 0.890625 0.335693
vt 0.935547 0.345459
vt 0.899902 0.344482
vt 0.923828 0.349609
vt 0.911133 0.349365
vt 0.934570 0.320801
vt 0.932129 0.326416
vt 0.918457 0.316162
vt 0.935547 0.314697
vt 0.927246 0.330566
vt 0.933594 0.308594
vt 0.921387 0.332764
vt 0.929688 0.303711
vt 0.915527 0.332764
vt 0.924805 0.300537
vt 0.909668 0.330566
vt 0.918457 0.299316
vt 0.905273 0.326172
vt 0.912598 0.300537
vt 0.902344 0.320801
vt 0.907227 0.303711
vt 0.901856 0.314453
vt 0.903320 0.308594
vt 0.884766 0.229370
vt 0.866699 0.212769
vt 0.892090 0.214355
vt 0.878906 0.201416
vt 0.855469 0.190674
vt 0.909180 0.221680
vt 0.907715 0.238281
vt 0.871094 0.184570
vt 0.853516 0.166138
vt 0.927734 0.222290
vt 0.932617 0.238281
vt 0.870117 0.166016
vt 0.859863 0.142334
vt 0.945312 0.216064
vt 0.955566 0.229370
vt 0.875488 0.148315
vt 0.875000 0.122681
vt 0.959473 0.203980
vt 0.973633 0.212769
vt 0.887207 0.133789
vt 0.895996 0.109741
vt 0.968262 0.187744
vt 0.984863 0.190674
vt 0.903320 0.124573
vt 0.919922 0.105164
vt 0.970703 0.169311
vt 0.986816 0.166138
vt 0.921875 0.121765
vt 0.944336 0.109741
vt 0.965820 0.151245
vt 0.979981 0.142334
vt 0.939941 0.125732
vt 0.965332 0.122681
vt 0.955566 0.136108
vt 0.897949 0.146484
vt 0.908691 0.140259
vt 0.920898 0.138428
vt 0.933106 0.140991
vt 0.943848 0.147949
vt 0.950684 0.158081
vt 0.890137 0.156250
vt 0.954102 0.170166
vt 0.886231 0.168091
vt 0.952637 0.182617
vt 0.887207 0.180542
vt 0.946777 0.193604
vt 0.892578 0.191895
vt 0.937012 0.201660
vt 0.901367 0.200561
vt 0.925293 0.205811
vt 0.913086 0.205444
vt 0.936523 0.176880
vt 0.933594 0.182495
vt 0.919922 0.172241
vt 0.937012 0.170776
vt 0.928711 0.186645
vt 0.935059 0.164795
vt 0.923340 0.188843
vt 0.931641 0.159790
vt 0.916992 0.188843
vt 0.926269 0.156616
vt 0.911133 0.186645
vt 0.919922 0.155395
vt 0.906738 0.182373
vt 0.914062 0.156616
vt 0.903809 0.176880
vt 0.908691 0.159790
vt 0.903320 0.170654
vt 0.904785 0.164795
vt 0.260213 0.080860
vt 0.191612 -0.004754
vt 0.156574 0.049046
vt 0.217204 0.141036
vt 0.130443 0.071939
vt 0.321550 0.142524
vt 0.187411 0.175406
vt 0.094094 0.089514
vt 0.158548 0.208872
vt 0.290286 0.204985
vt 0.400511 0.199552
vt 0.266939 0.247776
vt 0.248778 0.285962
vt 0.386086 0.265446
vt 0.455357 0.209766
vt 0.368277 0.310213
vt 0.355394 0.353565
vt 0.448388 0.279616
vt 0.444085 0.325427
vt 0.440082 0.372200
vt 0.522517 0.381619
vt 0.505787 0.287425
vt 0.506986 0.217746
vt 0.612027 0.206215
vt 0.510361 0.329223
vt 0.624249 0.263128
vt 0.685713 0.173876
vt 0.635027 0.307638
vt 0.645535 0.355301
vt 0.710781 0.224191
vt 0.774767 0.092115
vt 0.732408 0.271700
vt 0.740784 0.311787
vt 0.800311 0.132490
vt 0.828692 -0.004754
vt 0.860897 0.030416
vt 0.832871 0.184769
vt 0.844429 0.222750
vt 0.901940 0.072525
vt 0.915749 0.108034
vt 0.191612 -0.004754
vt 0.260213 0.080860
vt 0.156574 0.049046
vt 0.217204 0.141036
vt 0.130443 0.071939
vt 0.321550 0.142524
vt 0.187411 0.175406
vt 0.094094 0.089514
vt 0.158548 0.208872
vt 0.290286 0.204985
vt 0.400511 0.199552
vt 0.266939 0.247776
vt 0.248778 0.285962
vt 0.386086 0.265446
vt 0.455357 0.209766
vt 0.368277 0.310213
vt 0.355394 0.353565
vt 0.448388 0.279616
vt 0.444085 0.325427
vt 0.440082 0.372200
vt 0.522517 0.381619
vt 0.505787 0.287425
vt 0.506986 0.217746
vt 0.612027 0.206215
vt 0.510361 0.329223
vt 0.624249 0.263128
vt 0.685713 0.173876
vt 0.635027 0.307638
vt 0.645535 0.355301
vt 0.710781 0.224191
vt 0.774767 0.092115
vt 0.732408 0.271700
vt 0.740784 0.311787
vt 0.800311 0.132490
vt 0.828692 -0.004754
vt 0.860897 0.030416
vt 0.832871 0.184769
vt 0.844429 0.222750
vt 0.901940 0.072525
vt 0.915749 0.108034
vt 0.853401 0.460726
vt 0.853401 0.533183
vt 0.791541 0.460726
vt 0.837936 0.403169
vt 0.791541 0.383984
vt 0.729255 0.383984
vt 0.791541 0.533183
vt 0.791541 0.597070
vt 0.729255 0.533183
vt 0.853401 0.597070
vt 0.853401 0.661073
vt 0.729255 0.460726
vt 0.666117 0.460726
vt 0.666116 0.383984
vt 0.602580 0.383984
vt 0.791541 0.661073
vt 0.791541 0.733879
vt 0.729255 0.661073
vt 0.853401 0.733879
vt 0.853401 0.809103
vt 0.729255 0.597070
vt 0.666117 0.597070
vt 0.666117 0.533183
vt 0.602580 0.533183
vt 0.602580 0.460726
vt 0.539099 0.460726
vt 0.539099 0.383984
vt 0.476083 0.383984
vt 0.791541 0.809103
vt 0.791541 0.880359
vt 0.729255 0.809103
vt 0.853401 0.880359
vt 0.837936 0.932314
vt 0.791541 0.949632
vt 0.729255 0.949632
vt 0.729255 0.880359
vt 0.666117 0.880359
vt 0.666116 0.949632
vt 0.602580 0.949632
vt 0.729255 0.733879
vt 0.666117 0.733879
vt 0.666117 0.809103
vt 0.602580 0.809103
vt 0.602580 0.880359
vt 0.539099 0.880359
vt 0.539099 0.949632
vt 0.476083 0.949632
vt 0.666117 0.661073
vt 0.602580 0.661073
vt 0.602580 0.733879
vt 0.539099 0.733879
vt 0.539099 0.809103
vt 0.476083 0.809103
vt 0.476083 0.880359
vt 0.413946 0.880359
vt 0.413946 0.949632
vt 0.351277 0.949632
vt 0.602580 0.597070
vt 0.539099 0.597070
vt 0.539099 0.661073
vt 0.476083 0.661073
vt 0.476083 0.733879
vt 0.413946 0.733879
vt 0.413946 0.809103
vt 0.351277 0.809103
vt 0.351277 0.880359
vt 0.286667 0.880359
vt 0.286667 0.949632
vt 0.237482 0.932314
vt 0.221087 0.880359
vt 0.221087 0.809103
vt 0.286667 0.809103
vt 0.286667 0.733879
vt 0.221087 0.733879
vt 0.221087 0.661073
vt 0.351277 0.733879
vt 0.351277 0.661073
vt 0.286667 0.661073
vt 0.286667 0.597070
vt 0.221087 0.597070
vt 0.221087 0.533183
vt 0.413946 0.661073
vt 0.413946 0.597070
vt 0.351277 0.597070
vt 0.351277 0.533183
vt 0.286667 0.533183
vt 0.286667 0.460726
vt 0.221087 0.460726
vt 0.237482 0.403169
vt 0.286667 0.383984
vt 0.351277 0.383984
vt 0.351277 0.460726
vt 0.413946 0.460726
vt 0.413946 0.383984
vt 0.413946 0.533183
vt 0.476083 0.533183
vt 0.476083 0.460726
vt 0.476083 0.597070
vt 0.539099 0.533183
vn 0.5743 -0.6628 0.4805
vn -0.0178 -0.9998 0.0003
vn 0.7825 -0.6226 0.0067
vn -0.8553 -0.4229 0.2992
vn -0.0306 -0.3510 0.9359
vn -0.6602 -0.5594 0.5012
vn -0.9999 -0.0113 -0.0115
vn -0.2815 -0.9496 -0.1382
vn -0.5478 -0.7124 -0.4386
vn -0.9812 -0.0897 -0.1707
vn -0.6756 -0.4323 -0.5972
vn -0.9998 0.0034 -0.0176
vn -0.7607 -0.1442 -0.6328
vn -0.6799 -0.0804 -0.7289
vn -0.9705 -0.0946 -0.2219
vn -0.9749 -0.2209 -0.0270
vn -0.9243 -0.2759 -0.2636
vn -0.9920 -0.1101 -0.0616
vn -0.5512 0.0244 -0.8340
vn -0.6773 0.4482 -0.5834
vn -0.8081 -0.1856 -0.5591
vn -0.9347 -0.1210 -0.3342
vn -0.9665 0.2540 -0.0361
vn -0.4424 0.4980 -0.7458
vn -0.6211 0.7127 -0.3261
vn -0.4896 -0.0702 -0.8691
vn -0.7488 -0.3342 -0.5724
vn -0.9229 0.2469 -0.2955
vn -0.9680 0.2476 -0.0411
vn -0.7979 -0.0860 -0.5966
vn -0.5287 -0.3332 -0.7806
vn -0.9208 0.2421 -0.3059
vn -0.9737 0.2207 -0.0570
vn -0.7904 0.2372 -0.5648
vn -0.9202 0.2090 -0.3311
vn -0.9822 0.1683 -0.0830
vn -0.5438 -0.1974 -0.8157
vn -0.5874 -0.0354 -0.8085
vn -0.7890 0.2345 -0.5679
vn -0.9201 0.1511 -0.3613
vn -0.9866 0.1175 -0.1128
vn -0.3228 -0.3223 -0.8899
vn -0.5700 0.2512 -0.7823
vn -0.7912 0.2013 -0.5775
vn -0.9167 0.1078 -0.3847
vn -0.9859 0.0974 -0.1360
vn -0.3038 -0.1693 -0.9376
vn -0.3612 -0.0078 -0.9325
vn -0.5808 0.2472 -0.7756
vn -0.7996 0.1511 -0.5812
vn -0.9124 0.1022 -0.3963
vn -0.9837 0.1023 -0.1482
vn -0.1790 -0.3047 -0.9355
vn -0.3466 0.2643 -0.9000
vn -0.5981 0.2196 -0.7708
vn -0.8113 0.1202 -0.5722
vn -0.9092 0.1146 -0.4002
vn -0.9801 0.1268 -0.1528
vn -0.2037 -0.0011 -0.9790
vn -0.3494 0.2614 -0.8998
vn -0.6214 0.1820 -0.7621
vn -0.8215 0.1201 -0.5575
vn -0.9033 0.1362 -0.4068
vn -0.9747 0.1620 -0.1542
vn -0.1950 0.2590 -0.9460
vn -0.3605 0.2420 -0.9008
vn -0.6438 0.1571 -0.7489
vn -0.8271 0.1284 -0.5473
vn -0.8913 0.1668 -0.4217
vn -0.9687 0.1961 -0.1524
vn -0.1859 0.2590 -0.9478
vn -0.3800 0.2147 -0.8997
vn -0.6572 0.1496 -0.7387
vn -0.8257 0.1365 -0.5474
vn -0.8743 0.2037 -0.4406
vn -0.9628 0.2282 -0.1445
vn -0.1846 0.2496 -0.9506
vn -0.4019 0.1897 -0.8958
vn -0.6602 0.1474 -0.7365
vn -0.8144 0.1533 -0.5597
vn -0.8552 0.2450 -0.4568
vn -0.9596 0.2508 -0.1275
vn -0.1953 0.2324 -0.9528
vn -0.4179 0.1710 -0.8923
vn -0.6567 0.1454 -0.7400
vn -0.7939 0.1867 -0.5787
vn -0.8377 0.2805 -0.4687
vn -0.9592 0.2641 -0.1004
vn -0.2136 0.2095 -0.9542
vn -0.4239 0.1585 -0.8917
vn -0.6487 0.1519 -0.7457
vn -0.7688 0.2312 -0.5962
vn -0.8217 0.3088 -0.4791
vn -0.9605 0.2705 -0.0647
vn -0.2318 0.1856 -0.9549
vn -0.4223 0.1501 -0.8939
vn -0.6344 0.1812 -0.7515
vn -0.7453 0.2675 -0.6107
vn -0.8040 0.3337 -0.4922
vn -0.9618 0.2694 -0.0487
vn -0.2451 0.1671 -0.9550
vn -0.4143 0.1528 -0.8972
vn -0.6138 0.2258 -0.7564
vn -0.7242 0.2937 -0.6239
vn -0.7931 0.3386 -0.5062
vn -0.9905 -0.1254 -0.0568
vn -0.8483 -0.0769 -0.5239
vn -0.7049 0.3145 -0.6358
vn -0.6897 0.3230 -0.6480
vn -0.7911 -0.1053 -0.6026
vn -0.5938 0.2627 -0.7605
vn -0.3994 0.1786 -0.8992
vn -0.5782 0.2910 -0.7623
vn -0.5679 0.3154 -0.7603
vn -0.5646 0.3225 -0.7597
vn -0.6225 -0.0312 -0.7820
vn -0.3787 0.2190 -0.8992
vn -0.3576 0.2548 -0.8985
vn -0.3380 0.2835 -0.8974
vn -0.3192 0.3096 -0.8957
vn -0.3074 0.3221 -0.8954
vn -0.3527 -0.0108 -0.9357
vn -0.2146 0.3128 -0.9253
vn -0.2653 -0.0219 -0.9639
vn -0.2234 0.2985 -0.9279
vn -0.2287 0.2768 -0.9333
vn -0.2308 0.2506 -0.9402
vn -0.2346 0.2143 -0.9482
vn -0.1025 0.3113 -0.9448
vn -0.1210 0.0100 -0.9926
vn -0.1054 0.2991 -0.9484
vn -0.1081 0.2802 -0.9538
vn -0.1108 0.2546 -0.9607
vn 0.0195 0.3045 -0.9523
vn 0.0650 -0.0650 -0.9958
vn 0.0081 0.2929 -0.9561
vn -0.0043 0.2743 -0.9616
vn 0.1184 0.2955 -0.9480
vn 0.1650 -0.0399 -0.9855
vn 0.1160 0.2805 -0.9528
vn 0.3066 0.2714 -0.9123
vn 0.3127 -0.1048 -0.9441
vn -0.1150 0.2169 -0.9694
vn -0.0184 0.2496 -0.9682
vn 0.1034 0.2609 -0.9598
vn 0.2883 0.2597 -0.9216
vn 0.3797 0.2651 -0.8863
vn 0.4047 -0.1084 -0.9080
vn -0.0289 0.2159 -0.9760
vn 0.0905 0.2367 -0.9674
vn 0.2739 0.2419 -0.9309
vn 0.3908 0.2510 -0.8856
vn 0.5978 0.2659 -0.7563
vn 0.6260 -0.0649 -0.7771
vn 0.0824 0.2089 -0.9745
vn 0.2624 0.2212 -0.9393
vn 0.3980 0.2312 -0.8878
vn 0.5997 0.2502 -0.7601
vn 0.7769 0.2420 -0.5813
vn 0.8270 -0.1321 -0.5465
vn 0.2550 0.1994 -0.9462
vn 0.4014 0.2109 -0.8913
vn 0.6050 0.2256 -0.7636
vn 0.7752 0.2301 -0.5883
vn 0.8089 0.2541 -0.5302
vn 0.8353 -0.1184 -0.5369
vn 0.9476 0.2675 -0.1744
vn 0.9831 -0.0071 -0.1829
vn 0.9586 0.2409 -0.1517
vn 0.8311 0.2417 -0.5009
vn 0.9645 0.2222 -0.1428
vn 0.8529 0.2207 -0.4732
vn 0.9706 0.2013 -0.1319
vn 0.7777 0.2105 -0.5924
vn 0.8710 0.2010 -0.4483
vn 0.9757 0.1824 -0.1214
vn 0.7832 0.1921 -0.5914
vn 0.8852 0.1851 -0.4267
vn 0.9800 0.1637 -0.1131
vn 0.6090 0.2032 -0.7667
vn 0.8961 0.1711 -0.4095
vn 0.9836 0.1439 -0.1086
vn 0.7898 0.1791 -0.5866
vn 0.6132 0.1873 -0.7674
vn 0.9041 0.1570 -0.3974
vn 0.9863 0.1247 -0.1079
vn 0.7965 0.1695 -0.5804
vn 0.4042 0.1924 -0.8942
vn 0.9087 0.1447 -0.3915
vn 0.9875 0.1141 -0.1091
vn 0.6197 0.1757 -0.7649
vn 0.8025 0.1606 -0.5746
vn 0.4101 0.1770 -0.8947
vn 0.9105 0.1363 -0.3905
vn 0.9876 0.1146 -0.1071
vn 0.6280 0.1671 -0.7601
vn 0.8061 0.1553 -0.5710
vn 0.2530 0.1791 -0.9507
vn 0.9121 0.1301 -0.3888
vn 0.9865 0.1321 -0.0968
vn 0.8065 0.1521 -0.5713
vn 0.4174 0.1685 -0.8930
vn 0.6350 0.1649 -0.7547
vn 0.0834 0.1811 -0.9799
vn 0.9151 0.1351 -0.3800
vn 0.9809 0.1776 -0.0788
vn 0.8044 0.1458 -0.5760
vn 0.6394 0.1665 -0.7506
vn 0.2538 0.1694 -0.9523
vn 0.4218 0.1690 -0.8908
vn -0.0306 0.1788 -0.9834
vn 0.9169 0.1703 -0.3608
vn 0.9719 0.2277 -0.0602
vn 0.8001 0.1451 -0.5820
vn 0.6395 0.1669 -0.7504
vn 0.4218 0.1752 -0.8896
vn 0.0912 0.1676 -0.9816
vn 0.2537 0.1724 -0.9518
vn 0.9165 0.2199 -0.3341
vn 0.9654 0.2562 -0.0477
vn 0.7950 0.1688 -0.5827
vn 0.6316 0.1710 -0.7562
vn 0.4161 0.1841 -0.8905
vn 0.2503 0.1818 -0.9510
vn 0.0988 0.1719 -0.9801
vn 0.9173 0.2508 -0.3093
vn 0.9623 0.2681 -0.0458
vn 0.7915 0.2103 -0.5739
vn 0.6166 0.1902 -0.7639
vn 0.4019 0.1973 -0.8942
vn 0.2418 0.1965 -0.9502
vn 0.9186 0.2612 -0.2967
vn 0.9969 -0.0212 -0.0763
vn 0.7923 0.2398 -0.5611
vn 0.6007 0.2228 -0.7678
vn 0.3824 0.2164 -0.8983
vn 0.9440 -0.0339 -0.3283
vn 0.9840 -0.1746 -0.0352
vn 0.7966 0.2454 -0.5525
vn 0.5892 0.2479 -0.7690
vn 0.9371 -0.2466 -0.2469
vn 0.9998 -0.0036 -0.0193
vn 0.8213 -0.0375 -0.5693
vn 0.9751 -0.1012 -0.1972
vn 0.9794 -0.2003 -0.0268
vn 0.2279 0.2155 -0.9495
vn 0.3658 0.2402 -0.8992
vn 0.5842 0.2511 -0.7718
vn 0.7878 -0.3224 -0.5248
vn 0.9630 -0.1843 -0.1964
vn 0.1654 -0.9759 -0.1422
vn 0.4197 -0.7700 -0.4805
vn 0.7734 -0.1661 -0.6118
vn 0.5825 -0.4675 -0.6649
vn 0.8419 -0.1852 -0.5068
vn 0.3574 0.2580 -0.8976
vn 0.6147 -0.0283 -0.7883
vn 0.5784 -0.1978 -0.7914
vn 0.5787 0.0139 -0.8154
vn 0.6259 -0.0898 -0.7747
vn 0.4717 0.4790 -0.7403
vn 0.6464 0.4475 -0.6180
vn 0.3700 0.1547 -0.9161
vn 0.4983 0.7748 -0.3890
vn 0.5768 0.7300 -0.3666
vn 0.5127 0.8582 -0.0247
vn 0.4336 0.9006 -0.0291
vn 0.3519 0.9352 -0.0402
vn 0.2856 0.5803 -0.7627
vn 0.3060 0.8590 -0.4104
vn 0.4136 0.9075 -0.0732
vn 0.3422 0.8035 -0.4872
vn 0.9940 0.0913 -0.0603
vn 0.5236 -0.0659 -0.8494
vn 0.1826 0.2465 -0.9518
vn 0.2243 0.5642 -0.7946
vn 0.2484 0.0426 -0.9677
vn 0.1338 0.2550 -0.9576
vn 0.8381 0.1558 -0.5229
vn 0.9603 -0.2744 -0.0499
vn 0.2093 0.4512 -0.8675
vn 0.3156 -0.1677 -0.9339
vn 0.1487 0.0952 -0.9843
vn 0.5643 -0.3356 -0.7543
vn 0.0909 0.1046 -0.9903
vn 0.1767 -0.1346 -0.9750
vn 0.3373 -0.3270 -0.8828
vn 0.3762 -0.0177 -0.9264
vn 0.1046 0.2381 -0.9656
vn 0.3572 0.2597 -0.8972
vn 0.1833 -0.3077 -0.9337
vn 0.2127 -0.0105 -0.9771
vn 0.2059 0.2553 -0.9447
vn 0.1995 0.2573 -0.9455
vn 0.0905 -0.1194 -0.9887
vn 0.2007 0.2478 -0.9478
vn 0.2117 0.2333 -0.9491
vn 0.1043 0.2448 -0.9639
vn 0.1085 0.0257 -0.9938
vn 0.0917 -0.2912 -0.9523
vn 0.0036 -0.1242 -0.9923
vn 0.0970 0.2499 -0.9634
vn 0.0945 0.2495 -0.9637
vn 0.0968 0.2414 -0.9656
vn 0.1007 0.2238 -0.9694
vn 0.0034 0.0943 -0.9955
vn 0.1032 0.2021 -0.9739
vn 0.1028 0.1844 -0.9775
vn 0.0035 0.2488 -0.9685
vn 0.0029 0.2414 -0.9704
vn 0.0015 0.2225 -0.9749
vn -0.0010 0.1994 -0.9799
vn -0.0055 0.1802 -0.9836
vn -0.0126 0.1649 -0.9862
vn 0.0038 0.2468 -0.9691
vn -0.0223 0.1590 -0.9870
vn -0.1190 0.1735 -0.9776
vn -0.1191 0.1523 -0.9811
vn -0.2436 0.1734 -0.9543
vn -0.2518 0.1504 -0.9560
vn -0.1143 0.1591 -0.9806
vn -0.2523 0.1532 -0.9555
vn -0.1069 0.1755 -0.9787
vn -0.0989 0.1961 -0.9756
vn -0.0908 0.2205 -0.9712
vn -0.0842 0.2404 -0.9670
vn -0.0817 0.2495 -0.9649
vn -0.0850 0.2500 -0.9645
vn 0.0042 0.2391 -0.9710
vn -0.0934 0.2457 -0.9648
vn 0.0041 0.0466 -0.9989
vn -0.0987 0.0292 -0.9947
vn 0.0036 -0.2816 -0.9595
vn -0.0865 -0.2902 -0.9531
vn -0.0853 -0.1198 -0.9891
vn -0.1707 -0.1366 -0.9758
vn -0.2367 0.0412 -0.9707
vn -0.1413 0.0955 -0.9854
vn -0.0850 0.1045 -0.9909
vn -0.3266 0.1668 -0.9303
vn 0.0039 0.2263 -0.9741
vn -0.0994 0.2379 -0.9662
vn -0.1679 0.2670 -0.9490
vn -0.2360 0.5941 -0.7690
vn 0.1322 0.3580 -0.9243
vn 0.0047 0.3362 -0.9418
vn -0.1404 0.2650 -0.9540
vn -0.2162 0.5648 -0.7964
vn 0.3222 0.6139 -0.7206
vn -0.1264 0.3572 -0.9254
vn -0.2341 0.4481 -0.8628
vn 0.1584 0.4935 -0.8552
vn 0.5583 0.1817 -0.8095
vn 0.0062 0.4669 -0.8843
vn 0.2288 0.1426 -0.9630
vn -0.1492 0.4884 -0.8598
vn -0.3436 0.5904 -0.7303
vn 0.6155 -0.1521 -0.7733
vn 0.0102 0.1226 -0.9924
vn -0.3461 0.7924 -0.5024
vn 0.8837 -0.2597 -0.3893
vn 0.4215 0.8757 -0.2355
vn 0.4365 0.8983 0.0507
vn 0.2908 0.8303 -0.4754
vn 0.2711 -0.0897 -0.9584
vn 0.1304 0.8031 -0.5814
vn 0.0347 0.6924 -0.7207
vn 0.0159 -0.0988 -0.9950
vn -0.1558 0.5455 -0.8235
vn -0.2089 0.1363 -0.9684
vn -0.2478 -0.1700 -0.9538
vn -0.5492 0.1621 -0.8198
vn -0.5977 -0.2406 -0.7648
vn -0.4574 0.5772 -0.6764
vn -0.4999 0.8281 -0.2538
vn -0.8629 -0.3162 -0.3942
vn -0.3697 0.9274 0.0561
vn -0.9535 -0.2969 -0.0528
vn -0.9973 0.0276 -0.0677
vn -0.8446 0.1120 -0.5235
vn -0.4359 0.8968 -0.0755
vn -0.3236 0.9454 -0.0393
vn -0.2730 0.8660 -0.4190
vn -0.5124 0.8583 -0.0274
vn -0.4804 0.7864 -0.3883
vn -0.5136 0.8579 -0.0149
vn -0.5702 0.7717 0.2816
vn -0.5603 0.7987 0.2197
vn -0.7150 0.5200 0.4673
vn -0.5880 0.6032 0.5389
vn -0.8006 0.2513 0.5439
vn -0.3618 0.8729 0.3274
vn -0.4359 0.8968 -0.0756
vn -0.5916 0.3755 0.7135
vn -0.8314 -0.0304 0.5549
vn -0.3070 0.6750 0.6709
vn -0.3780 0.8976 0.2266
vn -0.7124 0.0595 0.6992
vn -0.7129 -0.3747 0.5927
vn -0.3113 0.4481 0.8380
vn -0.8547 -0.0642 0.5152
vn -0.4102 -0.7625 0.5003
vn -0.2004 0.7733 0.6016
vn -0.9365 0.0951 0.3376
vn -0.4586 0.2198 0.8610
vn -0.9625 -0.1986 0.1847
vn -0.2110 -0.9438 0.2544
vn -0.9865 -0.0453 0.1577
vn -0.2814 -0.9496 -0.1383
vn -0.9116 0.0086 0.4110
vn -0.9889 -0.0112 0.1483
vn -0.6579 0.0418 0.7519
vn -0.2093 0.3659 0.9068
vn -0.9545 -0.2461 0.1684
vn -0.9224 -0.0896 0.3756
vn -0.7148 -0.0137 0.6992
vn -0.1243 0.4901 0.8627
vn -0.3831 0.1922 0.9035
vn -0.9696 -0.1336 0.2051
vn -0.9920 -0.1101 -0.0615
vn -0.1243 0.6441 0.7547
vn -0.2678 0.3567 0.8950
vn -0.3020 0.4626 0.8335
vn -0.2302 0.6223 0.7482
vn -0.9462 0.2497 0.2056
vn -0.3658 0.3914 0.8444
vn -0.2115 0.7010 0.6811
vn -0.9497 0.2441 0.1962
vn -0.9573 0.2204 0.1871
vn -0.9687 0.1717 0.1792
vn -0.9781 0.1147 0.1739
vn -0.9866 0.1175 -0.1129
vn -0.9817 0.0831 0.1715
vn -0.9821 0.0820 0.1697
vn -0.9804 0.1017 0.1685
vn -0.9764 0.1325 0.1704
vn -0.9714 0.1593 0.1762
vn -0.9659 0.1775 0.1883
vn -0.9610 0.1827 0.2076
vn -0.9565 0.1749 0.2336
vn -0.9593 0.2641 -0.1004
vn -0.9512 0.1594 0.2643
vn -0.9443 0.1468 0.2946
vn -0.9618 0.2694 -0.0488
vn -0.9284 -0.2716 0.2536
vn -0.9905 -0.1254 -0.0567
vn -0.8414 -0.3218 0.4341
vn -0.8790 0.0823 0.4697
vn -0.6814 -0.3578 0.6385
vn -0.8864 0.0968 0.4526
vn -0.7216 0.0384 0.6913
vn -0.5031 -0.3810 0.7758
vn -0.8909 0.1176 0.4387
vn -0.7338 0.0528 0.6773
vn -0.5124 0.0078 0.8587
vn -0.3116 -0.3821 0.8700
vn -0.8950 0.1333 0.4257
vn -0.7425 0.0705 0.6661
vn -0.5260 0.0191 0.8503
vn -0.3020 -0.0122 0.9532
vn -0.1364 -0.3740 0.9173
vn -0.9001 0.1370 0.4136
vn -0.7534 0.0873 0.6517
vn -0.5373 0.0328 0.8428
vn -0.3177 -0.0005 0.9482
vn -0.1227 -0.0154 0.9923
vn -0.0245 -0.3525 0.9355
vn -0.9051 0.1283 0.4054
vn -0.7653 0.0968 0.6363
vn -0.5461 0.0459 0.8365
vn -0.3235 0.0152 0.9461
vn -0.1233 -0.0050 0.9924
vn -0.0144 -0.0031 0.9999
vn 0.1442 -0.3371 0.9304
vn -0.9092 0.1090 0.4018
vn -0.7764 0.0958 0.6230
vn -0.5569 0.0557 0.8287
vn -0.3238 0.0272 0.9457
vn -0.1213 0.0108 0.9926
vn 0.1412 0.0142 0.9899
vn 0.3474 -0.3118 0.8844
vn 0.0005 0.0063 1.0000
vn -0.9119 0.0833 0.4019
vn -0.7855 0.0844 0.6131
vn -0.5693 0.0594 0.8200
vn -0.3227 0.0330 0.9459
vn -0.1176 0.0245 0.9928
vn 0.0153 0.0196 0.9997
vn 0.1597 0.0230 0.9869
vn -0.9122 0.0652 0.4045
vn -0.7927 0.0639 0.6062
vn -0.5817 0.0533 0.8116
vn -0.3256 0.0335 0.9449
vn -0.1136 0.0282 0.9931
vn 0.0281 0.0318 0.9991
vn -0.9120 0.0626 0.4053
vn -0.7973 0.0484 0.6016
vn -0.5931 0.0367 0.8043
vn -0.3328 0.0276 0.9426
vn -0.1121 0.0233 0.9934
vn -0.9104 0.0948 0.4026
vn -0.7992 0.0457 0.5994
vn -0.6023 0.0243 0.7979
vn -0.3414 0.0130 0.9398
vn -0.9038 0.1568 0.3983
vn -0.7984 0.0742 0.5976
vn -0.6088 0.0253 0.7929
vn -0.8951 0.2078 0.3945
vn -0.7957 0.1328 0.5910
vn -0.8898 0.2314 0.3935
vn -0.1140 0.0146 0.9934
vn -0.3494 0.0015 0.9370
vn -0.6121 0.0534 0.7890
vn -0.7955 0.1811 0.5783
vn -0.8897 0.2318 0.3934
vn -0.1189 -0.0003 0.9929
vn -0.3568 0.0041 0.9342
vn -0.6140 0.1046 0.7824
vn -0.8004 0.2018 0.5644
vn -0.8940 -0.1824 0.4092
vn -0.1251 -0.0123 0.9921
vn -0.3627 0.0318 0.9314
vn -0.6185 0.1447 0.7724
vn -0.8081 0.1944 0.5560
vn -0.8807 -0.2998 0.3667
vn -0.1326 -0.0117 0.9911
vn -0.3657 0.0796 0.9273
vn -0.6249 0.1599 0.7641
vn -0.7976 -0.1784 0.5762
vn -0.7430 -0.1216 0.6581
vn -0.1406 0.0137 0.9900
vn -0.3662 0.1166 0.9232
vn -0.6383 0.1466 0.7557
vn -0.7349 -0.3003 0.6081
vn -0.5296 0.0461 0.8470
vn -0.5918 -0.0635 0.8036
vn -0.6509 -0.1527 0.7436
vn -0.3649 0.1295 0.9220
vn -0.1457 0.0623 0.9874
vn -0.3046 0.1734 0.9366
vn -0.6073 -0.2299 0.7605
vn -0.3587 0.1116 0.9268
vn -0.1475 0.1018 0.9838
vn -0.2684 0.2481 0.9308
vn -0.4080 0.0183 0.9128
vn -0.4891 -0.1726 0.8550
vn -0.2804 0.2681 0.9217
vn -0.1961 0.2299 0.9533
vn -0.4528 -0.1785 0.8736
vn -0.2296 0.1224 0.9656
vn -0.1109 0.2419 0.9639
vn -0.2329 -0.1783 0.9560
vn -0.2606 -0.1710 0.9502
vn -0.1268 0.2155 0.9682
vn -0.1345 0.1524 0.9791
vn -0.1457 0.1013 0.9841
vn -0.1284 -0.1550 0.9795
vn -0.1389 -0.1805 0.9737
vn -0.1490 0.1161 0.9820
vn 0.0033 0.2470 0.9690
vn 0.0025 0.1986 0.9801
vn 0.0048 0.1574 0.9875
vn 0.0057 -0.1378 0.9904
vn 0.0069 0.1014 0.9948
vn 0.0074 0.1105 0.9939
vn 0.0100 0.0934 0.9956
vn 0.0050 -0.1919 0.9814
vn 0.0144 0.0497 0.9987
vn 0.0207 0.0004 0.9998
vn 0.0275 -0.0223 0.9994
vn 0.0349 -0.0206 0.9992
vn 0.0420 -0.0064 0.9991
vn 0.0454 0.0105 0.9989
vn 0.0448 0.0243 0.9987
vn 0.0380 0.0329 0.9987
vn 0.1793 -0.0261 0.9834
vn 0.1832 -0.0258 0.9827
vn 0.1882 -0.0124 0.9821
vn 0.1905 0.0091 0.9816
vn 0.1885 0.0286 0.9817
vn 0.1839 0.0407 0.9821
vn 0.1789 0.0428 0.9829
vn 0.1768 -0.0000 0.9843
vn 0.1712 0.0348 0.9846
vn 0.1735 0.0520 0.9835
vn 0.1694 0.0951 0.9809
vn 0.1666 0.1113 0.9797
vn 0.1597 0.0973 0.9824
vn 0.1393 -0.1577 0.9776
vn 0.3546 0.0393 0.9342
vn 0.3638 0.0457 0.9304
vn 0.3417 0.0345 0.9392
vn 0.5236 -0.2857 0.8026
vn 0.5338 0.0594 0.8435
vn 0.7090 -0.2498 0.6595
vn 0.5434 0.0604 0.8373
vn 0.7326 0.0834 0.6756
vn 0.8477 -0.2157 0.4846
vn 0.3639 0.0488 0.9302
vn 0.5531 0.0604 0.8309
vn 0.8635 0.1171 0.4906
vn 0.9571 -0.1268 0.2605
vn 0.7401 0.0866 0.6669
vn 0.3620 0.0472 0.9310
vn 0.9405 0.1834 0.2859
vn 0.9477 0.2675 -0.1744
vn 0.5587 0.0613 0.8271
vn 0.8719 0.1199 0.4748
vn 0.9496 0.1732 0.2612
vn 0.7450 0.0881 0.6613
vn 0.3627 0.0363 0.9312
vn 0.9544 0.1693 0.2460
vn 0.8771 0.1224 0.4645
vn 0.7506 0.0889 0.6547
vn 0.5634 0.0610 0.8239
vn 0.3659 0.0141 0.9306
vn 0.9588 0.1605 0.2342
vn 0.8816 0.1215 0.4561
vn 0.7562 0.0870 0.6486
vn 0.5689 0.0522 0.8207
vn 0.3693 -0.0095 0.9293
vn 0.9627 0.1485 0.2264
vn 0.8857 0.1157 0.4496
vn 0.7618 0.0772 0.6431
vn 0.5765 0.0314 0.8165
vn 0.3730 -0.0210 0.9276
vn 0.9663 0.1325 0.2205
vn 0.8897 0.1032 0.4448
vn 0.7689 0.0586 0.6367
vn 0.5862 0.0101 0.8101
vn 0.3789 -0.0169 0.9253
vn 0.9700 0.1129 0.2152
vn 0.8937 0.0855 0.4404
vn 0.7770 0.0400 0.6282
vn 0.5970 0.0009 0.8022
vn 0.3864 0.0137 0.9222
vn 0.9732 0.0929 0.2103
vn 0.9863 0.1246 -0.1079
vn 0.8976 0.0665 0.4357
vn 0.7842 0.0299 0.6198
vn 0.6068 0.0066 0.7948
vn 0.3909 0.0653 0.9181
vn 0.9755 0.0815 0.2043
vn 0.9004 0.0542 0.4316
vn 0.7882 0.0306 0.6147
vn 0.6127 0.0361 0.7895
vn 0.3903 0.1049 0.9147
vn 0.9768 0.0854 0.1962
vn 0.9030 0.0539 0.4263
vn 0.6135 0.0843 0.7852
vn 0.7881 0.0555 0.6131
vn 0.3854 0.1191 0.9150
vn 0.9758 0.1127 0.1874
vn 0.9050 0.0802 0.4178
vn 0.7850 0.1050 0.6106
vn 0.6125 0.1215 0.7811
vn 0.3752 0.1021 0.9213
vn 0.9695 0.1660 0.1805
vn 0.9040 0.1349 0.4056
vn 0.7834 0.1489 0.6034
vn 0.6114 0.1356 0.7796
vn 0.9604 0.2163 0.1758
vn 0.9014 0.1859 0.3910
vn 0.7861 0.1702 0.5942
vn 0.9543 0.2439 0.1725
vn 0.9655 0.2561 -0.0478
vn 0.9012 0.2135 0.3772
vn 0.6174 0.1236 0.7769
vn 0.9517 0.2562 0.1695
vn 0.9623 0.2681 -0.0457
vn 0.7898 0.1682 0.5899
vn 0.9039 0.2237 0.3645
vn 0.9854 -0.0301 0.1673
vn 0.9187 -0.0549 0.3911
vn 0.7865 -0.0863 0.6115
vn 0.6321 -0.1286 0.7642
vn 0.5040 -0.1753 0.8457
vn 0.9724 -0.1718 0.1577
vn 0.9105 -0.2136 0.3540
vn 0.9906 -0.0113 0.1366
vn 0.7614 -0.2416 0.6016
vn 0.6199 -0.2133 0.7551
vn 0.9339 -0.0897 0.3462
vn 0.9614 -0.2152 0.1716
vn 0.9794 -0.2003 -0.0269
vn 0.7619 -0.1286 0.6349
vn 0.9257 -0.0228 0.3775
vn 0.4699 -0.1814 0.8639
vn 0.1134 -0.9613 0.2510
vn 0.2927 -0.8083 0.5109
vn 0.9171 -0.3206 0.2369
vn 0.6158 -0.4379 0.6550
vn 0.8562 -0.1030 0.5063
vn 0.7745 -0.0586 0.6299
vn 0.6064 -0.0709 0.7920
vn 0.7340 -0.0284 0.6786
vn 0.7290 0.0377 0.6835
vn 0.7568 0.2669 0.5967
vn 0.6781 0.0281 0.7344
vn 0.5431 0.0349 0.8390
vn 0.4311 0.0074 0.9023
vn 0.6130 0.3644 0.7010
vn 0.6495 0.5626 0.5115
vn 0.4782 0.2092 0.8530
vn 0.2714 -0.1719 0.9470
vn 0.3935 0.1828 0.9010
vn 0.6001 0.6012 0.5277
vn 0.4749 0.8265 0.3022
vn 0.2474 -0.1848 0.9511
vn 0.1492 -0.1801 0.9723
vn 0.2381 0.1078 0.9652
vn 0.1368 0.1453 0.9799
vn 0.1983 0.2256 0.9538
vn 0.3432 0.1512 0.9270
vn 0.1051 0.2398 0.9651
vn 0.2964 0.2578 0.9196
vn 0.1265 0.2217 0.9669
vn 0.2046 0.3596 0.9104
vn 0.2764 0.3643 0.8893
vn 0.2848 0.2802 0.9167
vn 0.1747 0.3533 0.9191
vn 0.2940 0.4647 0.8352
vn 0.1140 0.4877 0.8655
vn 0.2184 0.6259 0.7487
vn 0.3739 0.3933 0.8399
vn 0.0034 0.3352 0.9422
vn 0.3315 0.4419 0.8336
vn 0.3353 0.5997 0.7266
vn 0.1473 0.6268 0.7651
vn -0.1649 0.3513 0.9216
vn 0.1128 0.6451 0.7557
vn 0.3312 0.6712 0.6632
vn 0.3938 0.8611 0.3216
vn 0.0042 0.6395 0.7688
vn 0.1110 0.5672 0.8161
vn -0.3252 0.5985 0.7322
vn -0.1353 0.6271 0.7671
vn -0.4303 0.4232 0.7973
vn 0.5608 0.7990 0.2170
vn 0.4335 0.9007 -0.0291
vn 0.3519 0.9352 -0.0401
vn 0.3394 0.9103 0.2368
vn 0.9243 0.1718 0.3408
vn 0.1726 0.7816 0.5994
vn 0.1736 0.7058 0.6868
vn 0.9473 -0.1996 0.2507
vn 0.7237 0.0947 0.6836
vn 0.3663 0.8888 0.2754
vn 0.4364 0.8983 0.0507
vn 0.8093 -0.0938 0.5799
vn 0.2531 0.8719 0.4191
vn 0.1019 0.8538 0.5106
vn 0.5967 -0.0956 0.7968
vn 0.0236 0.8530 0.5213
vn 0.4368 0.4185 0.7963
vn 0.3439 -0.0611 0.9370
vn 0.2882 0.5630 0.7746
vn 0.1099 -0.0445 0.9929
vn 0.0126 0.8239 0.5666
vn -0.0008 0.7331 0.6801
vn 0.0125 -0.0748 0.9971
vn -0.0364 0.6465 0.7620
vn 0.0090 0.5450 0.8384
vn -0.0867 -0.1172 0.9893
vn -0.0913 0.5781 0.8108
vn -0.3201 -0.1306 0.9383
vn -0.1328 0.6417 0.7554
vn -0.2264 0.6942 0.6833
vn -0.2642 0.5703 0.7778
vn -0.5965 -0.1462 0.7892
vn -0.4083 0.7339 0.5428
vn -0.7968 -0.1506 0.5852
vn -0.7037 0.1045 0.7028
vn -0.9499 -0.1913 0.2474
vn -0.4043 0.8600 0.3113
vn -0.3697 0.9275 0.0560
vn -0.2814 -0.9496 -0.1382
vn 0.0470 -0.9805 -0.1909
vn 0.0394 -0.9662 0.2549
vn 0.0345 -0.9752 -0.2184
vn 0.0322 -0.9669 0.2531
vn 0.0280 -0.9674 -0.2516
vn -0.0912 -0.8095 0.5800
vn -0.7129 -0.3748 0.5927
vn 0.0348 -0.9697 0.2419
vn 0.0145 -0.9607 -0.2771
vn -0.0557 -0.7928 0.6069
vn -0.2888 -0.4960 0.8189
vn 0.0269 -0.9806 0.1940
vn -0.0495 -0.9526 -0.3000
vn -0.0068 -0.7860 0.6182
vn -0.1952 -0.4828 0.8537
vn -0.3920 -0.0844 0.9161
vn -0.8007 0.2513 0.5439
vn -0.0014 -0.9927 0.1207
vn 0.0001 -0.9583 -0.2859
vn 0.0093 -0.8137 0.5812
vn -0.0708 -0.4759 0.8766
vn -0.3672 0.3582 0.8584
vn -0.2682 -0.0946 0.9587
vn 0.1176 -0.9875 0.1046
vn 0.0486 -0.9458 -0.3210
vn 0.0497 -0.8577 0.5117
vn -0.2387 0.6947 0.6786
vn -0.5702 0.7717 0.2815
vn -0.0232 -0.5014 0.8649
vn -0.2429 0.3267 0.9134
vn -0.1126 -0.0982 0.9888
vn 0.1720 -0.9819 0.0788
vn -0.0706 -0.9436 -0.3235
vn -0.1131 0.9232 0.3674
vn 0.2241 -0.8455 0.4847
vn 0.0601 -0.5391 0.8401
vn -0.0545 -0.1071 0.9928
vn -0.1415 0.6638 0.7344
vn -0.1092 0.2855 0.9521
vn -0.1160 0.9904 -0.0750
vn -0.0744 0.9184 0.3886
vn -0.0761 0.6371 0.7670
vn -0.0678 0.2710 0.9602
vn 0.0199 -0.1058 0.9942
vn -0.2528 0.8487 -0.4645
vn -0.6774 0.4482 -0.5834
vn -0.0897 0.9904 -0.1054
vn -0.0628 0.9152 0.3982
vn -0.0744 0.6445 0.7610
vn -0.4005 0.5368 -0.7426
vn -0.1776 0.8366 -0.5183
vn -0.0769 0.9893 -0.1240
vn -0.4270 -0.1036 -0.8983
vn -0.2890 0.5190 -0.8044
vn -0.2989 -0.5352 -0.7901
vn -0.0332 0.2860 0.9577
vn -0.0818 0.9186 0.3866
vn -0.1180 0.8265 -0.5504
vn -0.3121 -0.0893 -0.9458
vn -0.0887 -0.8221 -0.5624
vn -0.2037 -0.5029 -0.8400
vn -0.0569 -0.7922 -0.6076
vn 0.0346 -0.9753 -0.2183
vn -0.1619 0.5024 -0.8493
vn -0.0898 0.9883 -0.1230
vn -0.1545 -0.0437 -0.9870
vn -0.0970 -0.4691 -0.8778
vn -0.0298 -0.7605 -0.6486
vn -0.1044 0.8348 -0.5406
vn -0.1160 0.5110 -0.8517
vn -0.0972 -0.0160 -0.9951
vn -0.0608 -0.4709 -0.8801
vn -0.0269 -0.7526 -0.6579
vn -0.0758 -0.7542 -0.6522
vn -0.0901 -0.4807 -0.8722
vn -0.1274 0.0022 -0.9918
vn -0.1562 0.5333 -0.8314
vn -0.1719 0.8493 -0.4991
vn -0.0899 -0.7693 -0.6326
vn 0.0001 -0.9582 -0.2860
vn -0.1437 -0.5059 -0.8505
vn -0.1998 -0.0037 -0.9798
vn -0.2110 0.5462 -0.8106
vn -0.0666 -0.7621 -0.6440
vn 0.0486 -0.9459 -0.3209
vn -0.1501 -0.5009 -0.8524
vn -0.2391 0.0016 -0.9710
vn -0.1501 -0.7584 -0.6342
vn -0.0706 -0.9436 -0.3234
vn -0.2114 -0.4905 -0.8454
vn -0.2216 -0.7614 -0.6093
vn -0.1513 -0.9419 -0.2998
vn -0.1809 0.8693 -0.4600
vn -0.2525 0.5396 -0.8032
vn -0.2968 0.0210 -0.9547
vn -0.2833 -0.4899 -0.8245
vn -0.4442 -0.7275 -0.5230
vn -0.4388 -0.8727 -0.2140
vn -0.1863 0.8641 -0.4676
vn -0.3140 0.5300 -0.7877
vn -0.3493 0.0281 -0.9366
vn -0.4350 -0.4824 -0.7603
vn -0.3664 -0.7882 -0.4945
vn -0.3122 -0.9112 -0.2688
vn -0.2677 0.8465 -0.4602
vn -0.3428 0.5269 -0.7777
vn -0.4426 -0.0001 -0.8967
vn -0.3817 -0.5683 -0.7289
vn -0.3166 -0.8087 -0.4957
vn -0.2402 -0.9276 -0.2861
vn -0.2925 0.8455 -0.4468
vn -0.4399 0.4927 -0.7508
vn -0.3898 -0.0632 -0.9187
vn -0.3732 -0.5935 -0.7130
vn -0.8075 -0.5518 -0.2084
vn -0.8299 -0.5547 -0.0605
vn -0.6516 0.6287 0.4243
vn -0.6580 0.5198 0.5448
vn -0.8222 -0.4835 -0.3005
vn -0.6749 0.3242 0.6629
vn -0.9036 -0.2239 -0.3652
vn -0.7135 -0.0516 0.6988
vn -0.4141 -0.0719 -0.9074
vn -0.9589 0.1353 -0.2495
vn -0.7122 -0.3365 0.6161
vn -0.4077 0.5143 -0.7545
vn -0.9106 0.4129 0.0194
vn -0.6830 -0.5642 0.4639
vn -0.3865 0.5037 -0.7726
vn -0.3266 0.8755 -0.3560
vn -0.8491 0.4972 0.1784
vn -0.6714 -0.6920 0.2652
vn -0.3387 0.8725 -0.3521
vn -0.2449 0.9692 -0.0246
vn -0.7856 0.4857 0.3832
vn -0.7223 -0.6905 0.0379
vn -0.4232 0.8225 -0.3799
vn -0.2821 0.9593 -0.0137
vn -0.1082 0.9260 0.3617
vn -0.7131 0.3771 0.5910
vn -0.7880 -0.5907 -0.1733
vn -0.3974 0.9176 0.0078
vn -0.1396 0.9162 0.3757
vn 0.0635 0.7393 0.6703
vn -0.6684 0.1253 0.7332
vn -0.8861 -0.2913 -0.3605
vn -0.2332 0.9704 -0.0628
vn -0.3142 0.8431 0.4364
vn 0.0282 0.7230 0.6903
vn 0.2541 0.3103 0.9161
vn -0.7031 -0.1634 0.6921
vn -0.9209 0.0686 -0.3836
vn -0.1915 0.9780 -0.0830
vn -0.1250 0.9072 0.4016
vn -0.2133 0.6223 0.7532
vn 0.2185 0.3101 0.9253
vn 0.3116 -0.1937 0.9303
vn -0.7873 -0.3083 0.5340
vn -0.8513 0.4458 -0.2767
vn -0.0792 0.9925 -0.0933
vn -0.0613 0.9204 0.3860
vn -0.0100 0.6760 0.7368
vn -0.1364 0.2407 0.9610
vn 0.2961 -0.1735 0.9393
vn 0.2324 -0.6295 0.7414
vn -0.7979 -0.4267 0.4258
vn -0.7833 0.6213 -0.0190
vn -0.8124 -0.5450 0.2073
vn -0.7017 0.6632 0.2603
vn 0.0893 -0.8917 0.4437
vn 0.2358 -0.6079 0.7582
vn -0.1377 -0.1509 0.9789
vn 0.0888 0.2861 0.9541
vn -0.8299 -0.5546 -0.0605
vn -0.6517 0.6287 0.4243
vn -0.0741 -0.9957 0.0564
vn -0.2403 -0.9276 -0.2861
vn 0.0728 -0.8826 0.4645
vn -0.1430 -0.9860 0.0853
vn -0.1813 -0.5143 0.8382
vn -0.2634 -0.7673 0.5847
vn -0.3560 -0.9101 0.2122
vn -0.4389 -0.8727 -0.2140
vn 0.1147 -0.1221 0.9859
vn 0.0880 -0.5341 0.8408
vn -0.0574 -0.9889 0.1374
vn 0.0224 -0.8377 0.5457
vn 0.0392 -0.9940 0.1017
vn 0.1340 -0.8467 0.5149
vn 0.2694 -0.8386 0.4734
vn 0.2029 -0.5252 0.8264
vn 0.2188 -0.0985 0.9708
vn 0.2734 -0.5209 0.8087
vn 0.3355 -0.5107 0.7916
vn 0.2557 -0.0952 0.9621
vn 0.3445 -0.0864 0.9348
vn 0.1781 0.3010 0.9369
vn 0.1844 0.2942 0.9378
vn 0.3008 0.2990 0.9056
vn 0.0664 0.6862 0.7244
vn -0.0948 0.6718 0.7346
vn 0.0842 0.6795 0.7288
vn 0.1954 0.6846 0.7023
vn 0.0688 0.9270 0.3686
vn -0.1455 0.9187 0.3673
vn -0.0199 0.9211 0.3887
vn -0.1247 0.9893 -0.0753
vn -0.1764 0.9789 -0.1035
vn -0.0435 -0.9803 -0.1925
vn 0.4198 -0.7700 -0.4805
vn 0.0851 -0.8091 -0.5814
vn -0.0288 -0.9751 -0.2200
vn 0.2875 -0.5107 -0.8102
vn 0.0628 -0.7800 -0.6226
vn -0.0187 -0.9645 -0.2634
vn 0.4050 -0.0917 -0.9097
vn 0.6465 0.4475 -0.6179
vn 0.0512 -0.7470 -0.6628
vn -0.0074 -0.9521 -0.3056
vn 0.1942 -0.4835 -0.8535
vn 0.3759 0.5247 -0.7638
vn 0.0513 -0.7350 -0.6761
vn 0.0189 -0.9340 -0.3569
vn 0.1135 -0.4577 -0.8818
vn 0.2872 -0.0813 -0.9544
vn 0.2436 0.8387 -0.4871
vn 0.0821 -0.7214 -0.6876
vn 0.0437 -0.9345 -0.3533
vn 0.2718 0.5084 -0.8171
vn 0.0884 -0.4618 -0.8826
vn 0.1629 -0.0417 -0.9858
vn 0.1150 0.9897 -0.0856
vn 0.1229 -0.7223 -0.6806
vn 0.0596 -0.9272 -0.3699
vn 0.1752 0.8282 -0.5323
vn 0.1265 -0.4601 -0.8788
vn 0.1235 -0.0184 -0.9922
vn 0.1703 0.4955 -0.8517
vn 0.1059 0.9232 0.3695
vn 0.1341 -0.7329 -0.6670
vn 0.1081 -0.9222 -0.3712
vn 0.1692 -0.4655 -0.8687
vn 0.0918 0.9892 -0.1147
vn 0.1869 0.0013 -0.9824
vn 0.1400 0.5043 -0.8521
vn 0.1322 0.8196 -0.5575
vn 0.1774 -0.7419 -0.6466
vn 0.1449 -0.9229 -0.3569
vn 0.1665 -0.4832 -0.8595
vn 0.2150 0.0021 -0.9766
vn 0.1995 0.5133 -0.8347
vn 0.1253 0.8271 -0.5480
vn 0.0903 0.9866 -0.1362
vn 0.2258 -0.7411 -0.6323
vn 0.4625 -0.8612 -0.2106
vn 0.2278 -0.4983 -0.8366
vn 0.2036 -0.0144 -0.9789
vn 0.2148 0.5086 -0.8338
vn 0.1751 0.8288 -0.5314
vn 0.0716 0.9206 0.3838
vn 0.1022 0.9843 -0.1436
vn 0.2183 0.6930 0.6871
vn 0.7568 0.2669 0.5966
vn 0.0637 0.9212 0.3837
vn 0.3402 0.3586 0.8693
vn 0.7745 -0.0587 0.6299
vn 0.1276 0.6642 0.7366
vn 0.3618 -0.0842 0.9284
vn 0.6158 -0.4379 0.6551
vn 0.2155 0.3306 0.9188
vn 0.0596 0.6477 0.7596
vn 0.0768 0.9310 0.3568
vn 0.2624 -0.4948 0.8284
vn 0.2311 -0.0916 0.9686
vn 0.0758 0.3011 0.9506
vn 0.0816 -0.8088 0.5824
vn 0.1582 -0.4887 0.8580
vn -0.0368 -0.9650 0.2598
vn 0.0340 -0.8005 0.5984
vn -0.0372 -0.9670 0.2519
vn -0.0288 -0.9751 -0.2199
vn 0.0698 -0.0903 0.9935
vn 0.0498 0.6679 0.7426
vn 0.0282 -0.4895 0.8715
vn -0.0251 -0.8026 0.5959
vn -0.0477 -0.9727 0.2271
vn 0.0291 0.2944 0.9552
vn 0.0124 -0.0989 0.9950
vn -0.0194 -0.5191 0.8545
vn -0.0471 -0.8340 0.5498
vn -0.0464 -0.9857 0.1618
vn -0.0513 -0.9965 0.0666
vn -0.1089 -0.8762 0.4694
vn -0.1165 -0.5575 0.8220
vn -0.0790 -0.1032 0.9915
vn -0.0379 0.3068 0.9510
vn -0.0810 -0.9953 0.0539
vn -0.2021 -0.8671 0.4553
vn -0.2763 -0.5393 0.7955
vn -0.2771 -0.1010 0.9555
vn -0.0641 -0.9975 0.0292
vn 0.0596 -0.9271 -0.3699
vn -0.1865 -0.8761 0.4447
vn -0.2844 -0.5479 0.7867
vn 0.0023 -0.9994 0.0359
vn 0.1081 -0.9223 -0.3712
vn -0.0997 -0.8814 0.4617
vn 0.0471 -0.9973 0.0565
vn 0.1449 -0.9228 -0.3569
vn -0.2197 0.2979 0.9290
vn -0.3152 -0.1033 0.9434
vn -0.1807 -0.5696 0.8018
vn -0.0374 -0.8757 0.4814
vn 0.3702 -0.9051 0.2092
vn 0.4625 -0.8613 -0.2106
vn 0.3173 -0.9007 -0.2969
vn 0.2514 -0.7647 0.5933
vn 0.1328 -0.9886 0.0708
vn 0.1427 -0.9309 -0.3363
vn -0.0978 -0.5791 0.8094
vn -0.2076 -0.1244 0.9703
vn 0.1614 -0.5113 0.8441
vn 0.0175 -0.9996 0.0207
vn 0.8004 -0.5914 -0.0977
vn -0.0533 -0.8721 0.4865
vn -0.1258 -0.1541 0.9800
vn 0.8240 -0.5526 0.1252
vn 0.6282 0.6999 0.3399
vn 0.6278 0.7602 0.1672
vn 0.0850 -0.1478 0.9854
vn -0.1283 -0.8945 0.4282
vn 0.7994 -0.5080 0.3208
vn 0.7282 0.6756 -0.1149
vn -0.2006 -0.6020 0.7729
vn -0.2275 -0.6067 0.7617
vn 0.7599 -0.3795 0.5277
vn 0.7970 0.4594 -0.3921
vn -0.2230 -0.1473 0.9636
vn 0.0792 0.2605 0.9622
vn -0.2452 -0.1686 0.9547
vn 0.7427 -0.1301 0.6568
vn 0.8559 0.0513 -0.5146
vn -0.1265 0.3249 0.9373
vn -0.1012 0.2931 0.9507
vn -0.1479 0.3295 0.9325
vn 0.8280 0.0607 0.5574
vn 0.8104 -0.3469 -0.4721
vn 0.1724 0.6537 0.7368
vn -0.1669 0.3078 0.9367
vn 0.0493 0.7277 0.6841
vn 0.0208 0.7403 0.6719
vn 0.9035 0.1671 0.3947
vn 0.7339 -0.6232 -0.2702
vn 0.0111 0.7100 0.7041
vn -0.2716 0.3050 0.9128
vn 0.2948 0.8644 0.4073
vn 0.1904 0.9152 0.3552
vn 0.1673 0.9274 0.3346
vn 0.9372 0.2139 0.2754
vn 0.6842 -0.7289 -0.0239
vn -0.0447 0.7135 0.6992
vn -0.1470 0.7082 0.6905
vn 0.1455 0.9270 0.3457
vn 0.4414 0.8973 0.0017
vn 0.2847 0.9584 -0.0216
vn 0.2749 0.9608 -0.0367
vn 0.9568 0.2492 0.1497
vn 0.6348 -0.7438 0.2093
vn 0.0870 0.9364 0.3400
vn 0.2638 0.9605 -0.0885
vn 0.5235 0.7849 -0.3314
vn 0.3364 0.8682 -0.3648
vn 0.2970 0.8677 -0.3986
vn 0.9564 0.2918 0.0109
vn 0.6631 -0.6132 0.4293
vn 0.9808 0.1239 -0.1505
vn 0.6914 -0.3847 0.6116
vn 0.2706 0.4603 -0.8455
vn 0.3621 0.4909 -0.7924
vn 0.6208 0.4183 -0.6631
vn 0.3294 0.8252 -0.4588
vn 0.9527 -0.1978 -0.2309
vn 0.6930 -0.1253 0.7100
vn 0.2195 -0.0496 -0.9744
vn 0.3746 -0.0923 -0.9226
vn 0.6263 -0.0500 -0.7780
vn 0.8596 -0.4265 -0.2815
vn 0.6776 0.2719 0.6833
vn 0.1969 -0.5734 -0.7952
vn 0.3753 -0.5762 -0.7260
vn 0.7948 -0.5511 -0.2540
vn 0.6419 0.5470 0.5373
vn 0.1862 -0.7886 -0.5860
vn 0.6281 0.7000 0.3397
vn 0.3173 -0.9007 -0.2968
vn 0.3651 -0.7612 -0.5360
vn 0.5220 -0.6903 -0.5011
vn 0.5650 -0.4696 -0.6784
vn 0.2915 -0.5003 -0.8153
vn 0.3716 -0.0251 -0.9281
vn 0.2987 -0.0259 -0.9540
vn 0.3824 0.4676 -0.7969
vn 0.2090 0.5045 -0.8377
vn 0.3128 0.4864 -0.8158
vn 0.2690 0.8325 -0.4844
vn 0.1723 0.8327 -0.5262
vn 0.1782 0.8394 -0.5135
vn 0.2033 0.9727 -0.1122
vn 0.1308 0.9793 -0.1546
vn 0.1199 0.9829 -0.1399
vn -0.0074 0.9446 0.3281
vn 0.1086 0.9830 -0.1484
vn 0.0714 0.9470 0.3132
vn -0.0060 0.9437 0.3306
vn -0.1197 0.7027 0.7014
vn 0.0147 0.7108 0.7033
vn 0.3024 -0.2063 -0.9306
vn -0.0936 -0.2323 -0.9681
vn 0.2907 0.2464 -0.9245
vn -0.1280 0.2147 -0.9683
vn -0.3555 -0.6511 -0.6705
vn 0.3148 0.4225 -0.8499
vn -0.5107 0.1611 -0.8445
vn -0.3564 -0.8535 -0.3801
vn -0.1127 0.4429 -0.8895
vn -0.7888 0.0770 -0.6098
vn -0.3261 -0.9243 -0.1982
vn -0.1422 0.0196 -0.9896
vn 0.3363 0.0164 -0.9416
vn 0.3239 0.1485 -0.9343
vn -0.5003 0.3808 -0.7776
vn -0.9059 0.0330 -0.4221
vn -0.3168 -0.9484 -0.0160
vn -0.1884 0.1516 -0.9703
vn 0.3079 0.3756 -0.8741
vn -0.5248 0.0785 -0.8476
vn -0.7461 0.3089 -0.5898
vn -0.2492 0.3633 -0.8977
vn 0.2852 0.5803 -0.7628
vn -0.5861 0.1863 -0.7885
vn -0.7641 0.0994 -0.6374
vn -0.2767 0.5780 -0.7677
vn 0.2740 0.5269 -0.8045
vn -0.8540 0.2246 -0.4693
vn -0.6074 0.3264 -0.7243
vn -0.2325 0.5295 -0.8158
vn 0.4625 0.0701 -0.8838
vn -0.6636 0.4941 -0.5617
vn -0.7823 0.4164 -0.4632
vn -0.7628 0.2280 -0.6051
vn -0.8442 0.0247 -0.5355
vn -0.9128 0.1817 -0.3657
vn -0.6660 0.6742 -0.3192
vn -0.9387 -0.0138 -0.3444
vn -0.9144 0.3088 -0.2617
vn -0.2889 -0.9557 0.0562
vn -0.9515 -0.0364 -0.3055
vn -0.2673 -0.9549 -0.1289
vn -0.9593 -0.0387 -0.2796
vn -0.1533 -0.9256 -0.3461
vn -0.9320 0.0896 -0.3513
vn -0.9616 -0.0326 -0.2726
vn -0.1801 -0.9227 -0.3409
vn -0.8568 0.2292 -0.4620
vn -0.7599 0.4963 -0.4198
vn -0.9028 0.3789 -0.2035
vn -0.9611 0.2573 -0.1006
vn -0.9590 -0.0702 -0.2745
vn -0.1959 -0.9621 -0.1899
vn -0.9701 0.1380 -0.1996
vn -0.8620 0.4105 -0.2973
vn -0.7684 0.5568 -0.3155
vn -0.9656 0.1828 -0.1848
vn -0.7824 0.5391 -0.3119
vn -0.6959 0.1674 -0.6983
vn -0.9750 0.2022 -0.0925
vn -0.9847 0.1744 -0.0017
vn -0.8879 0.4335 0.1538
vn -0.8214 0.5158 -0.2436
vn -0.7857 0.1999 -0.5854
vn -0.3058 0.0500 -0.9508
vn -0.7208 -0.0260 -0.6926
vn -0.8833 0.2297 -0.4086
vn -0.7474 0.6416 -0.1727
vn -0.1583 -0.0069 -0.9874
vn 0.4691 -0.0515 -0.8816
vn -0.8077 0.5296 -0.2591
vn -0.6928 -0.0170 -0.7210
vn -0.0949 0.1287 -0.9871
vn 0.5075 0.0535 -0.8600
vn -0.0403 0.2804 -0.9590
vn 0.5424 0.1866 -0.8191
vn -0.6256 0.3043 -0.7183
vn -0.6626 0.1474 -0.7344
vn -0.9471 0.2531 -0.1973
vn -0.9679 0.1151 -0.2235
vn -0.9284 0.1577 0.3366
vn -0.9715 -0.0313 -0.2351
vn -0.9498 0.0580 0.3074
vn -0.6927 0.0068 0.7212
vn -0.6836 -0.0457 0.7284
vn -0.3133 -0.1619 0.9357
vn -0.9660 -0.0141 -0.2581
vn -0.9882 0.0435 0.1471
vn -0.9648 -0.0457 0.2591
vn -0.3319 -0.1657 0.9287
vn 0.3637 -0.2593 0.8947
vn -0.6821 -0.0846 0.7264
vn -0.9759 0.2180 -0.0130
vn 0.3014 -0.2574 0.9181
vn 0.8492 -0.1889 0.4932
vn -0.3108 -0.1588 0.9371
vn -0.9668 0.2000 0.1592
vn -0.6781 0.7348 0.0160
vn 0.8292 -0.2172 0.5150
vn 0.9811 -0.0940 0.1689
vn 0.1683 0.8797 -0.4447
vn -0.5483 0.7079 -0.4453
vn -0.8099 0.5224 -0.2668
vn 0.1539 0.7273 -0.6689
vn -0.9368 0.0072 -0.3498
vn -0.8723 0.4194 -0.2514
vn -0.6413 0.0227 -0.7670
vn -0.5993 0.4725 -0.6463
vn -0.9286 0.1870 -0.3206
vn -0.9794 0.1950 0.0519
vn -0.8140 0.5797 0.0369
vn -0.7694 0.6386 -0.0162
vn -0.7278 0.5587 0.3976
vn -0.7685 0.1546 0.6209
vn -0.5023 0.1680 0.8482
vn -0.7412 0.5007 0.4471
vn -0.4217 0.7936 0.4386
vn -0.5821 0.3667 0.7258
vn -0.7747 -0.2594 0.5767
vn -0.5594 0.7358 0.3817
vn -0.4003 0.7051 0.5853
vn -0.4569 0.7523 0.4747
vn -0.2421 -0.2515 0.9371
vn -0.7507 0.4304 0.5012
vn -0.1180 0.0989 0.9881
vn -0.0279 0.7251 0.6880
vn -0.3812 0.7029 0.6005
vn -0.2900 0.7578 0.5845
vn -0.6374 0.4176 0.6475
vn 0.2466 -0.2253 0.9426
vn 0.2849 0.0197 0.9584
vn -0.0260 0.7053 0.7084
vn 0.8028 -0.2131 0.5569
vn 0.3749 0.6177 0.6913
vn -0.8943 0.2148 0.3925
vn 0.9735 -0.1583 0.1649
vn 0.9438 0.0409 -0.3281
vn 0.9340 -0.0680 -0.3507
vn 0.5076 0.0535 -0.8599
vn 0.9687 -0.1858 0.1646
vn 0.9272 -0.1415 -0.3467
vn 0.4691 -0.0515 -0.8817
vn 0.4624 0.0701 -0.8839
vn 0.9418 -0.0176 -0.3358
vn -0.8215 0.5539 0.1355
vn -0.6198 0.7845 0.0191
vn -0.5869 0.8080 0.0516
vn -0.3983 0.5664 0.7215
vn -0.4749 0.8796 -0.0283
vn -0.8788 0.4647 -0.1081
vn -0.3579 0.5427 0.7599
vn -0.5662 0.8213 -0.0706
vn -0.9149 0.3717 -0.1574
vn -0.8656 0.4854 -0.1230
vn -0.9187 0.3686 -0.1416
vn -0.6061 0.7946 0.0368
vn -0.8678 0.4876 -0.0961
vn -0.9222 0.3627 -0.1342
vn 0.0423 0.7445 0.6662
vn -0.9701 -0.1625 -0.1802
vn -0.2556 -0.9666 0.0171
vn -0.9679 -0.2512 -0.0025
vn -0.3995 -0.8974 0.1874
vn -0.9406 0.3373 -0.0374
vn -0.8860 0.4630 0.0234
vn -0.9471 -0.2209 0.2328
vn -0.5885 -0.6612 0.4653
vn -0.9304 0.3443 0.1258
vn -0.6251 0.7674 0.1427
vn -0.8287 -0.1180 0.5471
vn -0.3967 -0.6831 0.6132
vn -0.7130 0.5454 0.4407
vn -0.8965 0.4066 0.1759
vn -0.6292 -0.0616 0.7748
vn -0.2143 -0.6803 0.7009
vn -0.6769 0.6543 0.3371
vn -0.4888 0.6694 0.5595
vn -0.3286 0.9205 0.2115
vn -0.3370 0.0343 0.9409
vn 0.0332 -0.5072 0.8612
vn -0.4365 0.7919 0.4270
vn -0.2257 0.7540 0.6169
vn 0.0824 -0.0101 0.9965
vn 0.3187 -0.7594 0.5673
vn -0.1637 0.8702 0.4648
vn 0.0244 0.7731 0.6338
vn 0.5939 -0.1417 0.7920
vn 0.3061 -0.8831 0.3555
vn -0.0565 0.9725 0.2258
vn 0.0968 0.8690 0.4853
vn 0.4068 0.7007 0.5861
vn 0.8325 -0.1594 0.5305
vn 0.2563 -0.9422 0.2160
vn 0.5142 0.7366 0.4393
vn 0.7968 0.5201 0.3074
vn 0.1821 0.9537 0.2393
vn 0.9374 -0.0535 0.3440
vn 0.3092 -0.9502 0.0388
vn 0.8252 0.5122 0.2380
vn 0.6055 0.7504 0.2651
vn 0.9752 0.0490 0.2159
vn 0.8323 0.5256 0.1762
vn 0.9843 0.1376 0.1105
vn 0.3880 -0.9004 -0.1967
vn 0.6797 0.7115 0.1782
vn 0.2427 0.9534 0.1792
vn 0.8368 0.5273 0.1475
vn 0.9795 0.1823 0.0853
vn 0.4119 -0.8720 -0.2647
vn 0.7098 0.6857 0.1613
vn 0.8590 0.4762 0.1881
vn 0.7194 0.6448 0.2584
vn 0.9802 0.1744 0.0936
vn 0.3111 -0.9444 -0.1066
vn 0.9149 0.3428 0.2133
vn 0.9793 0.1499 0.1361
vn 0.3126 -0.9353 0.1657
vn 0.9874 0.0701 0.1419
vn 0.2843 -0.9413 0.1819
vn 0.3847 -0.9225 -0.0304
vn 0.9569 0.2394 0.1643
vn 0.9983 0.0551 -0.0198
vn 0.4395 -0.8719 -0.2161
vn 0.4079 0.9008 0.1491
vn 0.9222 0.2892 0.2568
vn 0.9659 0.2230 0.1317
vn 0.9230 0.1415 -0.3579
vn 0.5257 -0.6223 -0.5800
vn 0.9619 0.1880 0.1985
vn 0.9662 0.2551 -0.0383
vn 0.6625 0.2510 -0.7058
vn 0.8974 0.3210 -0.3029
vn 0.6749 0.3819 -0.6314
vn 0.3148 0.4225 -0.8500
vn 0.9791 0.1586 0.1271
vn 0.8791 0.3522 0.3212
vn 0.9826 0.1668 -0.0818
vn 0.6888 0.0867 -0.7197
vn 0.9127 0.1537 -0.3786
vn 0.9297 0.2916 0.2249
vn 0.6917 0.1879 -0.6973
vn 0.3240 0.1485 -0.9343
vn 0.9552 0.2687 0.1237
vn 0.9007 0.2415 -0.3611
vn 0.9569 0.2702 -0.1061
vn 0.6793 0.3475 -0.6464
vn 0.8823 0.3328 -0.3330
vn 0.9062 0.4191 -0.0563
vn 0.8785 0.4588 0.1332
vn 0.8619 0.4554 0.2230
vn 0.6742 0.5119 -0.5323
vn 0.2853 0.5803 -0.7628
vn 0.8758 0.4442 -0.1887
vn 0.6190 0.7217 -0.3098
vn 0.2740 0.5270 -0.8045
vn 0.7809 0.6238 0.0330
vn 0.8770 0.2582 -0.4052
vn 0.9485 0.2855 -0.1375
vn 0.9649 0.2613 0.0251
vn 0.8044 0.5908 0.0622
vn 0.8047 0.5711 0.1618
vn 0.7651 0.6106 0.2046
vn 0.9833 -0.0679 0.1688
vn 0.8787 0.2932 0.3767
vn 0.9020 0.2761 0.3319
vn 0.8936 -0.0900 0.4398
vn 0.7670 0.6054 0.2127
vn 0.7508 -0.0446 0.6590
vn 0.8414 0.4401 0.3135
vn 0.6175 0.5777 0.5339
vn 0.7347 0.2153 0.6434
vn 0.3996 0.8794 0.2587
vn 0.9220 0.2411 0.3029
vn 0.8294 0.4860 0.2755
vn 0.8823 0.4162 -0.2197
vn 0.6303 0.5305 0.5668
vn 0.3625 0.5389 0.7604
vn 0.1860 0.9384 0.2912
vn 0.6315 0.7249 0.2753
vn 0.6699 0.2361 0.7039
vn 0.6385 0.2486 0.7284
vn 0.4437 0.7181 0.5361
vn -0.0155 0.9759 0.2176
vn -0.0073 0.9174 0.3980
vn -0.3010 0.9406 0.1573
vn 0.5534 0.3786 0.7419
vn 0.6522 0.5286 0.5434
vn 0.0113 0.8089 0.5878
vn -0.5026 0.8568 0.1154
vn -0.1485 0.9109 0.3850
vn -0.2845 0.8077 0.5164
vn 0.0370 0.5936 0.8039
vn 0.0096 0.5551 0.8317
vn 0.3607 0.4476 0.8183
vn 0.3277 0.6686 0.6675
vn 0.3082 0.6572 0.6878
vn 0.0936 -0.2323 -0.9681
vn -0.3024 -0.2063 -0.9306
vn -0.2907 0.2464 -0.9245
vn 0.1280 0.2147 -0.9683
vn 0.3555 -0.6511 -0.6705
vn -0.3148 0.4225 -0.8499
vn 0.5107 0.1612 -0.8445
vn 0.3564 -0.8535 -0.3801
vn 0.1127 0.4429 -0.8895
vn 0.7888 0.0770 -0.6098
vn 0.3261 -0.9243 -0.1982
vn 0.1422 0.0196 -0.9896
vn -0.3363 0.0164 -0.9416
vn -0.3239 0.1485 -0.9343
vn 0.5003 0.3808 -0.7776
vn 0.9038 0.0333 -0.4266
vn 0.3168 -0.9484 -0.0160
vn 0.1884 0.1516 -0.9703
vn -0.3079 0.3756 -0.8741
vn 0.5248 0.0785 -0.8476
vn 0.7461 0.3089 -0.5899
vn 0.2492 0.3633 -0.8977
vn -0.2852 0.5803 -0.7628
vn 0.5860 0.1863 -0.7886
vn 0.7641 0.0994 -0.6374
vn 0.2767 0.5780 -0.7677
vn -0.2739 0.5269 -0.8046
vn 0.8540 0.2246 -0.4692
vn 0.6074 0.3264 -0.7243
vn 0.2325 0.5295 -0.8158
vn -0.4624 0.0701 -0.8839
vn 0.6636 0.4942 -0.5617
vn 0.7824 0.4164 -0.4632
vn 0.7628 0.2280 -0.6051
vn 0.8442 0.0247 -0.5355
vn 0.9128 0.1817 -0.3657
vn 0.6661 0.6741 -0.3192
vn 0.9387 -0.0138 -0.3445
vn 0.9144 0.3088 -0.2617
vn 0.2889 -0.9557 0.0562
vn 0.9515 -0.0364 -0.3055
vn 0.2673 -0.9549 -0.1289
vn 0.9593 -0.0387 -0.2796
vn 0.1533 -0.9256 -0.3461
vn 0.9320 0.0896 -0.3513
vn 0.9616 -0.0326 -0.2726
vn 0.1801 -0.9227 -0.3409
vn 0.8568 0.2292 -0.4620
vn 0.7599 0.4963 -0.4198
vn 0.9027 0.3788 -0.2040
vn 0.9611 0.2573 -0.1006
vn 0.9590 -0.0702 -0.2746
vn 0.1959 -0.9621 -0.1899
vn 0.9701 0.1380 -0.1996
vn 0.8620 0.4105 -0.2973
vn 0.7684 0.5568 -0.3155
vn 0.9656 0.1828 -0.1848
vn 0.7824 0.5391 -0.3119
vn 0.6959 0.1674 -0.6984
vn 0.9750 0.2022 -0.0925
vn 0.9847 0.1744 -0.0017
vn 0.8879 0.4335 0.1538
vn 0.8214 0.5158 -0.2436
vn 0.7857 0.1999 -0.5854
vn 0.3058 0.0500 -0.9508
vn 0.7208 -0.0259 -0.6926
vn 0.8833 0.2296 -0.4086
vn 0.7474 0.6416 -0.1727
vn 0.1583 -0.0069 -0.9874
vn -0.4691 -0.0515 -0.8816
vn 0.8077 0.5296 -0.2590
vn 0.6928 -0.0170 -0.7210
vn 0.0949 0.1287 -0.9871
vn -0.5075 0.0535 -0.8600
vn 0.0403 0.2804 -0.9590
vn -0.5424 0.1866 -0.8191
vn 0.6256 0.3044 -0.7183
vn 0.6625 0.1474 -0.7344
vn 0.9471 0.2531 -0.1973
vn 0.9679 0.1151 -0.2235
vn 0.9284 0.1577 0.3366
vn 0.9715 -0.0313 -0.2351
vn 0.9498 0.0580 0.3074
vn 0.6927 0.0068 0.7212
vn 0.6837 -0.0456 0.7284
vn 0.3134 -0.1619 0.9357
vn 0.9660 -0.0141 -0.2581
vn 0.9882 0.0435 0.1471
vn 0.9648 -0.0457 0.2591
vn 0.3319 -0.1657 0.9287
vn -0.3638 -0.2594 0.8946
vn 0.6821 -0.0846 0.7263
vn 0.9759 0.2180 -0.0130
vn -0.3014 -0.2574 0.9181
vn -0.8492 -0.1888 0.4932
vn 0.3108 -0.1588 0.9371
vn 0.9668 0.2000 0.1592
vn 0.6781 0.7348 0.0161
vn -0.8292 -0.2172 0.5150
vn -0.9811 -0.0939 0.1690
vn -0.1683 0.8797 -0.4447
vn 0.5483 0.7079 -0.4453
vn 0.8099 0.5224 -0.2668
vn -0.1539 0.7273 -0.6689
vn 0.9368 0.0072 -0.3498
vn 0.8723 0.4194 -0.2514
vn 0.6413 0.0227 -0.7670
vn 0.5993 0.4725 -0.6463
vn 0.9286 0.1870 -0.3206
vn 0.9794 0.1950 0.0519
vn 0.8140 0.5797 0.0369
vn 0.7694 0.6386 -0.0161
vn 0.7278 0.5587 0.3976
vn 0.7685 0.1547 0.6209
vn 0.5023 0.1680 0.8482
vn 0.7412 0.5007 0.4471
vn 0.4217 0.7936 0.4386
vn 0.5821 0.3667 0.7257
vn 0.7747 -0.2595 0.5767
vn 0.5594 0.7358 0.3817
vn 0.4004 0.7051 0.5853
vn 0.4569 0.7523 0.4747
vn 0.2421 -0.2515 0.9371
vn 0.7507 0.4304 0.5012
vn 0.1179 0.0989 0.9881
vn 0.0279 0.7251 0.6881
vn 0.3812 0.7029 0.6005
vn 0.2900 0.7578 0.5845
vn 0.6374 0.4176 0.6475
vn -0.2466 -0.2252 0.9426
vn -0.2849 0.0197 0.9583
vn 0.0260 0.7053 0.7084
vn -0.8028 -0.2131 0.5569
vn -0.3749 0.6176 0.6914
vn 0.8943 0.2148 0.3925
vn -0.9735 -0.1582 0.1649
vn -0.9438 0.0409 -0.3280
vn -0.9340 -0.0680 -0.3508
vn -0.5424 0.1866 -0.8192
vn -0.9687 -0.1858 0.1646
vn -0.9272 -0.1415 -0.3468
vn -0.9418 -0.0176 -0.3358
vn 0.8215 0.5539 0.1354
vn 0.6198 0.7845 0.0191
vn 0.5869 0.8080 0.0516
vn 0.3983 0.5664 0.7215
vn 0.4749 0.8796 -0.0283
vn 0.8788 0.4647 -0.1081
vn 0.3579 0.5427 0.7599
vn 0.5662 0.8213 -0.0705
vn 0.9149 0.3717 -0.1574
vn 0.8656 0.4854 -0.1230
vn 0.9187 0.3686 -0.1416
vn 0.6061 0.7946 0.0368
vn 0.8678 0.4876 -0.0961
vn 0.9222 0.3627 -0.1342
vn -0.0423 0.7445 0.6662
vn 0.9701 -0.1625 -0.1802
vn 0.2556 -0.9666 0.0171
vn 0.9679 -0.2512 -0.0024
vn 0.3995 -0.8974 0.1874
vn 0.9406 0.3373 -0.0373
vn 0.8860 0.4630 0.0234
vn 0.9471 -0.2209 0.2328
vn 0.5885 -0.6612 0.4653
vn 0.9304 0.3443 0.1258
vn 0.6251 0.7674 0.1427
vn 0.8287 -0.1180 0.5471
vn 0.3967 -0.6831 0.6132
vn 0.7130 0.5454 0.4407
vn 0.8965 0.4066 0.1759
vn 0.6292 -0.0616 0.7748
vn 0.2143 -0.6803 0.7009
vn 0.6769 0.6543 0.3371
vn 0.4888 0.6694 0.5595
vn 0.3286 0.9205 0.2115
vn 0.3370 0.0343 0.9409
vn -0.0332 -0.5072 0.8612
vn 0.4365 0.7919 0.4270
vn 0.2258 0.7540 0.6169
vn -0.0824 -0.0101 0.9965
vn -0.3187 -0.7594 0.5673
vn 0.1637 0.8702 0.4648
vn -0.0244 0.7731 0.6338
vn -0.5939 -0.1417 0.7919
vn -0.3061 -0.8831 0.3555
vn 0.0565 0.9725 0.2258
vn -0.0968 0.8690 0.4853
vn -0.4068 0.7007 0.5861
vn -0.8325 -0.1594 0.5305
vn -0.2563 -0.9422 0.2160
vn -0.5142 0.7366 0.4393
vn -0.7968 0.5201 0.3075
vn -0.1821 0.9537 0.2393
vn -0.9374 -0.0535 0.3440
vn -0.3092 -0.9502 0.0388
vn -0.8252 0.5122 0.2380
vn -0.6055 0.7504 0.2651
vn -0.9752 0.0490 0.2159
vn -0.8323 0.5256 0.1762
vn -0.9843 0.1376 0.1105
vn -0.3880 -0.9004 -0.1967
vn -0.6797 0.7115 0.1782
vn -0.2427 0.9534 0.1792
vn -0.8368 0.5273 0.1475
vn -0.9795 0.1823 0.0853
vn -0.4119 -0.8720 -0.2647
vn -0.7098 0.6857 0.1613
vn -0.9802 0.1744 0.0936
vn -0.3111 -0.9444 -0.1066
vn -0.8590 0.4762 0.1881
vn -0.7194 0.6448 0.2584
vn -0.9793 0.1499 0.1361
vn -0.3126 -0.9353 0.1657
vn -0.9149 0.3428 0.2133
vn -0.9874 0.0701 0.1419
vn -0.2843 -0.9413 0.1819
vn -0.3847 -0.9225 -0.0304
vn -0.9569 0.2394 0.1643
vn -0.9983 0.0550 -0.0198
vn -0.4395 -0.8719 -0.2161
vn -0.4079 0.9008 0.1491
vn -0.9222 0.2892 0.2568
vn -0.9659 0.2230 0.1317
vn -0.9230 0.1415 -0.3578
vn -0.5257 -0.6223 -0.5800
vn -0.9619 0.1880 0.1985
vn -0.9662 0.2551 -0.0383
vn -0.6625 0.2510 -0.7058
vn -0.8974 0.3210 -0.3029
vn -0.6749 0.3819 -0.6314
vn -0.3148 0.4225 -0.8500
vn -0.9791 0.1586 0.1271
vn -0.8791 0.3521 0.3212
vn -0.9826 0.1668 -0.0818
vn -0.6888 0.0867 -0.7197
vn -0.9127 0.1537 -0.3786
vn -0.9297 0.2916 0.2249
vn -0.6917 0.1879 -0.6973
vn -0.3240 0.1485 -0.9343
vn -0.9552 0.2687 0.1237
vn -0.9007 0.2415 -0.3611
vn -0.9569 0.2702 -0.1061
vn -0.6793 0.3475 -0.6464
vn -0.8823 0.3328 -0.3330
vn -0.9062 0.4190 -0.0563
vn -0.8785 0.4588 0.1332
vn -0.8619 0.4554 0.2230
vn -0.6742 0.5119 -0.5323
vn -0.2853 0.5803 -0.7628
vn -0.8758 0.4442 -0.1887
vn -0.6190 0.7217 -0.3098
vn -0.2740 0.5269 -0.8045
vn -0.7809 0.6238 0.0330
vn -0.8770 0.2582 -0.4052
vn -0.9484 0.2855 -0.1376
vn -0.9649 0.2613 0.0251
vn -0.8044 0.5908 0.0622
vn -0.8047 0.5711 0.1619
vn -0.7651 0.6106 0.2046
vn -0.9833 -0.0679 0.1688
vn -0.8787 0.2933 0.3767
vn -0.9020 0.2761 0.3319
vn -0.8936 -0.0900 0.4398
vn -0.7670 0.6054 0.2127
vn -0.7508 -0.0446 0.6590
vn -0.8414 0.4401 0.3135
vn -0.6175 0.5777 0.5339
vn -0.7347 0.2153 0.6434
vn -0.3996 0.8794 0.2587
vn -0.9220 0.2411 0.3029
vn -0.8294 0.4860 0.2755
vn -0.8823 0.4162 -0.2197
vn -0.6303 0.5305 0.5668
vn -0.3625 0.5389 0.7604
vn -0.1860 0.9384 0.2912
vn -0.6315 0.7249 0.2753
vn -0.6699 0.2361 0.7039
vn -0.6385 0.2486 0.7284
vn -0.4437 0.7181 0.5361
vn 0.0155 0.9759 0.2176
vn 0.0073 0.9174 0.3980
vn 0.3010 0.9406 0.1573
vn -0.5534 0.3786 0.7419
vn -0.6522 0.5286 0.5433
vn -0.0113 0.8089 0.5878
vn 0.5026 0.8568 0.1154
vn 0.1485 0.9109 0.3850
vn 0.2845 0.8077 0.5164
vn -0.0371 0.5936 0.8039
vn -0.0096 0.5551 0.8317
vn -0.3607 0.4476 0.8183
vn -0.3277 0.6686 0.6675
vn -0.3082 0.6572 0.6878
vn 0.0294 -0.8946 0.4459
vn 0.1243 -0.4719 0.8729
vn 0.0175 -0.8931 0.4495
vn 0.1097 -0.4650 0.8785
vn 0.1298 -0.0260 0.9912
vn 0.2081 -0.4740 0.8556
vn 0.1098 -0.8999 0.4221
vn 0.1240 -0.0052 0.9923
vn 0.0890 0.2718 0.9582
vn 0.2586 0.0163 0.9659
vn 0.4619 0.0942 0.8819
vn 0.5137 -0.4436 0.7344
vn 0.4380 -0.8570 0.2715
vn 0.6083 -0.4182 0.6746
vn 0.5639 -0.7649 0.3113
vn 0.1015 0.2876 0.9524
vn 0.0337 0.6948 0.7185
vn 0.2345 0.3247 0.9163
vn 0.4975 -0.4207 0.7586
vn 0.4804 -0.7580 0.4412
vn 0.0522 0.7146 0.6976
vn -0.0479 0.9778 0.2040
vn -0.0624 0.9753 0.2118
vn -0.1599 0.9746 -0.1569
vn 0.3758 0.3971 0.8373
vn 0.1646 0.7286 0.6649
vn 0.5084 -0.0250 0.8607
vn 0.4349 -0.3854 0.8139
vn 0.4355 -0.7832 0.4437
vn 0.5042 -0.7515 0.4254
vn 0.3234 0.0386 0.9455
vn 0.3698 0.2526 0.8941
vn 0.2574 0.7738 0.5787
vn 0.3241 0.4773 0.8168
vn 0.2260 0.8232 0.5208
vn 0.4426 -0.3077 0.8423
vn 0.1804 0.1141 0.9770
vn 0.3460 -0.3071 0.8865
vn 0.4590 -0.7497 0.4767
vn 0.4243 -0.7421 0.5189
vn 0.1576 0.2124 0.9644
vn 0.0527 0.2525 0.9662
vn 0.1388 0.5311 0.8359
vn 0.1233 0.2909 0.9488
vn -0.0515 0.2469 0.9677
vn -0.2487 0.3987 0.8827
vn 0.0925 0.8315 0.5477
vn 0.2756 -0.3235 0.9052
vn -0.0515 0.3264 0.9438
vn -0.5282 0.5527 0.6446
vn -0.3576 -0.0070 0.9339
vn -0.8404 0.1336 0.5253
vn -0.0382 0.2979 0.9538
vn 0.0592 0.2436 0.9681
vn -0.4314 0.7138 0.5516
vn -0.2592 0.8306 0.4929
vn -0.2900 0.7939 0.5344
vn 0.3081 -0.3322 0.8915
vn 0.4352 -0.7300 0.5271
vn -0.0342 0.1962 0.9800
vn -0.0846 -0.1650 0.9827
vn 0.2065 -0.3579 0.9106
vn 0.3316 -0.7486 0.5742
vn 0.2126 -0.7499 0.6265
vn 0.0299 0.1360 0.9903
vn 0.0904 -0.3875 0.9174
vn 0.0549 -0.7238 0.6878
vn -0.0564 -0.0121 0.9983
vn -0.4869 0.5810 0.6522
vn 0.0216 -0.4076 0.9129
vn -0.8693 -0.4535 0.1964
vn -0.1164 -0.1668 0.9791
vn -0.7096 0.3181 0.6287
vn -0.2510 -0.5210 0.8158
vn -0.8996 -0.4368 0.0008
vn -0.8263 -0.5159 -0.2263
vn 0.1326 -0.9329 0.3347
vn 0.2257 -0.9474 -0.2271
vn -0.5805 -0.6393 -0.5042
vn 0.1461 -0.6392 -0.7550
vn 0.2244 -0.4599 -0.8591
vn 0.4126 -0.8662 -0.2818
vn 0.3840 -0.3053 -0.8714
vn 0.3069 -0.8421 0.4435
vn 0.6322 -0.6820 -0.3677
vn 0.3754 -0.2654 -0.8881
vn 0.0485 -0.5235 0.8507
vn -0.5191 -0.0326 0.8541
vn 0.7446 -0.5234 -0.4143
vn 0.3189 -0.3754 -0.8703
vn 0.5377 -0.7148 0.4471
vn 0.1918 -0.4465 0.8740
vn -0.3867 -0.0083 0.9222
vn 0.6185 -0.6828 -0.3889
vn 0.2722 -0.3484 -0.8970
vn 0.6948 -0.6019 0.3937
vn 0.3683 -0.3986 0.8399
vn -0.2226 0.0189 0.9747
vn 0.5138 -0.7507 -0.4153
vn 0.3239 -0.3138 -0.8925
vn 0.6171 -0.6979 0.3636
vn 0.2811 -0.4483 0.8485
vn -0.1707 0.0465 0.9842
vn 0.6922 -0.6328 -0.3471
vn 0.2730 -0.4130 -0.8688
vn 0.5206 -0.7688 0.3714
vn 0.2718 -0.4342 0.8588
vn -0.1471 0.0594 0.9873
vn 0.6881 -0.6514 0.3197
vn 0.4001 -0.4006 0.8243
vn -0.1145 0.0515 0.9921
vn 0.5889 -0.7550 -0.2884
vn 0.5642 -0.7745 0.2861
vn 0.2953 -0.5295 0.7953
vn -0.1135 0.0569 0.9919
vn 0.3121 -0.9072 -0.2821
vn 0.2797 -0.5939 -0.7544
vn 0.1390 -0.9893 -0.0446
vn -0.7615 0.2837 -0.5828
vn 0.2299 -0.9624 0.1449
vn 0.0170 -0.4354 -0.9001
vn -0.1335 -0.9900 -0.0453
vn -0.1285 -0.0168 -0.9916
vn -0.3749 -0.9240 -0.0761
vn -0.3581 -0.9299 -0.0841
vn -0.0897 -0.9704 0.2244
vn 0.1778 -0.4762 -0.8612
vn -0.1050 -0.0342 -0.9939
vn -0.3667 -0.9149 -0.1687
vn 0.2034 -0.4668 -0.8607
vn -0.0590 -0.0118 -0.9982
vn 0.0851 -0.5802 -0.8100
vn -0.0967 -0.0283 -0.9949
vn 0.4240 -0.8405 -0.3372
vn 0.4266 -0.8559 -0.2923
vn 0.2223 -0.5163 -0.8270
vn -0.0103 -0.0587 -0.9982
vn 0.2395 -0.9457 -0.2198
vn 0.2389 -0.9117 -0.3343
vn 0.4344 -0.5378 -0.7225
vn 0.0515 -0.1141 -0.9921
vn 0.4381 -0.7838 -0.4402
vn 0.3022 -0.6899 -0.6578
vn -0.0198 -0.2757 -0.9610
vn -0.2820 -0.4284 -0.8584
vn 0.5498 -0.7463 -0.3751
vn -0.0284 -0.8318 -0.5544
vn -0.5928 -0.7907 -0.1529
vn 0.3649 -0.8790 -0.3069
vn 0.5319 -0.8331 0.1514
vn 0.5361 -0.8401 0.0833
vn 0.0144 -0.9742 -0.2253
vn -0.0502 -0.9737 0.2223
vn -0.3585 -0.7313 0.5802
vn 0.0790 -0.6194 0.7811
vn 0.3356 -0.9179 0.2117
vn 0.3081 -0.5952 0.7421
vn 0.2911 -0.5405 0.7894
vn 0.3618 -0.9176 0.1644
vn 0.2287 -0.5551 0.7997
vn 0.4729 -0.8607 0.1884
vn 0.2586 -0.4797 0.8384
vn 0.5165 -0.8186 0.2513
vn 0.3644 -0.4598 0.8098
vn 0.3170 -0.8618 0.3960
vn 0.2027 -0.4304 0.8796
vn 0.1328 -0.8854 0.4454
vn 0.0806 -0.3916 0.9166
vn -0.6086 -0.7902 0.0723
vn -0.3124 -0.7359 0.6007
vn -0.3575 -0.0070 0.9339
vn -0.8403 0.1337 0.5253
vn -0.9921 0.0462 0.1170
vn -0.7832 -0.4686 -0.4086
vn -0.8879 0.4596 0.0179
vn -0.8533 0.1435 -0.5012
vn -0.6689 0.7317 -0.1308
vn -0.3607 0.8912 -0.2751
vn -0.9192 -0.1279 -0.3725
vn -0.4928 0.5330 -0.6878
vn -0.4513 0.8674 -0.2098
vn -0.7061 0.7027 -0.0868
vn -0.7096 0.3182 0.6287
vn -0.4331 0.5051 -0.7466
vn -0.9200 0.3909 -0.0266
vn -0.8694 -0.4535 0.1963
vn -0.6864 0.3367 -0.6446
vn -0.2745 0.5796 -0.7673
vn -0.2851 -0.0911 -0.9542
vn -0.8762 0.0742 -0.4761
vn -0.1493 0.0375 -0.9881
vn -0.4826 -0.2183 -0.8482
vn -0.6758 -0.3659 -0.6399
vn -0.0293 -0.6611 -0.7497
vn -0.1738 0.0762 -0.9818
vn -0.1875 -0.7204 -0.6677
vn -0.4436 -0.7393 -0.5066
vn 0.0692 -0.5759 -0.8146
vn -0.5134 -0.2592 -0.8180
vn -0.1558 -0.9876 0.0175
vn 0.2126 -0.7498 0.6265
vn 0.0964 -0.9920 -0.0818
vn 0.2570 -0.9585 -0.1238
vn 0.3549 -0.9203 -0.1648
vn 0.4352 -0.7300 0.5270
vn 0.1014 -0.4836 -0.8694
vn 0.3943 -0.9015 -0.1782
vn 0.3811 -0.9106 -0.1601
vn -0.0517 -0.6220 -0.7813
vn 0.2699 -0.9511 -0.1503
vn -0.6305 -0.5218 -0.5747
vn -0.2248 -0.8011 -0.5548
vn -0.5433 -0.6262 -0.5593
vn -0.1936 -0.8902 -0.4124
vn 0.1989 -0.9795 -0.0323
vn -0.2996 -0.6623 -0.6867
vn 0.2859 -0.9555 -0.0720
vn -0.0126 -0.8817 -0.4716
vn 0.3738 -0.9202 -0.1163
vn 0.0700 -0.8425 -0.5341
vn -0.4059 -0.8138 -0.4159
vn 0.0736 -0.9917 -0.1058
vn -0.0545 -0.9353 -0.3497
vn -0.2061 -0.9698 -0.1302
vn -0.0081 -0.9997 0.0235
vn -0.0671 -0.9872 -0.1445
vn -0.1122 -0.9773 0.1799
vn -0.0897 -0.9956 0.0286
vn -0.0571 -0.9979 0.0314
vn 0.0294 -0.8946 0.4460
vn -0.0554 -0.9983 0.0180
vn -0.0673 -0.9829 -0.1715
vn -0.0701 -0.9800 -0.1862
vn -0.0424 -0.9893 -0.1399
vn -0.0708 -0.9243 -0.3749
vn -0.0751 -0.9169 -0.3921
vn -0.0659 -0.9913 -0.1141
vn -0.0297 -0.9394 -0.3415
vn -0.1517 -0.5914 -0.7920
vn -0.1503 -0.5973 -0.7878
vn -0.0516 -0.9915 -0.1191
vn -0.0024 -0.9953 -0.0968
vn -0.0031 -0.9789 -0.2045
vn 0.1726 -0.7092 -0.6836
vn -0.0513 -0.5864 -0.8084
vn -0.2548 0.0015 -0.9670
vn -0.2605 -0.0197 -0.9653
vn -0.0117 0.0096 -0.9999
vn -0.2978 0.4140 -0.8602
vn -0.3143 0.3969 -0.8623
vn -0.2691 0.7996 -0.5368
vn -0.2469 0.8055 -0.5387
vn 0.0857 0.4426 -0.8926
vn -0.1407 0.9775 -0.1574
vn 0.1044 0.8065 -0.5819
vn 0.3389 -0.0827 -0.9372
vn 0.0825 0.9788 -0.1874
vn 0.3582 0.4547 -0.8154
vn 0.0857 0.9794 0.1830
vn 0.2716 0.8379 -0.4734
vn 0.1901 0.9715 0.1416
vn 0.2068 0.9672 -0.1476
vn 0.1516 0.9751 0.1620
vn 0.1383 0.9145 -0.3802
vn 0.1320 0.9879 -0.0815
vn 0.0439 0.9805 0.1917
vn 0.0021 0.9984 -0.0557
vn -0.0454 0.9401 -0.3379
vn 0.1326 0.7663 -0.6287
vn 0.2184 0.4622 -0.8595
vn -0.1256 0.8179 -0.5615
vn 0.2982 0.0220 -0.9542
vn -0.3198 0.8795 -0.3525
vn -0.4135 0.7112 -0.5685
vn -0.0876 0.5861 -0.8055
vn 0.2751 -0.4406 -0.8545
vn 0.0661 0.1021 -0.9926
vn 0.1223 -0.9102 -0.3957
vn 0.2066 -0.4262 -0.8807
vn 0.2245 -0.8715 -0.4359
vn -0.3128 0.9339 -0.1734
vn -0.6154 0.7274 -0.3037
vn -0.2395 0.9695 0.0513
vn -0.6004 0.7872 -0.1411
vn -0.7355 0.6210 -0.2709
vn -0.6665 0.7275 -0.1627
vn -0.3937 0.4607 -0.7954
vn 0.2493 -0.3173 -0.9150
vn 0.5000 -0.7330 -0.4612
vn 0.5998 -0.6198 -0.5061
vn -0.1239 0.1936 -0.9732
vn -0.3916 0.5903 -0.7058
vn -0.8542 0.1102 -0.5082
vn -0.8057 0.5478 -0.2254
vn -0.5236 0.4927 -0.6950
vn -0.1558 0.1943 -0.9685
vn 0.2774 -0.2089 -0.9378
vn 0.2410 -0.0482 -0.9693
vn -0.1704 0.2369 -0.9565
vn -0.5518 0.4789 -0.6828
vn -0.8493 0.5278 0.0134
vn -0.2900 0.3633 -0.8854
vn -0.6295 0.3919 -0.6709
vn -0.7087 0.1936 0.6785
vn 0.1148 -0.2158 -0.9697
vn -0.9041 0.4243 -0.0503
vn -0.7526 0.2325 0.6161
vn -0.7612 0.1720 0.6253
vn -0.9523 0.3002 -0.0546
vn -0.8272 0.1574 0.5394
vn -0.2506 0.2533 -0.9344
vn -0.2944 0.3504 -0.8891
vn 0.1525 -0.2424 -0.9581
vn 0.1963 -0.2752 -0.9411
vn -0.6935 0.2993 -0.6554
vn -0.9724 0.2299 -0.0389
vn -0.8559 0.0734 0.5119
vn -0.6395 0.7442 -0.1930
vn -0.3208 0.2353 -0.9174
vn 0.2099 -0.2448 -0.9466
vn -0.9957 0.0917 -0.0161
vn -0.8920 0.0427 0.4501
vn -0.7751 0.2054 -0.5975
vn -0.4801 0.5550 0.6793
vn -0.4029 0.1504 -0.9028
vn 0.2768 -0.3056 -0.9110
vn -0.7580 0.5993 -0.2575
vn -0.9995 0.0314 0.0025
vn -0.8729 -0.1047 0.4765
vn -0.3532 0.0592 -0.9337
vn 0.2992 -0.2990 -0.9061
vn -0.8416 0.4551 -0.2908
vn -0.4102 0.0191 -0.9118
vn 0.3174 -0.2463 -0.9158
vn -0.5657 0.4757 0.6735
vn -0.8573 0.3897 -0.3363
vn -0.4569 -0.0284 -0.8891
vn 0.2092 -0.3902 -0.8966
vn -0.6826 0.4311 0.5901
vn -0.8893 0.3025 -0.3430
vn -0.7393 0.4059 0.5373
vn -0.1611 0.1991 0.9666
vn -0.1707 0.1662 0.9712
vn -0.2346 0.1827 0.9548
vn -0.2591 0.1268 0.9575
vn -0.3044 0.1111 0.9460
vn -0.7997 0.3210 0.5075
vn -0.3555 0.0744 0.9317
vn -0.9351 0.1638 -0.3143
vn -0.8539 0.2207 0.4714
vn -0.4929 -0.1412 -0.8586
vn -0.9356 0.1021 0.3381
vn -0.4630 -0.0529 0.8848
vn -0.9433 0.0283 -0.3306
vn -0.9678 -0.2320 0.0974
vn -0.6505 -0.2360 0.7219
vn -0.5791 -0.2841 -0.7642
vn 0.1698 -0.9211 -0.3504
vn -0.9363 -0.2138 -0.2786
vn 0.1493 -0.9793 0.1364
vn 0.0593 -0.7238 0.6874
vn 0.0594 -0.7238 0.6875
vn -0.4631 -0.0530 0.8847
vn 0.3221 -0.4137 0.8515
vn 0.4459 -0.2136 0.8692
vn 0.6548 -0.7041 0.2747
vn 0.8675 -0.3970 0.2997
vn 0.6302 -0.7020 -0.3316
vn 0.2091 -0.3902 -0.8967
vn 0.3174 -0.2463 -0.9157
vn 0.8298 -0.4270 -0.3593
vn 0.8253 -0.4143 -0.3837
vn 0.2768 -0.3055 -0.9111
vn 0.8837 -0.3929 0.2542
vn 0.6577 -0.6054 -0.4483
vn 0.5469 -0.2731 0.7914
vn 0.6334 -0.5673 -0.5263
vn 0.6998 -0.6516 0.2926
vn 0.4562 -0.4212 0.7839
vn 0.5003 -0.5775 -0.6451
vn 0.7200 -0.6289 0.2933
vn 0.4696 -0.3384 0.8155
vn 0.6550 -0.6908 0.3063
vn 0.3932 -0.3155 0.8636
vn 0.4045 -0.6482 -0.6452
vn 0.2965 -0.4317 0.8519
vn -0.1707 0.1661 0.9712
vn 0.5028 -0.7723 0.3883
vn 0.3755 -0.7366 0.5625
vn 0.4861 -0.7889 0.3759
vn 0.3675 -0.6192 -0.6939
vn -0.0920 -0.9097 -0.4050
vn -0.5281 -0.3912 0.7537
vn -0.3977 -0.1396 0.9068
vn -0.3636 -0.0736 0.9286
vn -0.3577 -0.0045 0.9338
vn -0.7611 0.1721 0.6254
vn -0.3072 -0.0294 0.9512
vn -0.3227 -0.0255 0.9462
vn -0.3180 0.0347 0.9475
vn -0.2829 -0.2007 0.9379
vn -0.8462 -0.2474 0.4720
vn -0.2477 -0.3566 0.9008
vn -0.1029 -0.9931 -0.0566
vn 0.3779 -0.2864 0.8804
vn 0.3559 -0.0011 0.9345
vn 0.2424 -0.2624 0.9340
vn 0.2236 -0.3648 0.9038
vn 0.3717 -0.4397 0.8176
vn 0.7894 -0.3790 0.4829
vn 0.8263 -0.0905 0.5560
vn 0.7246 -0.5256 0.4458
vn 0.8117 -0.5531 -0.1874
vn 0.4580 -0.4449 -0.7696
vn 0.4696 -0.3116 -0.8260
vn 0.8789 -0.4260 -0.2147
vn 0.6864 -0.4660 0.5583
vn 0.9651 -0.2127 -0.1528
vn 0.5701 -0.6027 0.5583
vn 0.8311 -0.5263 -0.1796
vn 0.4656 -0.1850 -0.8654
vn 0.5156 -0.2232 -0.8273
vn -0.0543 -0.0847 -0.9949
vn -0.0252 -0.1031 -0.9944
vn -0.1848 -0.2428 -0.9523
vn -0.5674 -0.0177 -0.8232
vn -0.1618 -0.3561 -0.9203
vn -0.6465 -0.2861 -0.7073
vn -0.6439 -0.1602 -0.7481
vn -0.8601 -0.1189 -0.4961
vn -0.8458 -0.2489 -0.4718
vn -0.9758 -0.2182 0.0155
vn -0.9963 -0.0852 -0.0138
vn -0.8434 0.0047 -0.5373
vn -0.5249 -0.0145 -0.8511
vn -0.8244 0.0493 -0.5638
vn 0.0519 -0.1085 -0.9927
vn -0.4041 0.0850 -0.9108
vn -0.3302 0.1974 -0.9230
vn 0.0843 -0.0160 -0.9963
vn 0.1570 0.0202 -0.9874
vn 0.5094 -0.3468 -0.7876
vn 0.4584 -0.3180 -0.8299
vn 0.7268 -0.6547 -0.2077
vn 0.5388 -0.2914 -0.7904
vn 0.5673 -0.2944 -0.7691
vn 0.7669 -0.6061 -0.2111
vn 0.6168 -0.5487 0.5644
vn 0.8835 -0.4673 -0.0315
vn 0.1692 -0.2683 0.9484
vn 0.6668 -0.4778 0.5719
vn 0.1472 -0.2826 0.9479
vn 0.5324 -0.7372 0.4161
vn 0.1221 -0.5054 0.8542
vn 0.3914 -0.8756 0.2831
vn 0.0527 -0.6138 0.7877
vn 0.1189 -0.9921 -0.0395
vn -0.0792 -0.9969 -0.0004
vn -0.2897 -0.0521 -0.9557
vn 0.0275 0.1737 -0.9844
vn -0.3413 0.0008 -0.9400
vn -0.2937 -0.0383 -0.9551
vn -0.7347 -0.1397 -0.6638
vn -0.9473 -0.2999 0.1122
vn -0.3994 -0.1170 -0.9093
vn -0.3932 -0.1128 -0.9125
vn -0.9366 -0.3414 0.0788
vn -0.9232 -0.3747 0.0849
vn -0.6601 -0.5595 0.5012
vn -0.3847 -0.0878 -0.9189
vn -0.0331 -0.1427 -0.9892
vn -0.0241 -0.1476 -0.9888
vn -0.4165 -0.1527 -0.8962
vn -0.0323 -0.1852 -0.9822
vn -0.9379 -0.3452 -0.0337
vn -0.7434 -0.1543 -0.6508
vn -0.4368 -0.2127 -0.8740
vn -0.0186 -0.2330 -0.9723
vn -0.5205 -0.1618 -0.8384
vn -0.4380 -0.2223 -0.8711
vn -0.0055 -0.2180 -0.9759
vn -0.0000 -0.1678 -0.9858
vn -0.5701 -0.2302 -0.7887
vn -0.4137 -0.1888 -0.8906
vn 0.0002 -0.0819 -0.9966
vn -0.7888 -0.3154 -0.5276
vn -0.5688 -0.2364 -0.7878
vn -0.3876 -0.1098 -0.9153
vn -0.8286 -0.5080 -0.2352
vn -0.3519 0.0002 -0.9360
vn 0.0019 0.0225 -0.9997
vn -0.5478 -0.1663 -0.8199
vn -0.7302 -0.3387 -0.5934
vn -0.7652 -0.6335 0.1151
vn -0.6982 -0.7112 -0.0817
vn -0.7070 -0.7069 -0.0229
vn -0.6092 -0.7929 0.0152
vn -0.7289 -0.6578 -0.1899
vn -0.6230 -0.7820 -0.0197
vn -0.4493 -0.8814 0.1458
vn -0.7891 -0.4815 -0.3814
vn -0.5397 -0.8343 0.1128
vn -0.3459 -0.9068 0.2409
vn -0.6858 -0.7202 -0.1047
vn -0.4550 -0.8600 0.2310
vn -0.3113 -0.8921 0.3275
vn -0.6687 -0.2629 -0.6955
vn -0.7627 -0.5848 -0.2763
vn -0.6571 -0.7504 0.0707
vn -0.3850 -0.8521 0.3545
vn -0.1732 -0.8481 0.5007
vn -0.7617 -0.3896 -0.5177
vn -0.6211 -0.1452 -0.7702
vn -0.7618 -0.6301 -0.1507
vn -0.6148 -0.7568 0.2220
vn -0.2124 -0.7488 0.6279
vn -0.1163 -0.7199 0.6843
vn -0.5126 -0.0595 -0.8566
vn -0.8158 -0.4657 -0.3429
vn -0.7675 -0.6381 0.0616
vn 0.2983 0.9448 0.1355
vn 0.2112 0.9678 0.1370
vn 0.2060 0.9774 0.0470
vn 0.2957 0.9545 0.0391
vn 0.5179 0.8492 0.1026
vn 0.5238 0.8517 0.0129
vn -0.4360 -0.6541 0.6181
vn 0.6998 0.7109 0.0699
vn 0.6918 0.7220 -0.0086
vn -0.5648 -0.7571 0.3283
vn -0.6149 -0.5668 0.5483
vn 0.8884 0.4557 0.0555
vn 0.8697 0.4930 -0.0256
vn -0.7494 -0.6202 0.2318
vn -0.7209 -0.6165 0.3166
vn -0.7847 -0.3820 0.4882
vn 0.9903 0.1350 0.0320
vn 0.9852 0.1693 -0.0252
vn 0.9972 -0.0647 0.0375
vn 0.9994 -0.0311 -0.0117
vn -0.8328 -0.1839 0.5221
vn -0.8552 -0.4031 0.3258
vn -0.8662 -0.4206 0.2698
vn -0.8834 -0.4605 0.0870
vn 0.9729 -0.2247 0.0551
vn 0.9815 -0.1911 0.0130
vn -0.7974 -0.0694 0.5994
vn -0.9016 -0.1944 0.3863
vn -0.9220 -0.2276 0.3131
vn -0.8607 -0.4819 -0.1642
vn 0.9334 -0.3482 0.0862
vn 0.9529 -0.3003 0.0424
vn -0.8846 -0.0778 0.4597
vn -0.7442 -0.0243 0.6675
vn -0.9590 -0.2527 0.1282
vn -0.9504 -0.2756 -0.1442
vn 0.8199 -0.5529 0.1487
vn 0.8771 -0.4706 0.0959
vn -0.9354 -0.0900 0.3418
vn -0.8516 0.0068 0.5242
vn -0.7224 0.0089 0.6915
vn -0.9851 -0.0751 0.1548
vn -0.8840 -0.2816 -0.3732
vn -0.8324 0.0875 0.5472
vn -0.9333 0.0418 0.3566
vn -0.9920 -0.0652 -0.1084
vn -0.7626 -0.2376 -0.6016
vn -0.9825 0.0938 0.1611
vn -0.9281 -0.0656 -0.3665
vn -0.7728 -0.0450 -0.6331
vn -0.9882 0.1334 -0.0747
vn -0.9175 0.1848 0.3521
vn -0.5894 -0.0015 -0.8078
vn -0.9327 0.1462 -0.3298
vn -0.9515 0.2653 0.1560
vn -0.4695 0.0503 -0.8815
vn -0.7735 0.1533 -0.6150
vn -0.9468 0.3182 -0.0474
vn -0.3079 0.1032 -0.9458
vn 0.0056 0.1243 -0.9922
vn -0.5741 0.1562 -0.8037
vn -0.8953 0.3480 -0.2782
vn -0.4328 0.1717 -0.8850
vn -0.2651 0.2079 -0.9415
vn 0.0080 0.2280 -0.9736
vn -0.7523 0.3553 -0.5548
vn -0.5634 0.3326 -0.7562
vn -0.2254 0.3348 -0.9149
vn 0.0057 0.3441 -0.9389
vn -0.4027 0.3203 -0.8575
vn -0.1913 0.4931 -0.8487
vn 0.0018 0.4928 -0.8702
vn -0.3664 0.4948 -0.7880
vn -0.5378 0.5153 -0.6672
vn -0.7017 0.5381 -0.4671
vn -0.8208 0.5252 -0.2247
vn -0.8709 0.4909 -0.0231
vn -0.8844 0.4427 0.1476
vn -0.8763 0.3577 0.3227
vn -0.8203 0.2218 0.5271
vn -0.7258 0.1064 0.6796
vn -0.7911 0.3799 0.4795
vn -0.8017 0.5324 0.2718
vn -0.7870 0.6012 0.1383
vn -0.7726 0.6348 0.0024
vn -0.7263 0.2442 0.6425
vn -0.7355 0.5579 0.3845
vn -0.6987 0.6850 0.2062
vn 0.7177 -0.6677 0.1975
vn 0.7602 -0.6319 0.1510
vn -0.7190 0.4025 0.5666
vn 0.6436 -0.7311 0.2266
vn 0.6817 -0.7072 0.1874
vn 0.5741 -0.7794 0.2509
vn 0.6142 -0.7595 0.2143
vn -0.6399 0.7191 0.2710
vn -0.6735 0.7283 0.1261
vn -0.6757 0.5950 0.4352
vn 0.5483 -0.7943 0.2618
vn 0.5611 -0.7939 0.2344
vn -0.5584 0.8189 0.1327
vn -0.5558 0.8021 0.2183
vn 0.3540 -0.8875 0.2951
vn 0.4430 -0.8573 0.2624
vn -0.4870 0.8649 0.1215
vn 0.0033 -0.9487 0.3162
vn -0.0045 0.9969 -0.0782
vn 0.0296 -0.9547 0.2962
vn -0.3379 -0.8930 0.2974
vn -0.4096 -0.8723 0.2671
vn -0.3259 0.9454 0.0010
vn -0.2843 0.9587 -0.0127
vn -0.3918 0.9178 0.0644
vn -0.5383 -0.8005 0.2637
vn -0.5618 -0.7936 0.2338
vn -0.5676 -0.7844 0.2499
vn -0.5897 -0.7774 0.2188
vn 0.5332 0.8292 0.1677
vn 0.2998 0.9537 -0.0231
vn 0.2709 0.9622 -0.0273
vn -0.0069 0.9975 -0.0698
vn -0.5273 0.8433 0.1040
vn -0.2194 0.9754 0.0233
vn -0.6031 -0.7624 0.2346
vn -0.6426 -0.7406 0.1964
vn -0.6912 -0.6914 0.2102
vn -0.7542 -0.6386 0.1529
vn 0.7103 0.4586 0.5340
vn -0.8306 -0.5338 0.1587
vn -0.9062 -0.4146 0.0836
vn -0.6584 0.7523 0.0252
vn 0.6606 0.6413 0.3904
vn 0.4713 0.8759 0.1030
vn 0.7299 0.2793 0.6239
vn 0.6191 0.7457 0.2461
vn -0.9491 -0.2999 0.0959
vn -0.9634 -0.2659 0.0352
vn -0.7311 0.6598 -0.1737
vn -0.6309 0.6743 -0.3838
vn -0.6198 0.7751 -0.1229
vn -0.4796 0.6741 -0.5618
vn -0.9741 -0.2132 0.0757
vn -0.9863 -0.1649 0.0095
vn -0.5060 0.8619 0.0331
vn -0.5242 0.7941 -0.3077
vn -0.3127 0.6664 -0.6768
vn -0.9978 -0.0286 0.0606
vn -0.9997 0.0178 -0.0163
vn -0.4673 0.8804 -0.0812
vn -0.3667 0.9275 0.0733
vn -0.3842 0.8015 -0.4581
vn -0.1647 0.6549 -0.7375
vn -0.3462 0.9379 0.0237
vn -0.2056 0.9776 0.0458
vn -0.3953 0.8879 -0.2352
vn -0.2497 0.7966 -0.5506
vn -0.3196 0.9456 -0.0606
vn -0.0001 0.9999 0.0109
vn -0.1919 0.9814 0.0088
vn -0.2898 0.8835 -0.3681
vn 0.0000 0.9994 0.0349
vn 0.2145 0.9765 0.0206
vn 0.2044 0.9779 0.0445
vn 0.3768 0.9248 0.0529
vn 0.3606 0.9303 0.0673
vn 0.5397 0.8351 0.1063
vn 0.5123 0.8532 0.0980
vn -0.0000 1.0000 0.0013
vn 0.1918 0.9814 0.0089
vn 0.3409 0.9397 0.0275
vn 0.4822 0.8745 0.0518
vn -0.1903 0.9805 -0.0482
vn 0.0000 0.9990 -0.0452
vn 0.1897 0.9807 -0.0477
vn 0.3083 0.9497 -0.0552
vn -0.2873 0.9423 -0.1720
vn -0.1625 0.9746 -0.1542
vn -0.2086 0.9368 -0.2807
vn -0.1381 0.9336 -0.3307
vn 0.4339 0.8985 -0.0669
vn -0.0943 0.9677 -0.2340
vn 0.0000 0.9640 -0.2659
vn -0.1928 0.8766 -0.4408
vn -0.0848 0.9260 -0.3679
vn -0.1414 0.7880 -0.5992
vn -0.1148 0.8687 -0.4818
vn 0.0001 0.6535 -0.7570
vn -0.0000 0.7827 -0.6225
vn 0.0000 0.8585 -0.5128
vn -0.0000 0.9057 -0.4238
vn 0.0848 0.9260 -0.3679
vn 0.1148 0.8687 -0.4818
vn 0.1414 0.7880 -0.5992
vn 0.1650 0.6546 -0.7377
vn 0.1871 0.8773 -0.4419
vn 0.1361 0.9338 -0.3308
vn 0.2424 0.7967 -0.5537
vn 0.1944 0.4893 -0.8501
vn 0.0942 0.9677 -0.2340
vn 0.1615 0.9748 -0.1538
vn 0.2685 0.8883 -0.3726
vn 0.3080 0.6646 -0.6808
vn 0.2342 0.3284 -0.9150
vn 0.2711 0.9473 -0.1707
vn 0.1993 0.9386 -0.2815
vn 0.3606 0.9022 -0.2366
vn 0.3581 0.8053 -0.4726
vn 0.3650 0.4892 -0.7921
vn 0.4856 0.8114 -0.3253
vn 0.4603 0.6687 -0.5839
vn 0.5812 0.8057 -0.1140
vn 0.6090 0.6706 -0.4235
vn 0.5214 0.5075 -0.6860
vn 0.4018 0.3128 -0.8606
vn 0.6204 0.7819 0.0605
vn 0.7215 0.6653 -0.1920
vn 0.6852 0.5234 -0.5065
vn 0.6433 0.7529 0.1391
vn 0.7578 0.6520 0.0252
vn 0.6750 0.7185 0.1676
vn 0.2763 0.2089 -0.9381
vn 0.5399 0.3328 -0.7732
vn 0.8289 0.4959 -0.2588
vn 0.7599 0.6271 0.1710
vn 0.7202 0.6001 0.3482
vn 0.4290 0.1756 -0.8861
vn 0.7242 0.3614 -0.5873
vn 0.8876 0.4593 -0.0336
vn 0.7822 0.5706 0.2501
vn 0.7915 0.4236 0.4406
vn 0.8873 0.4312 0.1638
vn 0.8926 0.3377 -0.2988
vn 0.5424 0.1645 -0.8239
vn 0.7218 0.0958 0.6855
vn 0.8708 0.3661 0.3282
vn 0.9567 0.2832 -0.0675
vn 0.7386 0.1702 -0.6523
vn 0.8295 0.2332 0.5075
vn 0.6789 -0.0455 0.7328
vn 0.9629 0.2313 0.1392
vn 0.9277 0.1620 -0.3363
vn 0.8294 0.0661 0.5548
vn 0.6665 -0.0744 0.7418
vn 0.9204 0.1659 0.3540
vn 0.9875 0.1367 -0.0783
vn 0.9871 0.0899 0.1328
vn 0.9381 0.0351 0.3447
vn 0.8406 -0.0094 0.5416
vn 0.6866 -0.1189 0.7172
vn 0.8650 -0.0928 0.4932
vn 0.9402 -0.0809 0.3308
vn 0.9892 -0.0509 0.1375
vn 0.9963 -0.0234 -0.0833
vn 0.9317 -0.0136 -0.3629
vn 0.7425 0.0047 -0.6698
vn 0.5555 0.0414 -0.8305
vn 0.4591 0.0799 -0.8848
vn 0.3119 0.1163 -0.9430
vn 0.3434 0.0145 -0.9391
vn 0.4936 -0.0242 -0.8694
vn 0.5895 -0.0883 -0.8029
vn 0.7435 -0.1744 -0.6456
vn 0.5205 -0.1627 -0.8382
vn 0.3711 -0.1088 -0.9222
vn 0.9075 -0.2250 -0.3546
vn 0.7369 -0.4020 -0.5435
vn 0.3980 -0.1973 -0.8959
vn 0.9679 -0.2363 -0.0856
vn 0.6367 -0.2645 -0.7244
vn 0.5395 -0.2610 -0.8005
vn 0.4295 -0.2151 -0.8771
vn 0.7000 -0.3981 -0.5928
vn 0.5589 -0.2464 -0.7918
vn 0.4352 -0.2045 -0.8768
vn 0.4160 -0.1581 -0.8955
vn 0.7452 -0.5442 -0.3855
vn 0.7646 -0.3704 -0.5274
vn 0.5342 -0.1624 -0.8296
vn 0.7314 -0.1678 -0.6610
vn 0.7914 -0.5586 -0.2483
vn 0.4372 -0.1145 -0.8920
vn 0.3949 -0.1271 -0.9099
vn 0.9259 -0.3593 -0.1164
vn 0.3752 -0.1555 -0.9138
vn -0.0241 -0.1477 -0.9887
vn 0.3944 -0.1618 -0.9046
vn 0.4200 -0.1079 -0.9011
vn 0.7136 -0.1706 -0.6795
vn 0.4419 -0.0983 -0.8917
vn 0.9339 -0.3574 0.0075
vn 0.9301 -0.3652 -0.0392
vn 0.8836 -0.4511 0.1258
vn 0.9171 -0.3986 -0.0070
vn 0.7310 -0.5974 0.3298
vn 0.7451 -0.6515 0.1428
vn 0.6943 -0.6935 -0.1921
vn 0.6783 -0.7287 -0.0942
vn 0.6820 -0.7312 -0.0146
vn 0.5855 -0.8105 0.0151
vn 0.6088 -0.7933 -0.0104
vn 0.4154 -0.8939 0.1683
vn 0.7306 -0.6323 -0.2578
vn 0.5155 -0.8460 0.1363
vn 0.3285 -0.9171 0.2257
vn 0.6656 -0.7421 -0.0786
vn 0.8192 -0.4768 -0.3187
vn 0.4342 -0.8727 0.2232
vn 0.2970 -0.9057 0.3025
vn 0.7472 -0.6558 -0.1082
vn 0.6312 -0.7707 0.0871
vn 0.8676 -0.4877 -0.0968
vn 0.3733 -0.8636 0.3389
vn 0.1985 -0.8741 0.4434
vn 0.7501 -0.6569 0.0768
vn 0.5880 -0.7793 0.2169
vn 0.9641 -0.2315 0.1303
vn 0.8808 -0.4627 0.1007
vn 0.9277 -0.2140 0.3060
vn 0.7283 -0.6483 0.2219
vn 0.2513 -0.7831 0.5689
vn 0.1719 -0.8002 0.5746
vn 0.5405 -0.7679 0.3438
vn 0.8657 -0.4280 0.2597
vn 0.8715 -0.2001 0.4477
vn 0.6835 -0.6374 0.3556
vn 0.8242 -0.4136 0.3869
vn 0.7015 -0.1916 0.6865
vn 0.4548 -0.6511 0.6076
vn 0.7024 -0.3355 0.6277
vn -0.9907 0.1269 0.0483
vn -0.9896 0.1414 -0.0254
vn 0.5995 -0.5347 0.5956
vn -0.9300 0.3626 0.0608
vn -0.9247 0.3799 -0.0238
vn -0.7057 0.7044 0.0761
vn -0.7095 0.7047 -0.0077
vn -0.5113 0.8541 0.0953
vn -0.5210 0.8535 0.0133
vn -0.2984 0.9452 0.1327
vn -0.3050 0.9515 0.0399
vn -0.2000 0.9694 0.1422
vn -0.1991 0.9788 0.0482
vn 0.2092 -0.4018 0.8915
vn -0.1576 0.2600 -0.9527
vn 0.2093 -0.6859 0.6969
vn 0.3064 -0.3762 0.8744
vn -0.0384 -0.9215 0.3865
vn -0.0128 -0.7593 0.6506
vn -0.0157 -0.9816 0.1902
vn -0.0136 -0.9770 0.2130
vn -0.0177 -0.9940 0.1081
vn 0.0038 -0.9928 0.1200
vn -0.0410 -0.9829 0.1795
vn 0.0059 -0.9885 0.1514
vn -0.0019 -0.9896 0.1438
vn 0.0095 -0.9903 0.1383
vn -0.0136 -0.9449 0.3269
vn -0.0063 -0.7314 0.6820
vn 0.0062 -0.9817 0.1904
vn 0.0283 -0.8875 0.4600
vn 0.0550 -0.7573 0.6508
vn -0.0005 -0.9916 0.1293
vn 0.0004 -0.9836 0.1805
vn 0.0113 -0.9921 0.1248
vn 0.0000 -0.9836 0.1806
vn 0.0539 -0.9803 0.1899
vn 0.1181 -0.8377 0.5333
vn 0.0979 -0.7831 0.6142
vn 0.1452 -0.7751 0.6149
vn 0.0967 -0.7443 0.6609
vn 0.0177 -0.7013 0.7127
vn 0.1560 -0.6448 0.7483
vn -0.0101 -0.6919 0.7219
vn 0.0263 -0.7047 0.7090
vn 0.0002 -0.6950 0.7190
vn 0.1577 -0.3211 0.9338
vn 0.2092 -0.4019 0.8915
vn 0.0268 -0.6364 0.7709
vn -0.0466 -0.5918 0.8048
vn -0.0553 -0.6165 0.7854
vn 0.1350 -0.3219 0.9371
vn 0.0907 -0.5836 0.8070
vn -0.0346 -0.2395 0.9703
vn -0.1182 -0.2477 0.9616
vn -0.1323 -0.2567 0.9574
vn 0.0742 -0.4614 0.8841
vn -0.0252 -0.6018 0.7982
vn -0.0195 -0.2594 0.9656
vn -0.0910 -0.2965 0.9507
vn -0.0881 -0.4198 0.9033
vn -0.0124 -0.6039 0.7969
vn -0.0558 -0.5385 0.8408
vn -0.0302 -0.3760 0.9261
vn -0.0600 -0.4516 0.8902
vn -0.3908 -0.7924 0.4684
vn 0.2082 -0.3577 0.9103
vn 0.5111 -0.3412 -0.7889
vn 0.3794 -0.3897 0.8392
vn 0.4963 -0.3900 -0.7756
vn 0.2382 -0.3452 0.9078
vn 0.2687 -0.0913 -0.9589
vn 0.1201 0.1204 -0.9854
vn 0.3408 -0.4289 -0.8366
vn 0.2746 0.0857 -0.9577
vn 0.0356 0.4578 -0.8883
vn 0.2559 0.3823 -0.8879
vn 0.2526 0.2747 -0.9278
vn 0.2463 -0.1992 -0.9485
vn 0.2823 -0.0384 -0.9586
vn -0.1358 -0.0685 -0.9884
vn 0.0423 -0.3224 -0.9457
vn -0.3397 -0.1293 -0.9316
vn 0.1200 -0.5317 -0.8384
vn 0.2373 -0.4224 0.8748
vn -0.0375 -0.5802 -0.8136
vn 0.2642 -0.6426 0.7192
vn -0.1225 -0.3690 -0.9213
vn -0.5645 -0.0633 -0.8230
vn -0.1197 -0.6617 -0.7402
vn 0.1417 -0.1270 0.9817
vn -0.2431 -0.4097 -0.8792
vn -0.4688 -0.5455 0.6947
vn -0.4945 -0.5292 -0.6895
vn 0.5937 0.0230 -0.8043
vn 0.1643 -0.4578 -0.8737
vn 0.3302 -0.9437 0.0221
vn 0.2646 0.0972 -0.9595
vn 0.1441 -0.3167 -0.9375
vn 0.2870 -0.0082 -0.9579
vn 0.2529 0.5267 -0.8116
vn 0.3172 0.3024 -0.8989
vn 0.3666 0.2362 -0.8999
vn 0.2300 -0.0301 -0.9727
vn -0.0015 -0.2430 -0.9700
vn 0.1250 0.0363 -0.9915
vn 0.3992 0.2159 -0.8911
vn -0.0895 -0.1961 -0.9765
vn 0.5907 0.2715 -0.7598
vn 0.0801 0.0836 -0.9933
vn -0.1473 -0.2031 -0.9680
vn 0.9298 0.0150 -0.3677
vn -0.4771 -0.8257 -0.3009
vn -0.0601 -0.9800 -0.1896
vn -0.4615 -0.8864 -0.0351
vn -0.0997 -0.9942 -0.0393
vn -0.0237 -0.9840 -0.1765
vn -0.0241 -0.9983 -0.0523
vn 0.1594 -0.9871 -0.0166
vn 0.0924 -0.9693 -0.2279
vn 0.3288 -0.7846 0.5256
vn 0.3747 -0.8903 -0.2590
vn 0.1346 -0.8677 0.4784
vn 0.0057 -0.8770 0.4804
vn -0.0996 -0.9016 0.4210
vn -0.0751 -0.4844 0.8716
vn 0.0359 -0.4521 0.8912
vn 0.1803 -0.3723 0.9104
vn -0.2680 -0.2506 0.9303
vn -0.4636 -0.0680 0.8834
vn -0.3396 -0.1607 0.9267
vn -0.2413 -0.3638 0.8997
vn -0.2776 -0.6119 0.7406
vn -0.1472 -0.2031 -0.9680
vn 0.8178 -0.2615 0.5126
vn -0.0397 -0.2502 0.9674
vn -0.1300 -0.1290 0.9831
vn -0.2831 -0.0250 0.9588
vn 0.6444 0.1507 0.7496
vn 0.1067 -0.1043 0.9888
vn 0.3570 0.3710 0.8573
vn 0.3992 0.2160 -0.8911
vn -0.0754 -0.0072 0.9971
vn 0.1259 0.6481 0.7511
vn -0.2383 0.0748 0.9683
vn 0.0283 0.7292 0.6837
vn -0.3238 -0.0359 0.9454
vn -0.2516 0.0576 0.9661
vn -0.0038 0.6408 0.7677
vn -0.0973 -0.0106 0.9952
vn 0.3368 0.4335 0.8358
vn 0.0608 0.9384 0.3402
vn 0.8207 0.3883 -0.4192
vn 0.6946 0.6605 0.2849
vn 0.9535 -0.0790 -0.2907
vn 0.8422 0.5373 0.0445
vn 0.1981 0.9610 0.1928
vn 0.1944 0.9024 0.3847
vn 0.0670 0.9867 0.1478
vn -0.1234 -0.1739 0.9770
vn 0.0801 0.8883 0.4523
vn 0.0200 0.9786 0.2050
vn 0.3322 0.0783 0.9400
vn 0.3092 -0.1662 0.9364
vn 0.3514 0.4453 0.8236
vn -0.0951 0.8605 0.5005
vn -0.0861 0.9694 0.2301
vn -0.3243 0.8136 0.4825
vn 0.1452 -0.5340 0.8330
vn 0.4256 -0.1869 0.8854
vn 0.2968 -0.0286 0.9545
vn 0.0666 0.4696 0.8804
vn 0.0568 -0.1073 0.9926
vn -0.2011 0.4609 0.8644
vn -0.1152 -0.2396 0.9640
vn -0.2246 0.0480 0.9733
vn -0.6473 0.3971 0.6506
vn -0.6947 0.0798 0.7149
vn -0.4821 0.7052 0.5198
vn 0.0356 0.4578 -0.8884
vn -0.6281 -0.1176 0.7692
vn -0.3759 0.5263 0.7627
vn 0.2558 0.3824 -0.8879
vn -0.3598 0.1767 0.9162
vn -0.4024 -0.3850 0.8306
vn -0.4416 0.5652 0.6968
vn 0.2526 0.2746 -0.9278
vn -0.3240 0.0050 0.9461
vn -0.2641 0.0661 0.9622
vn -0.3225 0.1292 0.9377
vn -0.5750 0.5902 0.5667
vn -0.1731 0.0889 0.9809
vn -0.2985 0.1035 0.9488
vn -0.3954 0.1900 0.8986
vn -0.1572 0.1425 0.9772
vn -0.3415 0.2385 0.9091
vn -0.0799 0.2503 0.9649
vn 0.2374 -0.4224 0.8748
vn -0.1842 0.3293 0.9261
vn -0.1925 0.3961 0.8978
vn 0.0612 0.2516 0.9659
vn 0.2643 -0.6426 0.7192
vn 0.0411 0.3941 0.9181
vn -0.0122 0.4632 0.8862
vn 0.0860 0.4171 0.9048
vn -0.4689 -0.5454 0.6947
vn -0.3825 0.6774 0.6283
vn -0.3397 -0.1292 -0.9316
vn -0.5941 0.6806 0.4288
vn -0.9907 -0.0000 0.1364
vn -0.0735 0.0000 -0.9973
vn -0.1522 0.0000 -0.9884
vn -0.9372 0.0000 -0.3487
vn -0.3636 0.0000 -0.9316
vn 0.2693 0.0000 -0.9630
vn 0.8856 0.0000 -0.4645
vn -0.1243 -0.4719 0.8729
vn -0.0294 -0.8946 0.4459
vn -0.0175 -0.8931 0.4495
vn -0.1097 -0.4650 0.8785
vn -0.1298 -0.0260 0.9912
vn -0.2081 -0.4743 0.8554
vn -0.1098 -0.8999 0.4221
vn -0.1240 -0.0052 0.9923
vn -0.0890 0.2718 0.9582
vn -0.2586 0.0163 0.9659
vn -0.4619 0.0942 0.8819
vn -0.5137 -0.4436 0.7344
vn -0.4380 -0.8570 0.2715
vn -0.6083 -0.4182 0.6746
vn -0.5639 -0.7649 0.3113
vn -0.1015 0.2875 0.9524
vn -0.0337 0.6948 0.7185
vn -0.2345 0.3247 0.9163
vn -0.4975 -0.4207 0.7586
vn -0.4804 -0.7580 0.4412
vn -0.0522 0.7146 0.6976
vn 0.0479 0.9778 0.2040
vn 0.0624 0.9753 0.2118
vn 0.1599 0.9746 -0.1569
vn -0.3758 0.3971 0.8373
vn -0.1646 0.7286 0.6649
vn -0.5084 -0.0250 0.8608
vn -0.4349 -0.3854 0.8139
vn -0.4355 -0.7832 0.4437
vn -0.5042 -0.7515 0.4254
vn -0.3234 0.0386 0.9455
vn -0.3698 0.2526 0.8941
vn -0.2574 0.7738 0.5787
vn -0.3241 0.4773 0.8168
vn -0.2260 0.8232 0.5208
vn -0.4426 -0.3077 0.8423
vn -0.1804 0.1141 0.9770
vn -0.3460 -0.3071 0.8865
vn -0.4590 -0.7497 0.4767
vn -0.4243 -0.7421 0.5189
vn -0.1576 0.2124 0.9644
vn -0.0527 0.2525 0.9662
vn -0.1388 0.5311 0.8359
vn -0.1233 0.2909 0.9488
vn 0.0515 0.2469 0.9677
vn 0.2487 0.3988 0.8827
vn -0.0925 0.8315 0.5477
vn -0.2756 -0.3235 0.9052
vn 0.0515 0.3264 0.9438
vn 0.5282 0.5527 0.6446
vn 0.3576 -0.0070 0.9339
vn 0.8404 0.1336 0.5253
vn 0.0382 0.2979 0.9538
vn -0.0592 0.2436 0.9681
vn 0.4314 0.7138 0.5516
vn 0.2592 0.8306 0.4929
vn 0.2900 0.7939 0.5344
vn -0.3081 -0.3322 0.8915
vn -0.4352 -0.7300 0.5270
vn 0.0342 0.1962 0.9800
vn 0.0846 -0.1650 0.9827
vn -0.2066 -0.3579 0.9106
vn -0.3316 -0.7486 0.5742
vn -0.2126 -0.7499 0.6265
vn -0.0299 0.1360 0.9903
vn -0.0903 -0.3875 0.9174
vn -0.0549 -0.7238 0.6878
vn 0.0564 -0.0121 0.9983
vn 0.4869 0.5810 0.6522
vn -0.0216 -0.4076 0.9129
vn 0.8693 -0.4535 0.1964
vn 0.1164 -0.1668 0.9791
vn 0.7096 0.3181 0.6287
vn 0.8996 -0.4368 0.0008
vn 0.2512 -0.5210 0.8157
vn 0.8262 -0.5159 -0.2263
vn -0.1326 -0.9329 0.3347
vn -0.2257 -0.9473 -0.2272
vn 0.5805 -0.6393 -0.5042
vn -0.1461 -0.6392 -0.7550
vn -0.2244 -0.4599 -0.8591
vn -0.4126 -0.8662 -0.2818
vn -0.3840 -0.3053 -0.8714
vn -0.3069 -0.8421 0.4435
vn -0.6322 -0.6820 -0.3677
vn -0.3754 -0.2654 -0.8881
vn -0.0485 -0.5235 0.8507
vn 0.5191 -0.0326 0.8541
vn -0.7446 -0.5234 -0.4143
vn -0.3189 -0.3754 -0.8703
vn -0.5377 -0.7148 0.4471
vn -0.1918 -0.4465 0.8740
vn 0.3867 -0.0083 0.9222
vn -0.6185 -0.6828 -0.3889
vn -0.2722 -0.3484 -0.8970
vn -0.6948 -0.6019 0.3937
vn -0.3683 -0.3986 0.8399
vn 0.2226 0.0189 0.9747
vn -0.5138 -0.7507 -0.4153
vn -0.3239 -0.3138 -0.8925
vn -0.6171 -0.6979 0.3636
vn -0.2811 -0.4484 0.8485
vn 0.1707 0.0465 0.9842
vn -0.6922 -0.6328 -0.3471
vn -0.2730 -0.4130 -0.8688
vn -0.5206 -0.7688 0.3715
vn -0.2718 -0.4342 0.8588
vn 0.1471 0.0594 0.9873
vn -0.6881 -0.6514 0.3197
vn -0.4001 -0.4006 0.8243
vn 0.1145 0.0515 0.9921
vn -0.5889 -0.7550 -0.2884
vn -0.5642 -0.7745 0.2860
vn -0.2953 -0.5295 0.7953
vn 0.1135 0.0569 0.9919
vn -0.3121 -0.9072 -0.2821
vn -0.2797 -0.5939 -0.7544
vn -0.1390 -0.9893 -0.0446
vn 0.7615 0.2837 -0.5828
vn -0.2299 -0.9624 0.1449
vn -0.0170 -0.4354 -0.9001
vn 0.1335 -0.9900 -0.0453
vn 0.1285 -0.0168 -0.9916
vn 0.3749 -0.9240 -0.0761
vn 0.3581 -0.9299 -0.0840
vn 0.0897 -0.9704 0.2244
vn -0.1778 -0.4762 -0.8612
vn 0.1050 -0.0342 -0.9939
vn 0.3667 -0.9149 -0.1687
vn -0.2034 -0.4668 -0.8607
vn 0.0590 -0.0118 -0.9982
vn -0.0852 -0.5802 -0.8100
vn 0.0967 -0.0283 -0.9949
vn -0.4240 -0.8405 -0.3372
vn -0.4266 -0.8559 -0.2923
vn -0.2223 -0.5163 -0.8270
vn 0.0103 -0.0587 -0.9982
vn -0.2395 -0.9457 -0.2198
vn -0.2389 -0.9117 -0.3343
vn -0.4344 -0.5378 -0.7225
vn -0.0515 -0.1141 -0.9921
vn -0.4381 -0.7838 -0.4402
vn -0.3022 -0.6899 -0.6578
vn 0.0198 -0.2757 -0.9610
vn 0.2821 -0.4284 -0.8584
vn -0.5498 -0.7463 -0.3751
vn 0.0284 -0.8318 -0.5544
vn 0.5928 -0.7907 -0.1529
vn -0.3649 -0.8790 -0.3069
vn -0.5319 -0.8332 0.1514
vn -0.5361 -0.8401 0.0833
vn -0.0144 -0.9742 -0.2253
vn 0.0503 -0.9737 0.2223
vn 0.3585 -0.7313 0.5802
vn -0.0790 -0.6194 0.7811
vn -0.3356 -0.9179 0.2117
vn -0.3081 -0.5952 0.7421
vn -0.2911 -0.5405 0.7894
vn -0.3618 -0.9177 0.1643
vn -0.2287 -0.5551 0.7997
vn -0.4729 -0.8607 0.1884
vn -0.2586 -0.4797 0.8384
vn -0.5165 -0.8186 0.2513
vn -0.3644 -0.4598 0.8098
vn -0.3170 -0.8618 0.3960
vn -0.2027 -0.4304 0.8796
vn -0.1328 -0.8854 0.4454
vn -0.0806 -0.3916 0.9166
vn 0.6086 -0.7902 0.0723
vn 0.3123 -0.7359 0.6007
vn 0.3575 -0.0070 0.9339
vn 0.8403 0.1336 0.5253
vn 0.9921 0.0463 0.1170
vn 0.7832 -0.4686 -0.4086
vn 0.8879 0.4596 0.0179
vn 0.8533 0.1435 -0.5013
vn 0.6689 0.7317 -0.1308
vn 0.3606 0.8912 -0.2752
vn 0.9192 -0.1279 -0.3725
vn 0.4928 0.5330 -0.6878
vn 0.4513 0.8674 -0.2098
vn 0.7061 0.7027 -0.0868
vn 0.4331 0.5051 -0.7466
vn 0.9200 0.3909 -0.0266
vn 0.8694 -0.4535 0.1963
vn 0.6864 0.3367 -0.6446
vn 0.2746 0.5795 -0.7673
vn 0.2851 -0.0911 -0.9542
vn 0.8762 0.0742 -0.4761
vn 0.1493 0.0375 -0.9881
vn 0.4826 -0.2183 -0.8482
vn 0.6758 -0.3659 -0.6399
vn 0.0293 -0.6611 -0.7497
vn 0.1739 0.0762 -0.9818
vn 0.1875 -0.7204 -0.6677
vn 0.4436 -0.7393 -0.5066
vn -0.0692 -0.5759 -0.8146
vn 0.5134 -0.2592 -0.8180
vn 0.1558 -0.9876 0.0174
vn -0.2126 -0.7498 0.6265
vn -0.0964 -0.9920 -0.0818
vn -0.2570 -0.9585 -0.1238
vn -0.3549 -0.9203 -0.1648
vn -0.1014 -0.4836 -0.8694
vn -0.3943 -0.9015 -0.1782
vn -0.3811 -0.9106 -0.1601
vn 0.0517 -0.6220 -0.7813
vn -0.2699 -0.9511 -0.1503
vn 0.6305 -0.5218 -0.5747
vn 0.2248 -0.8011 -0.5548
vn 0.5433 -0.6262 -0.5593
vn 0.1936 -0.8902 -0.4124
vn -0.1989 -0.9795 -0.0323
vn 0.2996 -0.6623 -0.6867
vn -0.2859 -0.9555 -0.0720
vn 0.0126 -0.8817 -0.4716
vn -0.3738 -0.9202 -0.1163
vn -0.0700 -0.8425 -0.5341
vn 0.4059 -0.8138 -0.4159
vn -0.0736 -0.9917 -0.1058
vn 0.0545 -0.9353 -0.3497
vn 0.2061 -0.9698 -0.1302
vn 0.0081 -0.9997 0.0235
vn 0.0671 -0.9872 -0.1445
vn 0.1122 -0.9773 0.1799
vn 0.0897 -0.9956 0.0286
vn 0.0571 -0.9979 0.0314
vn -0.0294 -0.8946 0.4460
vn 0.0554 -0.9983 0.0180
vn 0.0673 -0.9829 -0.1715
vn 0.0701 -0.9800 -0.1862
vn 0.0424 -0.9893 -0.1399
vn 0.0708 -0.9243 -0.3749
vn 0.0751 -0.9169 -0.3921
vn 0.0659 -0.9913 -0.1141
vn 0.0297 -0.9394 -0.3415
vn 0.1517 -0.5914 -0.7920
vn 0.1503 -0.5973 -0.7878
vn 0.0516 -0.9915 -0.1191
vn 0.0024 -0.9953 -0.0967
vn 0.0031 -0.9789 -0.2045
vn -0.1726 -0.7092 -0.6836
vn 0.0513 -0.5864 -0.8084
vn 0.2548 0.0015 -0.9670
vn 0.2605 -0.0197 -0.9653
vn 0.0117 0.0096 -0.9999
vn 0.2978 0.4140 -0.8602
vn 0.3143 0.3969 -0.8623
vn 0.2691 0.7996 -0.5368
vn 0.2469 0.8055 -0.5387
vn -0.0857 0.4426 -0.8926
vn 0.1407 0.9775 -0.1574
vn -0.1044 0.8065 -0.5819
vn -0.3389 -0.0827 -0.9372
vn -0.0825 0.9788 -0.1874
vn -0.3582 0.4547 -0.8154
vn -0.0857 0.9794 0.1830
vn -0.2716 0.8379 -0.4734
vn -0.1901 0.9715 0.1416
vn -0.2068 0.9672 -0.1476
vn -0.1516 0.9751 0.1620
vn -0.1383 0.9145 -0.3802
vn -0.1320 0.9879 -0.0815
vn -0.0439 0.9805 0.1917
vn -0.0021 0.9984 -0.0557
vn 0.0455 0.9400 -0.3380
vn -0.1326 0.7663 -0.6287
vn -0.2184 0.4622 -0.8595
vn 0.1256 0.8179 -0.5615
vn -0.2982 0.0220 -0.9542
vn 0.3198 0.8795 -0.3525
vn 0.4135 0.7112 -0.5685
vn 0.0876 0.5861 -0.8055
vn -0.2751 -0.4406 -0.8545
vn -0.0661 0.1021 -0.9926
vn -0.1223 -0.9102 -0.3957
vn -0.2066 -0.4262 -0.8807
vn -0.2245 -0.8715 -0.4359
vn 0.3128 0.9339 -0.1734
vn 0.6154 0.7274 -0.3037
vn 0.2395 0.9695 0.0513
vn 0.6004 0.7872 -0.1411
vn 0.7355 0.6210 -0.2709
vn 0.6665 0.7275 -0.1627
vn 0.3937 0.4607 -0.7954
vn -0.2493 -0.3173 -0.9150
vn -0.5000 -0.7330 -0.4612
vn -0.5998 -0.6198 -0.5061
vn 0.1239 0.1936 -0.9732
vn 0.3916 0.5903 -0.7058
vn 0.8542 0.1102 -0.5082
vn 0.8057 0.5478 -0.2254
vn 0.5236 0.4927 -0.6950
vn 0.1558 0.1943 -0.9685
vn -0.2774 -0.2089 -0.9378
vn -0.2410 -0.0482 -0.9693
vn 0.1704 0.2369 -0.9565
vn 0.5518 0.4789 -0.6828
vn 0.8493 0.5278 0.0134
vn 0.2900 0.3633 -0.8854
vn 0.6295 0.3919 -0.6709
vn 0.7087 0.1936 0.6785
vn -0.1148 -0.2158 -0.9697
vn 0.9041 0.4243 -0.0503
vn 0.7526 0.2325 0.6161
vn 0.7612 0.1720 0.6253
vn 0.9523 0.3002 -0.0546
vn 0.8272 0.1574 0.5394
vn 0.2506 0.2533 -0.9344
vn 0.2944 0.3504 -0.8891
vn -0.1525 -0.2424 -0.9581
vn -0.1963 -0.2752 -0.9411
vn 0.6935 0.2993 -0.6554
vn 0.9724 0.2299 -0.0389
vn 0.8559 0.0734 0.5119
vn 0.6395 0.7442 -0.1930
vn 0.3208 0.2353 -0.9174
vn -0.2099 -0.2448 -0.9466
vn 0.9956 0.0918 -0.0161
vn 0.8920 0.0427 0.4501
vn 0.7751 0.2054 -0.5975
vn 0.4801 0.5550 0.6793
vn 0.4029 0.1504 -0.9028
vn -0.2768 -0.3056 -0.9110
vn 0.7580 0.5993 -0.2575
vn 0.9995 0.0314 0.0025
vn 0.8729 -0.1047 0.4765
vn 0.3532 0.0592 -0.9337
vn -0.2992 -0.2990 -0.9061
vn 0.8416 0.4551 -0.2908
vn 0.4102 0.0191 -0.9118
vn -0.3174 -0.2463 -0.9158
vn 0.5657 0.4757 0.6735
vn 0.8573 0.3897 -0.3363
vn 0.4569 -0.0284 -0.8891
vn -0.2092 -0.3902 -0.8967
vn 0.6826 0.4311 0.5901
vn 0.8893 0.3025 -0.3430
vn 0.7393 0.4059 0.5373
vn 0.1611 0.1991 0.9666
vn 0.1707 0.1662 0.9712
vn 0.2346 0.1827 0.9548
vn 0.2591 0.1268 0.9575
vn 0.3044 0.1111 0.9460
vn 0.7996 0.3210 0.5075
vn 0.3555 0.0744 0.9317
vn 0.9351 0.1638 -0.3143
vn 0.8539 0.2207 0.4714
vn 0.4929 -0.1412 -0.8586
vn 0.9356 0.1021 0.3381
vn 0.4630 -0.0529 0.8848
vn 0.9433 0.0283 -0.3306
vn 0.9678 -0.2320 0.0974
vn 0.6505 -0.2360 0.7219
vn 0.5791 -0.2841 -0.7642
vn -0.1698 -0.9211 -0.3504
vn 0.9363 -0.2139 -0.2786
vn -0.1493 -0.9793 0.1364
vn -0.0593 -0.7238 0.6874
vn -0.0594 -0.7238 0.6875
vn 0.4631 -0.0530 0.8847
vn -0.3221 -0.4137 0.8515
vn -0.4459 -0.2136 0.8692
vn -0.6548 -0.7041 0.2747
vn -0.8675 -0.3970 0.2997
vn -0.6302 -0.7020 -0.3316
vn -0.2091 -0.3902 -0.8967
vn -0.3174 -0.2463 -0.9157
vn -0.8298 -0.4270 -0.3593
vn -0.8253 -0.4143 -0.3837
vn -0.2768 -0.3055 -0.9111
vn -0.8837 -0.3929 0.2542
vn -0.6577 -0.6054 -0.4483
vn -0.5469 -0.2731 0.7914
vn -0.6334 -0.5673 -0.5263
vn -0.6998 -0.6516 0.2926
vn -0.4562 -0.4212 0.7839
vn -0.5003 -0.5775 -0.6451
vn -0.7200 -0.6289 0.2933
vn -0.4696 -0.3384 0.8155
vn -0.6550 -0.6908 0.3063
vn -0.3932 -0.3155 0.8636
vn -0.4045 -0.6482 -0.6452
vn -0.5028 -0.7723 0.3883
vn -0.2965 -0.4316 0.8519
vn 0.1707 0.1661 0.9712
vn -0.3755 -0.7367 0.5624
vn -0.4861 -0.7889 0.3759
vn -0.3675 -0.6192 -0.6939
vn 0.0920 -0.9097 -0.4050
vn 0.5280 -0.3913 0.7537
vn 0.3977 -0.1396 0.9068
vn 0.3636 -0.0736 0.9286
vn 0.3577 -0.0045 0.9338
vn 0.7611 0.1720 0.6253
vn 0.3072 -0.0294 0.9512
vn 0.3227 -0.0255 0.9462
vn 0.3180 0.0347 0.9474
vn 0.2829 -0.2007 0.9379
vn 0.8462 -0.2474 0.4720
vn 0.2477 -0.3566 0.9008
vn 0.1029 -0.9931 -0.0566
vn -0.3779 -0.2864 0.8804
vn -0.3559 -0.0011 0.9345
vn -0.2424 -0.2624 0.9340
vn -0.2236 -0.3648 0.9038
vn -0.3717 -0.4397 0.8176
vn -0.7894 -0.3790 0.4830
vn -0.8263 -0.0905 0.5560
vn -0.7246 -0.5256 0.4458
vn -0.8117 -0.5531 -0.1874
vn -0.4580 -0.4449 -0.7696
vn -0.4696 -0.3116 -0.8260
vn -0.8789 -0.4260 -0.2147
vn -0.6863 -0.4660 0.5583
vn -0.9651 -0.2127 -0.1528
vn -0.5701 -0.6027 0.5583
vn -0.8311 -0.5263 -0.1796
vn -0.4656 -0.1850 -0.8654
vn -0.5156 -0.2232 -0.8273
vn 0.0543 -0.0847 -0.9949
vn 0.0252 -0.1031 -0.9944
vn 0.1848 -0.2428 -0.9523
vn 0.5674 -0.0177 -0.8232
vn 0.1618 -0.3561 -0.9203
vn 0.6465 -0.2861 -0.7073
vn 0.6439 -0.1602 -0.7481
vn 0.8601 -0.1190 -0.4961
vn 0.8458 -0.2489 -0.4719
vn 0.9758 -0.2182 0.0155
vn 0.8462 -0.2473 0.4720
vn 0.9963 -0.0852 -0.0138
vn 0.8434 0.0047 -0.5373
vn 0.5249 -0.0145 -0.8511
vn 0.8244 0.0493 -0.5638
vn -0.0519 -0.1085 -0.9927
vn 0.4041 0.0850 -0.9108
vn 0.3302 0.1974 -0.9230
vn -0.0843 -0.0160 -0.9963
vn -0.1570 0.0202 -0.9874
vn -0.5094 -0.3468 -0.7876
vn -0.4584 -0.3180 -0.8299
vn -0.7268 -0.6547 -0.2078
vn -0.5388 -0.2914 -0.7904
vn -0.5673 -0.2944 -0.7691
vn -0.7669 -0.6060 -0.2111
vn -0.6168 -0.5487 0.5644
vn -0.8835 -0.4673 -0.0315
vn -0.1692 -0.2683 0.9484
vn -0.6668 -0.4778 0.5719
vn -0.1472 -0.2826 0.9479
vn -0.5324 -0.7372 0.4161
vn -0.1221 -0.5054 0.8542
vn -0.3914 -0.8756 0.2831
vn -0.0527 -0.6138 0.7877
vn -0.1189 -0.9921 -0.0395
vn 0.0792 -0.9969 -0.0004
vn -0.0193 0.4583 0.8886
vn -0.0632 0.8188 0.5707
vn -0.1040 0.3556 0.9288
vn -0.1717 0.9447 0.2793
vn -0.2097 0.7665 0.6070
vn -0.1170 0.2636 0.9575
vn -0.2100 0.9692 0.1285
vn -0.3857 0.9019 0.1942
vn -0.3316 0.7531 0.5683
vn -0.0961 0.2153 0.9718
vn -0.5019 0.8634 0.0511
vn -0.4725 0.8626 0.1807
vn -0.5539 0.6619 -0.5051
vn -0.4939 0.8695 0.0089
vn -0.3761 0.7318 0.5683
vn -0.5094 0.8586 -0.0570
vn -0.0615 0.1375 0.9886
vn -0.5654 0.6257 0.5374
vn -0.4808 0.6332 0.6066
vn -0.1586 0.1788 0.9710
vn 0.2586 -0.4797 0.8385
vn -0.6258 0.7726 -0.1071
vn -0.5160 0.6473 0.5610
vn -0.2115 0.1724 0.9620
vn -0.6519 0.7453 0.1402
vn -0.5204 0.5538 -0.6500
vn -0.6560 0.7334 0.1784
vn -0.4783 0.5216 -0.7065
vn -0.6395 0.7521 -0.1595
vn -0.5600 0.6311 0.5367
vn -0.2123 0.0642 0.9751
vn -0.0278 -0.0387 -0.9989
vn 0.0095 -0.0470 -0.9988
vn -0.4891 0.5084 -0.7087
vn -0.0194 -0.0441 -0.9988
vn -0.0770 -0.0248 -0.9967
vn -0.6068 0.4098 -0.6810
vn -0.6653 0.7161 0.2112
vn -0.1206 0.0229 -0.9924
vn 0.3754 -0.2654 -0.8880
vn -0.6684 0.3803 -0.6392
vn -0.4536 0.4814 0.7500
vn -0.7989 0.5796 0.1608
vn -0.7615 0.2836 -0.5828
vn -0.4254 0.4207 0.8013
vn -0.1144 0.0515 0.9921
vn -0.3703 0.4656 -0.8038
vn -0.5258 0.3644 0.7686
vn -0.3901 0.3859 -0.8360
vn -0.3876 0.3983 -0.8313
vn -0.3856 0.3860 -0.8380
vn -0.8367 0.5204 0.1704
vn -0.5473 0.3492 0.7606
vn -0.6561 0.7305 -0.1897
vn -0.3564 0.3345 -0.8724
vn -0.6235 0.3739 -0.6866
vn -0.8317 0.5405 0.1266
vn -0.6143 0.3659 0.6991
vn -0.7107 0.6596 -0.2448
vn -0.3871 0.3421 -0.8562
vn -0.0199 -0.2757 -0.9610
vn -0.2019 0.0422 -0.9785
vn -0.7276 0.3060 -0.6140
vn -0.3380 0.0608 -0.9392
vn -0.6515 0.5606 0.5112
vn -0.8999 0.4263 0.0915
vn -0.8004 0.2572 -0.5416
vn -0.4650 0.0151 -0.8852
vn -0.8510 0.2617 -0.4553
vn -0.8263 -0.5159 -0.2262
vn -0.9569 0.2820 -0.0701
vn -0.7317 0.2973 0.6134
vn -0.3868 -0.0083 0.9221
vn -0.9524 0.3039 -0.0238
vn -0.8649 0.2331 0.4446
vn -0.8690 0.1607 0.4679
vn -0.2511 -0.5211 0.8157
vn -0.7540 0.6225 -0.2098
vn -0.7157 0.5388 0.4443
vn -0.4710 0.2290 -0.8519
vn -0.3013 0.0696 0.9510
vn -0.8460 0.4950 -0.1982
vn -0.6633 -0.0084 -0.7483
vn -0.2821 -0.4284 -0.8584
vn -0.9665 0.2020 -0.1584
vn -0.4162 0.0107 0.9092
vn 0.0790 -0.6193 0.7812
vn -0.8084 0.4478 0.3821
vn -0.9525 0.1711 0.2521
vn -0.7943 -0.1075 0.5979
vn 0.0193 0.4583 0.8886
vn 0.1040 0.3556 0.9288
vn 0.0632 0.8188 0.5707
vn 0.2097 0.7665 0.6070
vn 0.1170 0.2636 0.9575
vn 0.1717 0.9447 0.2793
vn 0.3857 0.9019 0.1942
vn 0.3316 0.7531 0.5683
vn 0.0961 0.2153 0.9718
vn 0.2100 0.9692 0.1285
vn 0.4725 0.8626 0.1806
vn 0.5539 0.6619 -0.5051
vn 0.4939 0.8695 0.0089
vn 0.5019 0.8634 0.0511
vn 0.3761 0.7318 0.5684
vn 0.5093 0.8587 -0.0570
vn 0.5654 0.6258 0.5374
vn 0.6519 0.7453 0.1402
vn 0.5204 0.5538 -0.6500
vn 0.6560 0.7334 0.1784
vn 0.4783 0.5216 -0.7065
vn 0.0278 -0.0387 -0.9989
vn -0.0095 -0.0470 -0.9988
vn 0.4891 0.5084 -0.7087
vn 0.0194 -0.0441 -0.9988
vn 0.0770 -0.0248 -0.9967
vn 0.6068 0.4098 -0.6810
vn 0.6653 0.7161 0.2112
vn 0.1206 0.0229 -0.9924
vn -0.3754 -0.2654 -0.8880
vn 0.6684 0.3803 -0.6392
vn 0.4534 0.4816 0.7500
vn 0.7989 0.5796 0.1608
vn 0.7615 0.2836 -0.5828
vn 0.4254 0.4207 0.8013
vn 0.1144 0.0515 0.9921
vn 0.3703 0.4656 -0.8038
vn 0.5258 0.3644 0.7686
vn 0.3901 0.3859 -0.8360
vn 0.8367 0.5204 0.1704
vn 0.5473 0.3492 0.7606
vn 0.6258 0.7726 -0.1071
vn 0.3876 0.3983 -0.8313
vn 0.6234 0.3739 -0.6867
vn 0.8317 0.5405 0.1266
vn 0.6143 0.3659 0.6991
vn 0.4808 0.6332 0.6066
vn 0.6395 0.7521 -0.1595
vn 0.3856 0.3860 -0.8380
vn 0.7317 0.2973 0.6134
vn 0.8999 0.4263 0.0915
vn 0.0615 0.1375 0.9886
vn 0.5160 0.6473 0.5610
vn 0.1586 0.1788 0.9710
vn -0.2586 -0.4797 0.8385
vn 0.8649 0.2331 0.4446
vn 0.6561 0.7305 -0.1897
vn 0.2115 0.1724 0.9620
vn 0.5600 0.6311 0.5367
vn 0.3564 0.3345 -0.8724
vn 0.2123 0.0642 0.9751
vn 0.6515 0.5606 0.5112
vn 0.7107 0.6595 -0.2448
vn 0.3871 0.3421 -0.8562
vn 0.0199 -0.2757 -0.9610
vn 0.3013 0.0696 0.9510
vn 0.7157 0.5388 0.4443
vn 0.7540 0.6225 -0.2098
vn 0.4710 0.2290 -0.8519
vn 0.4162 0.0107 0.9092
vn -0.0790 -0.6193 0.7812
vn 0.8084 0.4478 0.3821
vn 0.8460 0.4950 -0.1982
vn 0.6633 -0.0085 -0.7483
vn 0.9665 0.2020 -0.1584
vn 0.9525 0.1711 0.2521
vn 0.7943 -0.1075 0.5979
vn 0.2019 0.0422 -0.9785
vn 0.7276 0.3060 -0.6140
vn 0.3380 0.0608 -0.9392
vn -0.1461 -0.6392 -0.7551
vn 0.8004 0.2572 -0.5416
vn 0.4650 0.0151 -0.8852
vn 0.8510 0.2617 -0.4553
vn 0.8263 -0.5159 -0.2262
vn 0.9569 0.2820 -0.0701
vn 0.8996 -0.4368 0.0007
vn 0.9524 0.3039 -0.0238
vn 0.8690 0.1607 0.4679
vn 0.2511 -0.5211 0.8157
vn -0.9210 0.0686 -0.3836
vn -0.9727 -0.1327 0.1906
vn -0.7834 0.6213 -0.0189
vn -0.7017 0.6632 0.2602
vn -0.6749 0.3241 0.6629
vn -0.6830 -0.5642 0.4640
vn -0.7122 -0.3365 0.6160
vn 0.9898 -0.0889 0.1115
vn 0.6842 -0.7289 -0.0238
vn 0.0211 -0.9880 0.1533
vn 0.0300 -0.9957 0.0880
vn -0.0215 -0.9603 0.2783
vn -0.3967 -0.6830 0.6133
vn -0.2142 -0.6803 0.7009
vn 0.0283 -0.9769 0.2117
vn 0.0164 -0.9590 0.2829
vn 0.3187 -0.7593 0.5673
vn 0.2563 -0.9422 0.2159
vn 0.0499 -0.9959 -0.0752
vn 0.0914 -0.9576 -0.2734
vn 0.4119 -0.8719 -0.2647
vn 0.1025 -0.9479 -0.3016
vn -0.2674 -0.9549 -0.1288
vn 0.0631 -0.9951 -0.0766
vn 0.3112 -0.9444 -0.1066
vn -0.2889 -0.9557 0.0561
vn 0.0130 -0.9871 0.1597
vn -0.3167 -0.9484 -0.0160
vn 0.0168 -0.9921 0.1243
vn 0.3847 -0.9226 -0.0304
vn 0.0445 -0.9982 -0.0390
vn -0.3564 -0.8535 -0.3802
vn 0.0546 -0.9947 -0.0871
vn 0.4395 -0.8718 -0.2161
vn -0.3555 -0.6511 -0.6706
vn 0.1025 -0.9789 -0.1765
vn 0.3023 -0.2063 -0.9306
vn 0.0321 -0.9875 -0.1540
vn -0.0211 -0.9880 0.1533
vn -0.0300 -0.9957 0.0880
vn 0.0215 -0.9603 0.2783
vn 0.3967 -0.6830 0.6133
vn 0.2142 -0.6803 0.7009
vn -0.0283 -0.9769 0.2117
vn -0.0164 -0.9590 0.2829
vn -0.2563 -0.9422 0.2159
vn -0.0499 -0.9959 -0.0752
vn -0.0916 -0.9576 -0.2732
vn -0.4119 -0.8719 -0.2647
vn -0.1025 -0.9479 -0.3016
vn 0.2674 -0.9549 -0.1288
vn -0.0631 -0.9951 -0.0766
vn -0.3112 -0.9444 -0.1066
vn 0.2889 -0.9557 0.0561
vn -0.0130 -0.9871 0.1597
vn 0.3167 -0.9484 -0.0160
vn -0.0168 -0.9921 0.1243
vn -0.3847 -0.9226 -0.0304
vn -0.0445 -0.9982 -0.0390
vn 0.3564 -0.8535 -0.3802
vn -0.0546 -0.9947 -0.0871
vn -0.4395 -0.8718 -0.2161
vn 0.3555 -0.6511 -0.6706
vn -0.1025 -0.9789 -0.1765
vn -0.3023 -0.2063 -0.9306
vn -0.0321 -0.9875 -0.1540
vn 0.0681 -0.5376 -0.8404
vn 0.0153 -0.5296 -0.8481
vn -0.1364 -0.3739 0.9174
vn 0.1577 -0.5684 -0.8075
vn -0.0832 -0.5473 -0.8328
vn 0.3474 -0.3117 0.8844
vn 0.3231 -0.5953 -0.7357
vn -0.5031 -0.3810 0.7757
vn -0.2171 -0.5619 -0.7982
vn 0.5370 -0.6321 -0.5586
vn -0.3899 -0.5750 -0.7193
vn 0.6664 -0.6472 -0.3702
vn -0.8415 -0.3218 0.4340
vn -0.5792 -0.5993 -0.5525
vn 0.7021 -0.6521 -0.2861
vn -0.9284 -0.2717 0.2536
vn -0.6950 -0.5930 -0.4066
vn 0.9571 -0.1268 0.2606
vn 0.6737 -0.7389 -0.0087
vn -0.7238 -0.6320 -0.2769
vn 0.5442 -0.7088 0.4489
vn -0.7064 -0.6999 0.1055
vn 0.8353 -0.1185 -0.5369
vn 0.5075 -0.6335 0.5841
vn -0.7910 -0.1053 -0.6027
vn -0.6286 -0.6161 0.4747
vn 0.3926 -0.6383 0.6621
vn -0.6015 -0.6088 0.5173
vn 0.2122 -0.5873 0.7811
vn -0.3527 -0.0107 -0.9357
vn -0.4098 -0.6237 0.6656
vn 0.4048 -0.1084 -0.9080
vn 0.1621 -0.5497 0.8195
vn -0.3042 -0.5730 0.7610
vn 0.0606 -0.5621 0.8249
vn -0.1211 0.0100 -0.9926
vn -0.2640 -0.5674 0.7800
vn -0.0033 -0.5533 0.8330
vn -0.0509 -0.5578 0.8284
vn 0.1905 -0.4390 0.8781
vn 0.0880 -0.4390 0.8942
vn -0.0228 -0.4337 0.9008
vn -0.1006 -0.4427 0.8910
vn -0.2873 -0.4402 0.8507
vn -0.3361 -0.4344 0.8356
vn 0.2721 -0.4476 0.8518
vn -0.5321 -0.4451 0.7203
vn 0.5159 -0.4607 0.7223
vn -0.7104 -0.4350 0.5533
vn 0.6239 -0.4555 0.6350
vn -0.7308 -0.4301 0.5300
vn 0.7300 -0.4741 0.4923
vn -0.8747 -0.4494 0.1814
vn 0.8886 -0.4584 0.0123
vn -0.8647 -0.3955 -0.3096
vn 0.8596 -0.4013 -0.3164
vn -0.7915 -0.3795 -0.4790
vn 0.7989 -0.3967 -0.4521
vn -0.6617 -0.3812 -0.6456
vn 0.6423 -0.3919 -0.6587
vn -0.4600 -0.3747 -0.8050
vn 0.4185 -0.3800 -0.8249
vn -0.2745 -0.3686 -0.8881
vn 0.2253 -0.3679 -0.9022
vn -0.1057 -0.3621 -0.9261
vn 0.0942 -0.3592 -0.9285
vn 0.0211 -0.3580 -0.9335
vn 0.3727 -0.4017 -0.8365
vn 0.1892 -0.4210 -0.8871
vn 0.0761 -0.4307 -0.8993
vn 0.0171 -0.4356 -0.9000
vn -0.0878 -0.4332 -0.8970
vn -0.2348 -0.4239 -0.8747
vn 0.6104 -0.3634 -0.7039
vn -0.4142 -0.4002 -0.8175
vn 0.8013 -0.3195 -0.5058
vn -0.6273 -0.3634 -0.6888
vn 0.8919 -0.2867 -0.3498
vn -0.7860 -0.3187 -0.5297
vn 0.9508 -0.3087 0.0252
vn -0.8885 -0.3013 -0.3462
vn 0.7642 -0.3396 0.5483
vn -0.9206 -0.3203 0.2233
vn 0.6341 -0.3657 0.6814
vn -0.7472 -0.3105 0.5876
vn 0.4948 -0.4170 0.7624
vn -0.7179 -0.3487 0.6025
vn 0.2455 -0.4378 0.8649
vn -0.5080 -0.4054 0.7600
vn 0.1688 -0.4487 0.8776
vn -0.3119 -0.4218 0.8513
vn 0.0736 -0.4622 0.8837
vn -0.2613 -0.4373 0.8605
vn -0.0163 -0.4597 0.8879
vn -0.0801 -0.4540 0.8874
vn 0.0886 -0.6799 0.7280
vn 0.0391 -0.6709 0.7405
vn 0.0172 -0.6652 0.7464
vn -0.0177 -0.9998 0.0003
vn 0.1527 -0.6664 0.7298
vn -0.0160 -0.6867 0.7268
vn -0.1994 -0.6863 0.6995
vn 0.3565 -0.6537 0.6675
vn -0.2220 -0.6552 0.7221
vn 0.4005 -0.6616 0.6340
vn -0.3850 -0.6313 0.6732
vn -0.5117 -0.6594 0.5507
vn -0.5535 -0.6591 0.5091
vn 0.7826 -0.6225 0.0067
vn -0.7795 -0.5995 0.1816
vn 0.7234 -0.5920 -0.3554
vn -0.7493 -0.5682 -0.3403
vn 0.6579 -0.6123 -0.4384
vn -0.6431 -0.6154 -0.4557
vn 0.4889 -0.6500 -0.5818
vn -0.5138 -0.6383 -0.5732
vn 0.2645 -0.6478 -0.7144
vn -0.3135 -0.6510 -0.6913
vn 0.1135 -0.6385 -0.7612
vn -0.1624 -0.6433 -0.7482
vn 0.0392 -0.6475 -0.7611
vn -0.0565 -0.6463 -0.7610
vn 0.0093 -0.6510 -0.7590
vn -0.3358 -0.2865 0.8973
vn 0.0279 -0.2958 0.9548
vn 0.0006 -0.4284 0.9036
vn -0.2545 -0.4753 0.8422
vn 0.0011 -0.8735 0.4869
vn -0.4841 -0.5901 0.6461
vn -0.6209 -0.2575 0.7404
vn -0.0886 -0.8928 0.4416
vn 0.0096 -0.9783 0.2071
vn -0.1929 -0.9336 0.3018
vn -0.5812 -0.6651 0.4688
vn -0.7621 -0.2605 0.5928
vn -0.0711 -0.9784 0.1939
vn 0.0076 -0.9691 0.2465
vn -0.1768 -0.9616 0.2100
vn -0.2878 -0.9221 0.2585
vn -0.5501 -0.7819 0.2932
vn -0.8666 -0.2802 0.4129
vn -0.1201 -0.9511 0.2847
vn -0.0044 -0.8768 0.4808
vn -0.2679 -0.9026 0.3369
vn -0.1881 -0.8258 0.5317
vn -0.0213 -0.5682 0.8226
vn -0.2631 -0.9386 0.2233
vn -0.2856 -0.9375 0.1989
vn -0.5035 -0.8447 0.1818
vn -0.9165 -0.2984 0.2664
vn -0.3818 -0.8479 0.3678
vn -0.2976 -0.9238 0.2410
vn -0.2672 -0.9467 0.1797
vn -0.4099 -0.9082 0.0843
vn -0.9460 -0.3166 0.0703
vn -0.4752 -0.8796 -0.0228
vn -0.9550 -0.2801 -0.0975
vn -0.9168 -0.1157 -0.3822
vn -0.2945 -0.9448 0.1435
vn -0.3047 -0.9057 0.2946
vn -0.4192 -0.8147 0.4006
vn -0.5265 -0.8171 -0.2348
vn -0.7144 0.2773 -0.6425
vn -0.4948 -0.7586 -0.4239
vn -0.3481 0.8558 -0.3826
vn -0.3610 -0.8901 0.2783
vn -0.3990 -0.7970 0.4535
vn -0.3836 -0.9161 -0.1166
vn -0.3204 -0.9471 -0.0173
vn -0.4326 -0.8377 -0.3332
vn -0.3484 -0.9320 0.0996
vn -0.1791 -0.8455 -0.5030
vn -0.1777 -0.8294 -0.5296
vn 0.0444 -0.8812 -0.4706
vn 0.0252 -0.8830 -0.4687
vn -0.4752 -0.8546 0.2094
vn -0.6215 -0.7682 0.1538
vn -0.5544 -0.7506 0.3594
vn -0.4424 -0.7781 0.4459
vn -0.7026 -0.6718 0.2347
vn -0.8511 -0.5023 0.1525
vn -0.8742 -0.4490 0.1848
vn -0.9601 -0.2627 0.0964
vn -0.7568 -0.5731 0.3144
vn -0.5979 -0.6535 0.4642
vn -0.4812 -0.6767 0.5573
vn -0.9807 -0.1275 0.1485
vn -0.9878 0.0330 0.1524
vn -0.8948 -0.3709 0.2484
vn -0.8049 -0.4530 0.3833
vn -0.9256 -0.2145 0.3120
vn -0.9731 -0.0224 0.2293
vn -0.6269 -0.5448 0.5570
vn -0.4347 -0.6666 0.6055
vn -0.8465 -0.2699 0.4588
vn -0.4699 -0.5474 0.6925
vn -0.9774 0.0649 0.2012
vn -0.9820 0.0919 0.1648
vn -0.9214 -0.1149 0.3711
vn -0.4694 -0.6484 0.5994
vn -0.6509 -0.4481 0.6128
vn -0.8907 0.1751 0.4195
vn -0.4629 -0.6666 0.5843
vn -0.3621 -0.7396 0.5674
vn -0.3783 -0.4289 0.8203
vn -0.4457 -0.4247 0.7880
vn -0.2124 -0.5143 0.8309
vn -0.4166 -0.4510 0.7893
vn -0.3914 -0.5171 0.7612
vn -0.4442 -0.4530 0.7730
vn -0.2865 -0.4038 0.8688
vn -0.3008 -0.2653 0.9161
vn -0.3901 -0.2437 0.8879
vn -0.7316 -0.2363 0.6394
vn -0.4499 -0.3237 0.8323
vn -0.2132 -0.3682 0.9050
vn -0.8624 -0.0729 0.5009
vn -0.7597 -0.0670 0.6468
vn -0.8199 0.1990 0.5369
vn -0.5058 -0.1300 0.8528
vn -0.1567 -0.1813 0.9709
vn -0.7265 0.2229 0.6500
vn -0.7562 0.3738 0.5370
vn -0.2239 -0.3298 0.9171
vn -0.9109 0.1780 0.3722
vn -0.9733 0.1035 0.2051
vn -0.9731 0.1020 0.2063
vn -0.9791 0.1085 0.1723
vn -0.9568 0.1514 0.2484
vn -0.9789 0.1229 0.1630
vn -0.9739 0.1806 0.1376
vn -0.9583 0.2051 0.1991
vn -0.9314 0.3537 0.0860
vn -0.9223 0.3490 0.1658
vn -0.8214 0.5695 0.0307
vn -0.9252 0.1176 0.3607
vn -0.9282 0.0668 0.3661
vn -0.8251 0.2391 0.5118
vn -0.8814 0.1006 0.4615
vn -0.8625 0.0989 0.4963
vn -0.8504 0.0463 0.5241
vn -0.8250 0.5595 0.0793
vn -0.8652 0.3910 0.3139
vn -0.5866 0.8097 0.0155
vn -0.5990 0.8004 -0.0237
vn -0.7718 0.6036 0.2000
vn -0.3359 0.9412 -0.0363
vn -0.3511 0.9339 -0.0681
vn -0.1529 0.9853 -0.0768
vn -0.1901 0.9763 -0.1036
vn -0.0108 0.9989 -0.0449
vn -0.8836 0.2866 0.3702
vn -0.7086 0.4693 0.5269
vn -0.6448 0.6813 0.3466
vn -0.4938 0.8598 0.1301
vn -0.8739 0.2357 0.4251
vn -0.7538 0.1247 0.6451
vn -0.6370 0.2842 0.7166
vn -0.6835 0.3696 0.6295
vn -0.5241 0.4947 0.6933
vn -0.4916 0.7272 0.4791
vn -0.3859 0.8994 0.2052
vn -0.7528 0.0549 0.6559
vn -0.2935 0.9544 0.0541
vn -0.4860 0.3713 0.7912
vn -0.3247 0.4967 0.8049
vn -0.3136 0.7481 0.5849
vn -0.2539 0.9304 0.2642
vn -0.1718 0.9836 0.0548
vn -0.0967 0.9939 0.0530
vn -0.1320 0.9436 0.3036
vn -0.1513 0.7582 0.6343
vn -0.1527 0.4998 0.8526
vn -0.4211 0.2670 0.8668
vn -0.3067 0.3437 0.8876
vn -0.2690 0.2392 0.9330
vn -0.3624 0.0277 0.9316
vn -0.5321 0.0808 0.8428
vn -0.5514 -0.0025 0.8342
vn -0.3580 -0.1438 0.9226
vn -0.4147 0.0286 0.9095
vn -0.5673 0.0636 0.8210
vn -0.1486 0.3296 0.9323
vn -0.1359 0.2141 0.9673
vn -0.2490 0.0274 0.9681
vn -0.2666 -0.2590 0.9283
vn -0.2493 -0.2785 0.9275
vn -0.1384 0.0644 0.9883
vn -0.2560 -0.0872 0.9627
vn -0.0361 0.4972 0.8669
vn -0.0359 0.2058 0.9779
vn -0.1943 -0.2457 0.9497
vn -0.0321 0.7576 0.6520
vn -0.0363 0.3231 0.9457
vn -0.0225 0.9503 0.3104
vn 0.0831 0.5030 0.8603
vn -0.0152 0.9963 0.0842
vn 0.0895 0.7614 0.6421
vn 0.0880 0.9463 0.3111
vn 0.0686 0.9959 0.0593
vn 0.0654 0.2179 0.9738
vn 0.0781 0.3333 0.9396
vn 0.2585 0.5046 0.8237
vn 0.2558 0.7551 0.6037
vn 0.2130 0.9359 0.2807
vn 0.1436 0.9874 0.0666
vn -0.0346 0.0829 0.9960
vn 0.1334 0.9889 -0.0657
vn 0.1725 0.9810 -0.0893
vn 0.3157 0.9488 -0.0120
vn 0.3339 0.9417 -0.0423
vn 0.2657 0.9611 0.0749
vn 0.3494 0.9078 0.2320
vn 0.4405 0.7384 0.5107
vn 0.5664 0.8222 0.0568
vn 0.5814 0.8134 0.0190
vn 0.4641 0.8704 0.1645
vn 0.8032 0.5798 0.1369
vn 0.8029 0.5896 0.0884
vn 0.9131 0.3786 0.1513
vn 0.6033 0.6959 0.3895
vn 0.7414 0.6216 0.2528
vn 0.8987 0.3736 0.2296
vn 0.9562 0.2084 0.2056
vn 0.8311 0.4133 0.3719
vn 0.6600 0.4871 0.5720
vn 0.9359 0.2321 0.2651
vn 0.9609 0.1517 0.2316
vn 0.8485 0.3108 0.4282
vn 0.9328 0.1790 0.3129
vn 0.6315 0.3884 0.6711
vn 0.4646 0.5080 0.7253
vn 0.4236 0.3851 0.8199
vn 0.2386 0.3523 0.9050
vn 0.8374 0.2609 0.4803
vn 0.5825 0.3038 0.7540
vn 0.2006 0.2477 0.9478
vn 0.3564 0.2806 0.8912
vn 0.0702 0.0665 0.9953
vn 0.4761 0.1008 0.8736
vn 0.1832 0.0346 0.9825
vn 0.2996 0.0413 0.9532
vn -0.0298 -0.1059 0.9939
vn 0.1279 -0.1735 0.9765
vn 0.1913 -0.2725 0.9429
vn 0.2108 -0.2466 0.9459
vn -0.1877 -0.1719 0.9671
vn -0.2709 -0.2092 0.9396
vn -0.0237 -0.1486 0.9886
vn 0.2814 -0.3523 0.8926
vn 0.1596 -0.3242 0.9324
vn 0.2208 -0.2111 0.9522
vn 0.3048 -0.1263 0.9440
vn 0.1351 -0.2364 0.9622
vn 0.7096 0.1489 0.6887
vn 0.8470 0.1265 0.5164
vn 0.5028 0.0172 0.8642
vn 0.1973 -0.0785 0.9772
vn 0.3346 -0.0439 0.9413
vn 0.5040 -0.1080 0.8569
vn -0.0176 -0.0233 0.9996
vn 0.8992 0.0940 0.4273
vn 0.7114 0.0766 0.6986
vn 0.9529 0.1310 0.2735
vn 0.9607 0.1378 0.2408
vn 0.9523 0.1309 0.2756
vn 0.9646 0.1207 0.2344
vn 0.9730 0.0617 0.2225
vn 0.8936 0.1371 0.4273
vn 0.9564 0.0951 0.2761
vn 0.8144 0.0709 0.5760
vn 0.9704 -0.0986 0.2205
vn 0.9588 -0.2321 0.1638
vn 0.5201 0.0809 0.8503
vn 0.6602 0.0597 0.7487
vn 0.8223 0.1101 0.5583
vn 0.8712 0.2007 0.4480
vn 0.9491 0.0009 0.3149
vn 0.3613 0.0416 0.9315
vn 0.7636 0.2549 0.5933
vn 0.8412 0.2023 0.5015
vn 0.6947 0.0547 0.7172
vn 0.8874 -0.0745 0.4549
vn 0.3787 0.0754 0.9224
vn 0.2601 0.0741 0.9627
vn 0.1631 0.0561 0.9850
vn 0.0979 0.0126 0.9951
vn 0.1346 0.0432 0.9900
vn 0.5054 0.0577 0.8610
vn 0.2053 0.0312 0.9782
vn 0.0763 -0.0519 0.9957
vn 0.2700 0.0329 0.9623
vn 0.5651 0.0273 0.8246
vn 0.3872 0.0474 0.9208
vn 0.6235 0.2359 0.7454
vn 0.6742 0.3954 0.6238
vn 0.2025 0.0589 0.9775
vn 0.1710 -0.0225 0.9850
vn 0.1660 0.1392 0.9762
vn 0.5446 0.1448 0.8261
vn -0.0297 0.1851 0.9823
vn 0.5209 0.4812 0.7051
vn 0.0703 -0.0155 0.9974
vn 0.2034 0.0583 0.9774
vn 0.1665 0.1390 0.9762
vn 0.1717 -0.0236 0.9849
vn 0.0249 0.0106 0.9996
vn 0.0707 -0.0163 0.9974
vn 0.0249 0.0100 0.9996
vn 0.0699 -0.0160 0.9974
vn 0.0252 0.0098 0.9996
vn 0.1715 -0.0247 0.9849
vn 0.2036 0.0572 0.9774
vn 0.1670 0.1383 0.9762
vn 0.0920 0.1973 0.9760
vn 0.0915 0.1977 0.9760
vn -0.0081 0.2043 0.9789
vn -0.0083 0.2045 0.9788
vn -0.1114 0.1444 0.9832
vn 0.0911 0.1978 0.9760
vn -0.1111 0.1450 0.9832
vn -0.1248 0.0808 0.9889
vn 0.0773 0.0685 0.9947
vn -0.0084 0.2047 0.9788
vn 0.0271 0.0686 0.9973
vn -0.1250 0.0812 0.9888
vn -0.0884 0.0663 0.9939
vn -0.1108 0.1453 0.9832
vn 0.0280 0.0158 0.9995
vn -0.0884 0.0666 0.9939
vn -0.0714 0.0559 0.9959
vn -0.0713 0.0561 0.9959
vn -0.1247 0.0816 0.9888
vn -0.0883 0.0670 0.9938
vn -0.0713 0.0564 0.9959
vn 0.1095 -0.0768 0.9910
vn 0.1379 -0.0376 0.9897
vn 0.3098 -0.0075 0.9508
vn 0.7979 0.0995 0.5945
vn 0.2476 -0.2664 0.9315
vn 0.2085 -0.0278 0.9776
vn 0.3586 -0.0571 0.9317
vn 0.3231 0.0322 0.9458
vn 0.4389 0.0560 0.8968
vn 0.4351 0.1253 0.8916
vn 0.5650 0.0495 0.8236
vn 0.5476 0.1495 0.8233
vn 0.3764 0.0853 0.9225
vn 0.3740 0.2982 0.8782
vn 0.5952 0.1680 0.7858
vn 0.5290 0.3073 0.7911
vn 0.6282 0.3296 0.7048
vn 0.0907 0.5847 0.8061
vn 0.3852 0.2009 0.9007
vn -0.0081 0.1061 0.9943
vn 0.0594 0.5232 0.8501
vn 0.7885 0.4424 0.4273
vn 0.9120 0.4069 -0.0510
vn 0.9964 0.0823 0.0210
vn 0.4191 0.8914 -0.1727
vn 0.3097 0.9177 0.2488
vn 0.1438 0.9673 -0.2087
vn -0.1699 0.6255 0.7615
vn 0.0191 0.9778 0.2086
vn -0.0570 0.9692 -0.2394
vn -0.0855 0.9827 0.1642
vn -0.1649 0.9535 -0.2522
vn -0.1244 0.6919 0.7112
vn -0.1003 0.9847 0.1424
vn -0.2660 0.9438 -0.1962
vn 0.0172 0.7147 0.6993
vn -0.1322 0.9782 0.1602
vn -0.3359 0.9322 -0.1349
vn -0.1571 0.6726 0.7232
vn -0.0952 0.9591 0.2664
vn -0.4830 0.8615 -0.1567
vn 0.2147 0.6663 0.7141
vn -0.1886 0.9445 0.2690
vn -0.8680 0.4780 -0.1348
vn -0.1805 0.6461 0.7416
vn -0.2285 0.3991 0.8880
vn 0.0362 0.7111 0.7021
vn 0.3866 0.5601 0.7327
vn -0.5833 0.6441 0.4949
vn -0.9566 0.2753 -0.0952
vn 0.4701 0.3792 0.7970
vn -0.1464 0.3799 0.9134
vn 0.2529 0.7107 0.6564
vn 0.4255 0.6369 0.6429
vn 0.1088 0.4119 0.9047
vn 0.5569 0.4940 0.6677
vn 0.3581 0.4768 0.8028
vn 0.7577 0.2076 0.6187
vn 0.6621 0.2278 0.7139
vn 0.8218 -0.0428 0.5682
vn 0.4335 0.1477 0.8890
vn 0.1480 0.0454 0.9879
vn 0.7138 -0.0460 0.6988
vn 0.9029 -0.1722 0.3938
vn 0.8239 -0.2150 0.5244
vn 0.8901 -0.3260 0.3187
vn 0.4532 -0.1375 0.8807
vn -0.0916 0.0500 0.9945
vn 0.8741 -0.4189 0.2459
vn 0.8556 -0.4723 0.2117
vn 0.7957 -0.4117 0.4443
vn 0.6871 -0.2132 0.6946
vn 0.7531 -0.5450 0.3684
vn 0.6231 -0.4204 0.6595
vn 0.1708 -0.2073 0.9632
vn 0.1687 -0.3759 0.9112
vn 0.4087 -0.3254 0.8527
vn 0.6113 -0.5188 0.5977
vn 0.7079 -0.6467 0.2841
vn 0.6368 -0.7448 0.1994
vn 0.4130 -0.4398 0.7975
vn 0.5891 -0.6312 0.5045
vn 0.4893 -0.8370 0.2449
vn 0.3701 -0.9206 0.1246
vn 0.1747 -0.3692 0.9128
vn 0.4539 -0.5419 0.7073
vn 0.5544 -0.7305 0.3988
vn 0.2475 -0.4033 0.8809
vn 0.4679 -0.6612 0.5864
vn 0.4375 -0.7627 0.4763
vn 0.3665 -0.5175 0.7732
vn 0.1210 -0.1921 0.9739
vn 0.3709 -0.8767 0.3065
vn 0.4170 -0.6572 0.6279
vn 0.3910 -0.7843 0.4816
vn 0.2482 -0.2596 0.9333
vn 0.4495 -0.6479 0.6150
vn 0.3840 -0.4527 0.8047
vn 0.3125 -0.8946 0.3194
vn 0.4099 -0.8034 0.4318
vn 0.3128 -0.9357 0.1631
vn 0.4380 -0.6659 0.6039
vn 0.3240 -0.2249 0.9189
vn 0.3073 -0.1358 0.9419
vn 0.3980 -0.4296 0.8106
vn 0.3499 -0.7321 0.5845
vn 0.3828 -0.8355 0.3943
vn 0.3050 -0.9134 0.2697
vn 0.2788 -0.9399 0.1970
vn 0.4243 -0.9003 0.0968
vn 0.4944 -0.8692 0.0014
vn 0.3372 -0.9414 0.0064
vn 0.5488 -0.8157 -0.1829
vn 0.4057 -0.9104 -0.0807
vn 0.4718 -0.8352 -0.2826
vn 0.9333 -0.3488 -0.0856
vn 0.9292 -0.3626 0.0715
vn 0.8950 -0.2484 -0.3706
vn 0.5098 -0.8364 0.2012
vn 0.9051 -0.3240 0.2752
vn 0.5461 -0.7541 -0.3648
vn 0.6872 0.2118 -0.6949
vn 0.2361 -0.7965 -0.5566
vn 0.5248 0.5100 -0.6815
vn 0.2363 -0.8487 -0.4731
vn 0.2971 -0.9306 0.2138
vn 0.5571 -0.7724 0.3050
vn 0.8659 -0.2880 0.4090
vn 0.2791 -0.9275 0.2485
vn 0.5848 -0.6541 0.4797
vn 0.7679 -0.2561 0.5871
vn 0.2981 -0.9153 0.2709
vn 0.2805 -0.8934 0.3509
vn 0.4861 -0.5853 0.6490
vn 0.6358 -0.2394 0.7338
vn 0.2070 -0.9289 0.3072
vn 0.2002 -0.9534 0.2257
vn 0.2589 -0.4755 0.8408
vn 0.3688 -0.2689 0.8898
vn 0.0961 -0.8928 0.4400
vn 0.0925 -0.9752 0.2011
vn 0.1328 -0.9475 0.2907
vn 0.0075 -0.9691 0.2464
vn 0.1783 -0.8227 0.5398
vn 0.1691 -0.5111 0.8427
vn 0.3302 -0.4259 0.8424
vn 0.1849 -0.3987 0.8982
vn 0.3363 -0.2943 0.8946
vn 0.3929 -0.2559 0.8832
vn -0.0265 -0.4420 0.8966
vn 0.2425 -0.3744 0.8950
vn -0.0279 -0.4315 0.9017
vn 0.3677 0.1604 0.9160
vn 0.1903 0.3092 0.9318
vn -0.0215 0.3751 0.9267
vn 0.2842 0.0229 0.9585
vn 0.0382 -0.1109 0.9931
vn -0.2468 0.9621 0.1162
vn -0.4696 0.8793 -0.0791
vn -0.0824 0.9826 0.1664
vn -0.0501 0.9776 0.2046
vn 0.0099 0.9841 0.1772
vn -0.7711 -0.3434 0.5361
vn 0.0583 0.9801 0.1900
vn 0.2272 -0.4975 0.8372
vn 0.2573 -0.9662 -0.0188
vn -0.2440 0.3183 0.9161
vn -0.4062 0.1839 0.8951
vn 0.0997 0.9828 0.1558
vn -0.2983 -0.3724 0.8788
vn -0.3226 0.0753 0.9435
vn 0.2494 0.9639 0.0934
vn -0.4385 -0.2577 0.8610
vn -0.2369 -0.3991 0.8858
vn -0.3915 -0.3018 0.8693
vn -0.3581 -0.1398 0.9232
vn -0.0894 -0.1730 0.9809
vn 0.3592 0.9307 -0.0694
vn 0.3753 -0.4417 0.8149
vn -0.1506 -0.2460 0.9575
vn -0.0728 -0.1592 0.9846
vn -0.2464 -0.4227 0.8721
vn -0.2575 -0.9534 0.1573
vn -0.2548 -0.9543 0.1562
vn -0.3225 -0.3017 0.8972
vn -0.1887 -0.9675 0.1682
vn -0.1668 -0.0005 0.9860
vn -0.3248 -0.0861 0.9419
vn -0.1270 -0.9667 0.2222
vn -0.2284 -0.1710 0.9584
vn -0.5028 0.1514 0.8510
vn -0.2478 -0.0504 0.9675
vn -0.0157 -0.9637 0.2664
vn -0.0340 -0.0670 0.9972
vn 0.1241 -0.9653 0.2297
vn -0.1690 0.4700 0.8663
vn 0.1837 -0.0421 0.9821
vn 0.2146 -0.9553 0.2034
vn -0.2136 0.0727 0.9742
vn -0.6350 0.4948 0.5932
vn -0.2044 0.2849 0.9365
vn -0.0156 0.5139 0.8577
vn 0.2738 -0.0526 0.9603
vn 0.2864 -0.9489 0.1324
vn 0.2906 -0.2949 0.9103
vn 0.1312 0.3074 0.9425
vn 0.1075 0.0068 0.9942
vn -0.0212 -0.0076 0.9997
vn 0.1069 -0.3010 0.9476
vn 0.0161 -0.2010 0.9795
vn 0.1103 0.4960 0.8613
vn 0.0353 0.2570 0.9658
vn -0.1741 0.1219 0.9772
vn 0.0954 0.4401 0.8929
vn -0.1007 0.2601 0.9603
vn -0.0117 0.4428 0.8966
vn 0.1526 0.2526 0.9555
vn -0.1051 0.3388 0.9350
vn -0.1498 0.4246 0.8929
vn -0.2307 0.2662 0.9359
vn -0.0099 0.2089 0.9779
vn -0.1012 0.2356 0.9666
vn -0.2030 0.2571 0.9448
vn -0.0505 0.0025 0.9987
vn 0.1069 0.1131 0.9878
vn 0.0147 0.2640 0.9644
vn 0.0343 0.0596 0.9976
vn 0.4641 -0.2877 0.8378
vn 0.2816 -0.3948 0.8745
vn -0.0100 -0.4591 0.8883
vn -0.0107 -0.7602 0.6496
vn 0.2499 -0.7395 0.6251
vn -0.2343 -0.7521 0.6160
vn 0.5994 -0.0625 0.7980
vn -0.2862 -0.3947 0.8731
vn 0.5896 -0.5668 0.5755
vn 0.3463 -0.5871 0.7317
vn 0.8762 -0.1661 0.4523
vn 0.7990 0.2926 0.5253
vn 0.0321 0.4092 0.9119
vn 0.1671 0.2916 0.9418
vn -0.5090 -0.3257 0.7968
vn -0.1922 0.2044 0.9598
vn 0.1178 0.5573 0.8219
vn -0.5714 -0.6160 0.5423
vn 0.7765 0.5028 0.3799
vn 0.5930 0.4267 0.6829
vn 0.7750 0.4949 0.3930
vn 0.6911 0.5260 0.4956
vn 0.7325 0.6394 0.2339
vn 0.8147 0.5611 0.1465
vn 0.9224 0.3277 0.2045
vn 0.6767 -0.0789 0.7320
vn 0.7883 0.3013 0.5365
vn 0.2570 -0.6632 0.7029
vn 0.4639 -0.1392 0.8749
vn 0.7364 0.6151 0.2817
vn 0.5595 0.2955 0.7744
vn 0.1964 -0.6051 0.7716
vn 0.6204 0.7014 0.3510
vn 0.2404 -0.2082 0.9481
vn 0.0180 -0.6111 0.7913
vn 0.3702 0.3795 0.8479
vn 0.4922 0.7928 0.3595
vn 0.0104 -0.1954 0.9807
vn -0.0083 0.4050 0.9143
vn 0.4174 0.8080 0.4158
vn -0.1904 -0.6290 0.7538
vn 0.4777 0.6561 0.5843
vn 0.0099 0.9265 0.3762
vn -0.2776 -0.7063 0.6512
vn -0.2438 -0.2266 0.9430
vn 0.4387 0.3492 0.8280
vn -0.3582 -0.6322 0.6871
vn -0.5055 -0.1717 0.8456
vn -0.7128 -0.1038 0.6937
vn -0.3889 0.3745 0.8417
vn -0.0041 0.7575 0.6528
vn -0.0013 0.2280 0.9737
vn -0.8994 -0.2000 0.3888
vn -0.6153 0.2713 0.7401
vn -0.8301 0.2954 0.4730
vn -0.6840 -0.0986 0.7228
vn -0.7781 0.5889 0.2184
vn -0.9389 0.3155 0.1377
vn 0.1298 0.1875 0.9736
vn -0.6540 0.6910 0.3080
vn -0.8462 0.2626 0.4637
vn -0.8366 0.5418 0.0809
vn -0.8082 0.4913 0.3248
vn -0.1256 0.4996 0.8571
vn 0.1789 0.3724 0.9107
vn 0.1079 0.3890 0.9149
vn -0.1695 0.4496 0.8770
vn -0.4397 0.4872 0.7545
vn -0.8141 0.4667 0.3457
vn -0.6092 0.4017 0.6838
vn -0.7643 0.6212 0.1733
vn -0.4158 0.8201 0.3930
vn 0.0190 0.9258 0.3775
vn -0.5023 0.8049 0.3161
vn -0.5011 0.6541 0.5667
vn -0.7269 0.5094 0.4605
vn -0.0010 0.4036 0.9149
vn -0.6648 0.3084 0.6804
vn -0.4670 0.3395 0.8165
vn -0.4090 0.1954 0.8913
vn -0.6464 0.1532 0.7474
vn -0.4028 0.0796 0.9118
vn -0.6200 0.0339 0.7839
vn -0.3747 -0.0465 0.9260
vn -0.5651 -0.1179 0.8166
vn -0.3382 -0.3564 0.8710
vn -0.3167 -0.2787 0.9067
vn -0.4434 -0.0704 0.8936
vn -0.5242 0.0400 0.8507
vn -0.2194 -0.3354 0.9162
vn -0.6220 0.1343 0.7714
vn -0.5937 0.3053 0.7445
vn -0.1450 0.5763 0.8043
vn 0.1441 0.6371 0.7572
vn 0.1276 0.6914 0.7111
vn -0.0846 0.7482 0.6581
vn 0.0826 0.7328 0.6754
vn -0.3279 0.7350 0.5935
vn -0.0663 0.7574 0.6496
vn -0.5067 0.6556 0.5599
vn -0.2782 0.7193 0.6366
vn 0.1935 0.7333 -0.6518
vn -0.5902 0.5119 0.6242
vn -0.6804 0.2576 0.6861
vn -0.5478 0.4291 0.7182
vn -0.4732 0.6067 0.6387
vn -0.7392 0.0437 0.6721
vn 0.3341 0.6992 -0.6320
vn 0.4453 0.7093 -0.5465
vn -0.6018 0.1697 0.7804
vn -0.7009 0.0391 0.7122
vn -0.5973 0.0201 0.8018
vn 0.6850 0.6616 -0.3050
vn -0.5372 0.0368 0.8427
vn 0.9198 0.3380 0.1993
vn -0.4191 0.0506 0.9065
vn 0.1645 0.1322 0.9775
vn -0.3121 0.0514 0.9487
vn -0.3930 0.0193 0.9194
vn -0.2254 0.0423 0.9733
vn -0.2833 -0.0178 0.9589
vn -0.1660 0.0041 0.9861
vn -0.1474 -0.0604 0.9872
vn -0.2386 -0.0241 0.9708
vn -0.1463 0.0538 0.9878
vn -0.1835 -0.0793 0.9798
vn -0.1924 0.0081 0.9813
vn -0.0964 0.0752 0.9925
vn -0.2753 -0.0219 0.9611
vn -0.0837 0.0527 0.9951
vn -0.3721 0.0374 0.9274
vn -0.1493 0.0197 0.9886
vn -0.4932 0.1141 0.8624
vn -0.2805 0.0271 0.9595
vn -0.4497 0.3135 0.8363
vn -0.0921 0.6082 0.7884
vn 0.1246 0.6779 0.7245
vn 0.0229 0.8070 -0.5901
vn -0.1865 0.8971 -0.4006
vn -0.4518 0.8879 -0.0869
vn -0.8439 0.4285 0.3228
vn -0.8061 0.0735 0.5872
vn -0.9982 0.0370 -0.0464
vn -0.9001 0.3962 -0.1812
vn -0.4585 0.7627 -0.4561
vn -0.2104 0.7266 -0.6540
vn 0.0257 0.6336 -0.7732
vn 0.2256 0.5671 -0.7921
vn 0.3795 0.5421 -0.7498
vn 0.5250 0.5477 -0.6514
vn 0.7409 0.4809 -0.4688
vn 0.9484 0.2648 -0.1746
vn 0.9857 0.1610 -0.0500
vn -0.0974 0.0094 0.9952
vn -0.1369 -0.0116 0.9905
vn -0.0975 0.0090 0.9952
vn -0.2382 -0.0236 0.9709
vn -0.1372 -0.0122 0.9905
vn -0.0973 0.0088 0.9952
vn -0.1365 -0.0122 0.9906
vn -0.2390 -0.0246 0.9707
vn -0.2386 -0.0254 0.9708
vn -0.2760 0.0488 0.9599
vn -0.2767 0.0482 0.9597
vn -0.2773 0.0471 0.9596
vn -0.2416 0.1324 0.9613
vn -0.2421 0.1322 0.9612
vn -0.2428 0.1317 0.9611
vn -0.1689 0.1932 0.9665
vn -0.1693 0.1931 0.9665
vn -0.1697 0.1928 0.9664
vn -0.0712 0.2052 0.9761
vn -0.0714 0.2052 0.9761
vn -0.0717 0.2052 0.9761
vn 0.0150 0.1656 0.9861
vn 0.0152 0.1654 0.9861
vn 0.0155 0.1650 0.9862
vn 0.0325 0.1065 0.9938
vn 0.0326 0.1061 0.9938
vn 0.0325 0.1057 0.9939
vn 0.0107 0.0774 0.9969
vn -0.0043 0.0620 0.9981
vn 0.0109 0.0771 0.9970
vn 0.0109 0.0768 0.9970
vn -0.0042 0.0618 0.9981
vn -0.0041 0.0615 0.9981
vn 0.9143 0.2179 -0.3414
vn -0.1378 -0.9695 0.2025
vn 0.9962 -0.0680 -0.0540
vn -0.1401 -0.9874 -0.0740
vn 0.1918 -0.9620 0.1944
vn 0.9790 0.0499 0.1977
vn -0.0663 -0.9860 -0.1530
vn 0.0718 -0.9945 0.0760
vn 0.2441 -0.9157 0.3193
vn 0.3405 0.1270 0.9316
vn -0.0329 -0.9830 -0.1805
vn -0.0100 -0.9996 -0.0281
vn 0.1342 -0.9665 0.2190
vn 0.1344 -0.4865 0.8633
vn -0.0390 0.2283 0.9728
vn 0.1004 -0.6031 0.7913
vn -0.0030 -0.7113 0.7029
vn 0.0230 -0.9911 0.1314
vn -0.0015 -0.9828 -0.1849
vn -0.0371 -0.9974 -0.0621
vn -0.0481 -0.9951 0.0865
vn 0.0486 -0.9845 -0.1686
vn -0.0114 -0.9978 -0.0646
vn -0.0776 -0.7766 0.6252
vn 0.1050 -0.9855 -0.1330
vn 0.2863 -0.9489 0.1324
vn 0.0150 -0.9987 -0.0497
vn -0.0227 -0.9959 0.0879
vn 0.2360 -0.9679 -0.0869
vn 0.2574 -0.9661 -0.0188
vn -0.0491 -0.7783 0.6259
vn 0.0842 -0.9963 -0.0186
vn 0.0024 -0.9952 0.0982
vn 0.2152 -0.9744 0.0645
vn -0.7712 -0.3434 0.5361
vn -0.8867 0.0298 -0.4614
vn -0.0185 -0.7780 0.6280
vn 0.1459 -0.9876 0.0571
vn -0.1404 -0.9804 0.1382
vn -0.9927 -0.1016 -0.0646
vn 0.0766 -0.9911 0.1088
vn -0.2376 -0.9086 0.3434
vn -0.9620 -0.0079 0.2729
vn 0.1006 -0.9814 0.1632
vn 0.0126 -0.7748 0.6321
vn 0.0509 -0.7416 0.6689
vn -0.1375 -0.4396 0.8876
vn -0.3910 0.1611 0.9062
vn -0.7712 -0.3433 0.5361
vn -0.4359 0.8139 -0.3842
vn -0.2469 0.9621 0.1161
vn -0.3524 0.8722 -0.3392
vn -0.0823 0.9826 0.1664
vn -0.5555 0.7791 -0.2907
vn -0.2304 0.9296 -0.2877
vn -0.0500 0.9776 0.2046
vn -0.3762 0.8627 -0.3381
vn -0.5750 0.8172 -0.0400
vn -0.3910 0.1612 0.9062
vn -0.1454 0.9527 -0.2670
vn -0.2739 0.8953 -0.3514
vn -0.3770 0.9096 -0.1744
vn -0.3247 0.6603 0.6772
vn -0.0390 0.2284 0.9728
vn -0.2410 0.8456 0.4763
vn -0.2304 0.8994 0.3715
vn -0.2839 0.9306 -0.2311
vn 0.0088 0.9632 -0.2687
vn -0.1683 0.9192 -0.3560
vn -0.1844 0.9524 -0.2429
vn 0.1799 0.9459 -0.2701
vn 0.0998 0.9827 0.1558
vn -0.0080 0.9317 -0.3632
vn -0.1713 0.9232 0.3441
vn 0.2784 0.9211 -0.2720
vn 0.2495 0.9639 0.0934
vn 0.1892 0.9149 -0.3565
vn -0.0174 0.9673 -0.2530
vn 0.3527 0.8855 -0.3025
vn -0.0378 0.9465 0.3204
vn 0.3095 0.8861 -0.3450
vn 0.1787 0.9530 -0.2447
vn 0.3610 0.8369 -0.4114
vn 0.3754 -0.4416 0.8149
vn 0.0918 0.9305 0.3547
vn 0.3756 0.8676 -0.3259
vn 0.3946 0.8740 -0.2837
vn 0.3070 0.9256 -0.2213
vn 0.4160 0.9073 -0.0606
vn 0.3813 0.9142 -0.1375
vn 0.1786 0.8927 0.4137
vn 0.2282 0.8006 0.5540
vn 0.2728 0.7215 0.6365
vn 0.3406 0.1270 0.9316
vn 0.9840 -0.1625 0.0734
vn 0.9840 -0.1621 0.0733
vn 0.9328 -0.3435 0.1093
vn 0.9533 -0.2857 0.0980
vn 0.7371 -0.6547 0.1672
vn 0.7728 -0.6141 0.1599
vn 0.5171 -0.8330 0.1965
vn 0.5600 -0.8059 0.1924
vn 0.2965 -0.9319 0.2089
vn 0.3296 -0.9209 0.2079
vn 0.0654 -0.9757 0.2093
vn 0.0850 -0.9741 0.2097
vn -0.2235 -0.9553 0.1938
vn -0.2156 -0.9569 0.1944
vn -0.5428 -0.8256 0.1540
vn -0.5568 -0.8167 0.1515
vn -0.8237 -0.5604 0.0870
vn -0.8394 -0.5374 0.0815
vn -0.9489 -0.3140 0.0300
vn -0.9566 -0.2903 0.0246
vn -0.9891 -0.1470 -0.0070
vn 0.9895 -0.1287 0.0655
vn 0.9895 -0.1288 0.0656
vn 0.9494 -0.2980 0.0989
vn 0.9576 -0.2722 0.0939
vn 0.8236 -0.5480 0.1461
vn 0.8427 -0.5196 0.1409
vn 0.5474 -0.8144 0.1928
vn 0.5666 -0.8016 0.1907
vn 0.2359 -0.9488 0.2102
vn 0.2295 -0.9503 0.2102
vn -0.0518 -0.9774 0.2051
vn -0.0711 -0.9763 0.2042
vn -0.2835 -0.9403 0.1883
vn -0.3162 -0.9305 0.1850
vn -0.5055 -0.8478 0.1601
vn -0.5481 -0.8223 0.1531
vn -0.7274 -0.6764 0.1152
vn -0.7644 -0.6361 0.1052
vn -0.9287 -0.3684 0.0423
vn -0.9507 -0.3087 0.0288
vn -0.9821 -0.1883 0.0022
vn -0.9821 -0.1884 0.0020
vn -0.5833 0.3050 0.7528
vn -0.0095 0.4075 0.9132
vn -0.7522 0.5679 -0.3342
vn 0.0411 0.9293 -0.3671
vn 0.5211 0.2990 0.7994
vn 0.9190 0.3935 -0.0244
vn 0.0559 0.2229 -0.9732
vn -0.5250 0.0611 -0.8489
vn 0.4833 0.1301 -0.8657
vn 0.9972 -0.0396 0.0632
vn 0.3480 0.0319 -0.9370
vn 0.3719 0.1510 0.9159
vn 0.0550 0.0650 -0.9964
vn -0.1721 0.0045 -0.9851
vn -0.0136 0.1944 0.9808
vn -0.4197 0.1571 0.8940
vn -0.9931 -0.1132 0.0315
vn -0.5157 0.1681 -0.8401
vn -0.3154 0.0454 -0.9479
vn -0.9856 -0.0211 0.1677
vn -0.9241 0.3694 0.0982
vn -0.6357 0.3014 0.7107
vn -0.4985 0.1627 0.8515
vn -0.0630 0.4440 0.8938
vn -0.0619 0.2121 0.9753
vn 0.3404 0.1797 0.9230
vn 0.5112 0.3459 0.7868
vn 0.9895 -0.1111 0.0928
vn 0.7898 0.6107 -0.0566
vn 0.5293 0.0803 -0.8446
vn 0.2257 0.0072 -0.9742
vn 0.0110 0.2537 -0.9672
vn 0.0167 0.0646 -0.9978
vn 0.0110 0.2536 -0.9672
vn -0.0334 0.9951 -0.0934
vn -0.5158 0.1681 -0.8400
vn -0.9241 0.3694 0.0981
vn 0.5195 0.3307 0.7879
vn 0.7874 0.5986 -0.1473
vn -0.0604 0.4305 0.9006
vn -0.0292 0.9811 -0.1913
vn -0.5758 0.3120 0.7557
vn -0.9290 0.3674 -0.0447
vn -0.4118 0.1540 -0.8982
vn 0.0109 0.2480 -0.9687
vn -0.9982 -0.0541 -0.0243
vn -0.4316 0.1566 0.8884
vn -0.2703 0.0291 -0.9623
vn 0.0159 0.0649 -0.9978
vn 0.2310 0.0061 -0.9729
vn 0.5582 0.0720 -0.8266
vn 0.9896 -0.1114 0.0906
vn 0.5195 0.3306 0.7879
vn 0.3463 0.1711 0.9224
vn -0.0603 0.4305 0.9006
vn -0.0590 0.2062 0.9767
vn -0.5699 0.3405 0.7479
vn -0.0044 0.4456 0.8952
vn -0.7900 0.6025 -0.1135
vn 0.0311 0.9947 -0.0978
vn 0.0560 0.2506 -0.9665
vn 0.6286 0.2836 0.7242
vn 0.9041 0.3662 0.2201
vn -0.4678 0.0748 -0.8807
vn 0.6428 0.1633 -0.7485
vn -0.1549 0.0051 -0.9879
vn 0.0543 0.0647 -0.9964
vn 0.4133 0.0521 -0.9091
vn -0.9924 -0.1213 0.0212
vn -0.5699 0.3404 0.7479
vn -0.4079 0.1757 0.8960
vn 0.9456 -0.0114 0.3252
vn 0.9041 0.3662 0.2200
vn 0.4808 0.1582 0.8624
vn -0.0088 0.2110 0.9774
vn -0.4079 0.1758 0.8960
vn -0.2255 -0.2900 0.9301
vn 0.0338 -0.2652 0.9636
vn -0.2518 -0.0505 0.9665
vn 0.0316 -0.0027 0.9995
vn -0.3426 0.1137 0.9326
vn 0.0260 0.1360 0.9904
vn 0.3896 0.1388 0.9105
vn 0.2968 -0.0091 0.9549
vn 0.3416 -0.2409 0.9084
vn 0.9710 0.0184 -0.2383
vn 0.9221 -0.3146 -0.2254
vn 0.9798 0.0104 -0.1997
vn 0.2869 -0.3647 -0.8858
vn 0.2754 -0.1015 -0.9559
vn 0.2708 -0.1195 -0.9552
vn -0.0265 -0.1313 -0.9910
vn -0.0261 -0.1359 -0.9904
vn -0.3232 -0.1397 -0.9360
vn -0.0133 -0.4233 -0.9059
vn 0.0261 -0.9626 0.2696
vn 0.9221 -0.3145 -0.2254
vn 0.3417 -0.2410 0.9084
vn -0.8791 -0.4761 -0.0212
vn -0.3483 -0.3894 -0.8527
vn -0.3372 -0.1349 -0.9317
vn -0.9882 -0.0572 -0.1422
vn -0.9916 -0.1077 -0.0721
vn -0.8792 -0.4760 -0.0211
vn -0.2517 -0.0505 0.9665
vn 0.8783 -0.4766 -0.0373
vn 0.9936 -0.0593 -0.0958
vn 0.3049 -0.2443 0.9205
vn 0.3136 -0.0287 0.9491
vn 0.0362 -0.2280 0.9730
vn 0.3897 0.1385 0.9104
vn 0.9798 0.0103 -0.1996
vn 0.0280 0.0030 0.9996
vn 0.0262 0.1352 0.9905
vn -0.3424 0.1132 0.9327
vn -0.2370 -0.0104 0.9715
vn -0.2958 -0.2142 0.9309
vn -0.9848 -0.0215 -0.1722
vn -0.9211 -0.3611 -0.1453
vn -0.9881 -0.0576 -0.1425
vn -0.3263 -0.3110 -0.8926
vn -0.3311 -0.1148 -0.9366
vn -0.3234 -0.1396 -0.9359
vn -0.0265 -0.1309 -0.9910
vn -0.0262 -0.1357 -0.9904
vn 0.2709 -0.1196 -0.9551
vn -0.0218 -0.3765 -0.9262
vn 0.0310 -0.9994 -0.0182
vn 0.8783 -0.4767 -0.0373
vn 0.3374 -0.3086 -0.8894
vn 0.2994 -0.1186 -0.9467
vn 0.9936 -0.0592 -0.0959
vn -0.1739 -0.9648 0.1975
vn -0.1746 -0.9647 0.1974
vn -0.1738 -0.9648 0.1974
vn -0.1740 -0.9647 0.1975
vn -0.1749 -0.9646 0.1974
vn -0.1747 -0.9646 0.1974
vn -0.1751 -0.9646 0.1974
vn 0.1430 -0.9671 0.2105
vn 0.1427 -0.9671 0.2105
vn 0.1433 -0.9670 0.2105
vn 0.1428 -0.9671 0.2105
vn 0.1425 -0.9672 0.2105
vn 0.1429 -0.9671 0.2105
vn -0.1401 -0.9697 0.2001
vn -0.1399 -0.9697 0.2001
vn -0.1399 -0.9697 0.2002
vn -0.1393 -0.9698 0.2002
vn -0.1394 -0.9698 0.2002
vn 0.1856 -0.9598 0.2106
vn 0.1851 -0.9599 0.2106
vn 0.1853 -0.9598 0.2106
vn 0.1849 -0.9599 0.2106
vn 0.1855 -0.9598 0.2106
vn -0.0451 0.9936 0.1034
vn -0.3893 0.9180 0.0759
vn -0.0613 0.9644 0.2574
vn -0.3859 0.8930 0.2315
vn -0.6852 0.7246 0.0743
vn 0.2649 0.9150 0.3043
vn 0.3009 0.9413 0.1531
vn -0.6649 0.7107 0.2300
vn -0.8928 0.4395 0.0989
vn 0.5488 0.7517 0.3658
vn 0.6020 0.7681 0.2184
vn -0.8606 0.4419 0.2532
vn -0.9840 0.1014 0.1463
vn 0.7521 0.4964 0.4336
vn 0.8176 0.4973 0.2903
vn -0.9466 0.1231 0.2979
vn -0.9467 -0.2443 0.2101
vn 0.8472 0.1837 0.4986
vn 0.9185 0.1656 0.3592
vn -0.9114 -0.2028 0.3580
vn -0.7857 -0.5507 0.2818
vn 0.8213 -0.1443 0.5519
vn 0.8910 -0.1822 0.4157
vn -0.7596 -0.4918 0.4256
vn -0.5229 -0.7765 0.3515
vn 0.6780 -0.4432 0.5864
vn 0.7390 -0.4992 0.4524
vn -0.5118 -0.7047 0.4913
vn -0.1937 -0.8913 0.4100
vn 0.4365 -0.6727 0.5974
vn 0.4829 -0.7426 0.4641
vn -0.2015 -0.8129 0.5465
vn 0.1574 -0.8794 0.4493
vn 0.1296 -0.8017 0.5835
vn -0.7585 -0.0968 0.6444
vn -0.6393 -0.3238 0.6974
vn -0.4447 -0.4910 0.7491
vn -0.2009 -0.5760 0.7924
vn 0.0590 -0.5672 0.8215
vn 0.3001 -0.4659 0.8324
vn -0.7862 0.1591 0.5971
vn 0.4897 -0.2856 0.8238
vn -0.7186 0.4095 0.5620
vn 0.6023 -0.0509 0.7967
vn -0.5649 0.6206 0.5438
vn 0.6226 0.2067 0.7548
vn -0.3458 0.7638 0.5450
vn 0.5479 0.4523 0.7037
vn -0.0909 0.8198 0.5654
vn 0.3883 0.6528 0.6505
vn 0.1653 0.7811 0.6022
vn 0.3355 0.0413 0.9411
vn 0.3485 0.2064 0.9143
vn -0.1152 0.1683 0.9790
vn 0.2633 -0.1091 0.9585
vn 0.3006 0.3640 0.8816
vn 0.1417 -0.2247 0.9641
vn 0.1983 0.4925 0.8474
vn -0.0128 -0.2897 0.9570
vn 0.0553 0.5747 0.8165
vn -0.1795 -0.2953 0.9384
vn -0.1090 0.5996 0.7929
vn -0.3358 -0.2408 0.9106
vn -0.2723 0.5637 0.7798
vn -0.4606 -0.1336 0.8775
vn -0.4128 0.4719 0.7791
vn -0.5370 0.0119 0.8435
vn -0.5114 0.3365 0.7907
vn -0.5547 0.1760 0.8132
vn -0.0054 0.9924 0.1232
vn -0.3525 0.9264 0.1325
vn -0.0055 0.9607 0.2776
vn -0.3329 0.8984 0.2864
vn -0.6522 0.7409 0.1604
vn 0.3223 0.9019 0.2877
vn 0.3423 0.9300 0.1339
vn -0.6154 0.7236 0.3126
vn -0.8638 0.4610 0.2031
vn 0.6065 0.7300 0.3151
vn 0.6438 0.7477 0.1629
vn -0.8149 0.4597 0.3530
vn -0.9589 0.1246 0.2550
vn 0.8087 0.4682 0.3561
vn 0.8582 0.4700 0.2065
vn -0.9046 0.1425 0.4018
vn -0.9246 -0.2230 0.3089
vn 0.9014 0.1519 0.4054
vn 0.9565 0.1346 0.2588
vn -0.8722 -0.1853 0.4527
vn -0.7655 -0.5349 0.3576
vn 0.8723 -0.1762 0.4561
vn 0.9256 -0.2134 0.3125
vn -0.7222 -0.4794 0.4986
vn -0.5032 -0.7689 0.3945
vn 0.7252 -0.4718 0.5015
vn 0.7696 -0.5269 0.3607
vn -0.4748 -0.7000 0.5335
vn -0.1729 -0.8933 0.4148
vn 0.4800 -0.6950 0.5353
vn 0.5095 -0.7636 0.3966
vn -0.1635 -0.8173 0.5525
vn 0.1806 -0.8915 0.4155
vn 0.1698 -0.8156 0.5532
vn -0.6860 -0.0888 0.7221
vn -0.5682 -0.3197 0.7582
vn -0.3739 -0.4930 0.7856
vn -0.1294 -0.5851 0.8005
vn 0.1323 -0.5838 0.8011
vn 0.3759 -0.4891 0.7871
vn -0.7114 0.1687 0.6822
vn 0.5685 -0.3138 0.7605
vn -0.6410 0.4178 0.6438
vn 0.6841 -0.0816 0.7248
vn -0.4843 0.6250 0.6122
vn 0.7069 0.1760 0.6850
vn -0.2624 0.7624 0.5915
vn 0.6341 0.4245 0.6463
vn -0.0054 0.8112 0.5847
vn 0.4753 0.6301 0.6141
vn 0.2522 0.7650 0.5926
vn 0.4374 0.0149 0.8992
vn 0.4520 0.1801 0.8736
vn -0.0027 0.1530 0.9882
vn 0.3633 -0.1339 0.9220
vn 0.4053 0.3394 0.8488
vn 0.2398 -0.2463 0.9391
vn 0.3036 0.4713 0.8281
vn 0.0836 -0.3070 0.9480
vn 0.1604 0.5578 0.8143
vn -0.0842 -0.3079 0.9477
vn -0.0047 0.5874 0.8093
vn -0.2410 -0.2488 0.9381
vn -0.1694 0.5561 0.8137
vn -0.3655 -0.1378 0.9206
vn -0.3117 0.4680 0.8269
vn -0.4410 0.0103 0.8974
vn -0.4122 0.3351 0.8472
vn -0.4573 0.1754 0.8718
vn -0.8412 -0.5136 0.1690
vn -0.9594 -0.2700 0.0816
vn -0.9058 -0.2928 0.3062
vn -0.7903 -0.4950 0.3611
vn -0.7223 -0.2709 0.6363
vn -0.5416 -0.7824 0.3074
vn -0.6239 -0.4066 0.6674
vn -0.6251 -0.2361 0.7440
vn -0.5209 -0.3444 0.7811
vn -0.5182 -0.7281 0.4487
vn -0.2755 -0.8736 0.4011
vn -0.4219 -0.5684 0.7064
vn -0.3499 -0.4650 0.8132
vn -0.2588 -0.8243 0.5035
vn -0.0679 -0.9013 0.4278
vn -0.2225 -0.6281 0.7456
vn -0.1975 -0.4675 0.8616
vn -0.0543 -0.8699 0.4903
vn -0.0628 -0.6493 0.7579
vn -0.0804 -0.4148 0.9064
vn -0.0674 -0.3997 0.9142
vn 0.0204 -0.8770 0.4800
vn 0.0281 -0.8988 0.4374
vn 0.1149 -0.8867 0.4478
vn -0.0287 -0.6573 0.7531
vn 0.0955 -0.8647 0.4931
vn 0.3822 -0.8149 0.4357
vn 0.0276 -0.6899 0.7234
vn -0.0223 -0.4982 0.8668
vn 0.3965 -0.7855 0.4751
vn 0.7111 -0.5718 0.4091
vn 0.3733 -0.6762 0.6352
vn 0.3277 -0.5824 0.7439
vn 0.7403 -0.5454 0.3930
vn 0.8174 -0.4136 0.4010
vn 0.8467 -0.4000 0.3508
vn 0.6999 -0.5252 0.4840
vn 0.6216 -0.5240 0.5823
vn 0.7733 -0.4568 0.4398
vn 0.6466 -0.5126 0.5650
vn 0.9594 -0.2700 0.0816
vn 0.8412 -0.5136 0.1690
vn 0.9058 -0.2928 0.3062
vn 0.7903 -0.4950 0.3611
vn 0.7223 -0.2709 0.6363
vn 0.5416 -0.7824 0.3074
vn 0.6239 -0.4066 0.6674
vn 0.6251 -0.2361 0.7440
vn 0.5209 -0.3444 0.7811
vn 0.5182 -0.7281 0.4487
vn 0.2755 -0.8736 0.4011
vn 0.4219 -0.5684 0.7064
vn 0.3499 -0.4650 0.8132
vn 0.2588 -0.8243 0.5035
vn 0.0679 -0.9013 0.4278
vn 0.2225 -0.6281 0.7456
vn 0.1975 -0.4675 0.8616
vn 0.0543 -0.8699 0.4903
vn 0.0629 -0.6493 0.7579
vn 0.0804 -0.4148 0.9064
vn 0.0674 -0.3997 0.9142
vn -0.0204 -0.8770 0.4800
vn -0.0281 -0.8988 0.4375
vn -0.1149 -0.8867 0.4478
vn 0.0287 -0.6573 0.7531
vn -0.0955 -0.8647 0.4931
vn -0.3822 -0.8149 0.4357
vn -0.0277 -0.6899 0.7234
vn 0.0223 -0.4982 0.8668
vn -0.3965 -0.7855 0.4751
vn -0.7627 -0.4967 0.4142
vn -0.3733 -0.6761 0.6352
vn -0.3277 -0.5824 0.7439
vn -0.7812 -0.4803 0.3987
vn -0.8862 -0.2450 0.3933
vn -0.9014 -0.2564 0.3489
vn -0.7364 -0.4522 0.5032
vn -0.6621 -0.4329 0.6117
vn -0.8310 -0.3011 0.4677
vn -0.7184 -0.3244 0.6153
vn 0.9341 0.1358 0.3303
vn 0.9203 0.1808 0.3469
vn 0.8892 0.1413 0.4352
vn 0.9352 0.1516 0.3200
vn 0.8926 0.1445 0.4270
vn 0.7066 0.1126 0.6986
vn 0.8743 0.1957 0.4443
vn 0.8380 0.3579 0.4120
vn 0.7104 0.2015 0.6743
vn 0.8798 0.3452 0.3269
vn 0.8073 0.5334 0.2525
vn 0.7085 0.1308 0.6935
vn 0.4314 0.0837 0.8983
vn 0.4150 0.0593 0.9079
vn 0.2178 0.0206 0.9758
vn 0.7689 0.5526 0.3216
vn 0.6775 0.7063 0.2051
vn 0.6291 0.6029 0.4907
vn 0.7155 0.6818 0.1527
vn 0.5733 0.8187 0.0324
vn 0.6945 0.3754 0.6137
vn 0.4762 0.3598 0.8024
vn 0.4650 0.1595 0.8708
vn 0.2479 0.1090 0.9626
vn 0.2280 0.0398 0.9728
vn 0.0561 0.0252 0.9981
vn 0.0604 0.0057 0.9982
vn -0.1628 0.0058 0.9866
vn 0.5387 0.8399 0.0669
vn 0.3763 0.9252 -0.0496
vn 0.4163 0.8939 0.1662
vn 0.4024 0.9133 -0.0631
vn 0.3293 0.9399 -0.0906
vn 0.3090 0.9470 -0.0873
vn 0.2666 0.9619 -0.0602
vn 0.3041 0.9526 0.0022
vn 0.2253 0.9711 0.0786
vn 0.2280 0.9737 0.0026
vn 0.1948 0.9782 0.0719
vn 0.5347 0.7731 0.3412
vn 0.3376 0.8186 0.4647
vn 0.2623 0.9271 0.2679
vn 0.1638 0.9297 0.3298
vn 0.1737 0.9741 0.1451
vn 0.0628 0.9772 0.2030
vn 0.0803 0.9873 0.1371
vn -0.1946 0.9655 0.1729
vn 0.4212 0.6340 0.6486
vn 0.2238 0.6279 0.7455
vn 0.1873 0.8254 0.5326
vn 0.0296 0.8151 0.5785
vn 0.0424 0.9254 0.3766
vn -0.1739 0.9024 0.3942
vn -0.1871 0.9549 0.2306
vn -0.4088 0.8919 0.1932
vn -0.4395 0.8882 0.1337
vn -0.5066 0.8600 0.0605
vn 0.2531 0.3220 0.9123
vn 0.0256 0.2970 0.9545
vn 0.0177 0.6062 0.7951
vn -0.1963 0.5777 0.7923
vn -0.1763 0.7868 0.5915
vn -0.3563 0.7508 0.5562
vn -0.3669 0.8580 0.3594
vn -0.4529 0.8365 0.3084
vn -0.4743 0.8710 0.1278
vn -0.4583 0.8870 0.0571
vn -0.4826 0.8754 -0.0263
vn -0.4623 0.8834 -0.0769
vn -0.4427 0.8965 0.0189
vn -0.4952 0.8303 0.2556
vn -0.4845 0.8320 0.2702
vn -0.5859 0.6710 0.4544
vn -0.6296 0.6395 0.4412
vn -0.7472 0.4420 0.4964
vn -0.4841 0.7192 0.4985
vn -0.5303 0.5410 0.6528
vn -0.6865 0.4850 0.5418
vn -0.7635 0.2709 0.5862
vn -0.8309 0.2429 0.5007
vn -0.8794 0.0959 0.4664
vn -0.3660 0.5566 0.7458
vn -0.3675 0.2929 0.8827
vn -0.5664 0.2999 0.7676
vn -0.5869 0.1070 0.8026
vn -0.8069 0.1023 0.5818
vn -0.8354 -0.0091 0.5496
vn -0.9046 0.0006 0.4263
vn -0.9087 -0.0526 0.4141
vn -0.8444 -0.0685 0.5313
vn -0.6426 -0.0539 0.7643
vn -0.6206 -0.0046 0.7841
vn -0.3817 0.0211 0.9240
vn -0.3966 -0.0071 0.9180
vn -0.3643 0.1046 0.9254
vn -0.1805 0.0989 0.9786
vn -0.1674 0.0287 0.9855
vn -0.1980 0.2896 0.9364
vn 0.0435 0.0914 0.9949
usemtl body
s 1
f 1/1/1 2/2/2 3/3/3
f 4/4/4 5/5/5 6/6/6
f 7/7/7 8/8/8 9/9/9
f 10/10/10 7/7/7 9/9/9
f 10/10/10 9/9/9 11/11/11
f 7/7/7 10/10/10 12/12/12
f 13/13/13 10/10/10 11/11/11
f 13/13/13 11/11/11 14/14/14
f 10/10/10 15/15/15 12/12/12
f 15/15/15 10/10/10 13/13/13
f 16/16/16 12/12/12 15/15/15
f 17/17/17 16/16/16 15/15/15
f 16/16/16 17/17/17 18/18/18
f 19/19/19 13/13/13 14/14/14
f 19/19/19 14/14/14 20/20/20
f 21/21/21 15/15/15 13/13/13
f 17/17/17 15/15/15 21/21/21
f 17/17/17 22/22/22 18/18/18
f 18/18/18 22/22/22 23/23/23
f 24/24/24 19/19/19 20/20/20
f 24/24/24 20/20/20 25/25/25
f 13/13/13 19/19/19 26/26/26
f 21/21/21 13/13/13 26/26/26
f 27/27/27 17/17/17 21/21/21
f 17/17/17 27/27/27 22/22/22
f 22/22/22 28/28/28 23/23/23
f 23/23/23 28/28/28 29/29/29
f 27/27/27 30/30/30 22/22/22
f 22/22/22 30/30/30 28/28/28
f 27/27/27 21/21/21 31/31/31
f 27/27/27 31/31/31 30/30/30
f 28/28/28 32/32/32 29/29/29
f 29/29/29 32/32/32 33/33/33
f 30/30/30 34/34/34 28/28/28
f 28/28/28 34/34/34 32/32/32
f 32/32/32 35/35/35 33/33/33
f 33/33/33 35/35/35 36/36/36
f 37/37/37 21/21/21 26/26/26
f 21/21/21 37/37/37 31/31/31
f 31/31/31 38/38/38 30/30/30
f 30/30/30 38/38/38 34/34/34
f 34/34/34 39/39/39 32/32/32
f 32/32/32 39/39/39 35/35/35
f 35/35/35 40/40/40 36/36/36
f 36/36/36 40/40/40 41/41/41
f 42/42/42 31/31/31 37/37/37
f 31/31/31 42/42/42 38/38/38
f 38/38/38 43/43/43 34/34/34
f 34/34/34 43/43/43 39/39/39
f 39/39/39 44/44/44 35/35/35
f 35/35/35 44/44/44 40/40/40
f 40/40/40 45/45/45 41/41/41
f 41/41/41 45/45/45 46/46/46
f 47/47/47 42/42/42 37/37/37
f 37/37/37 26/26/26 47/47/47
f 42/42/42 48/48/48 38/38/38
f 38/38/38 48/48/48 43/43/43
f 43/43/43 49/49/49 39/39/39
f 39/39/39 49/49/49 44/44/44
f 44/44/44 50/50/50 40/40/40
f 40/40/40 50/50/50 45/45/45
f 45/45/45 51/51/51 46/46/46
f 46/46/46 51/51/51 52/52/52
f 53/53/53 42/42/42 47/47/47
f 42/42/42 53/53/53 48/48/48
f 48/48/48 54/54/54 43/43/43
f 43/43/43 54/54/54 49/49/49
f 49/49/49 55/55/55 44/44/44
f 44/44/44 55/55/55 50/50/50
f 50/50/50 56/56/56 45/45/45
f 45/45/45 56/56/56 51/51/51
f 51/51/51 57/57/57 52/52/52
f 52/52/52 57/57/57 58/58/58
f 53/53/53 59/59/59 48/48/48
f 48/48/48 59/59/59 54/54/54
f 54/54/54 60/60/60 49/49/49
f 49/49/49 60/60/60 55/55/55
f 55/55/55 61/61/61 50/50/50
f 50/50/50 61/61/61 56/56/56
f 56/56/56 62/62/62 51/51/51
f 51/51/51 62/62/62 57/57/57
f 57/57/57 63/63/63 58/58/58
f 58/58/58 63/63/63 64/64/64
f 59/59/59 65/65/65 54/54/54
f 54/54/54 65/65/65 60/60/60
f 60/60/60 66/66/66 55/55/55
f 55/55/55 66/66/66 61/61/61
f 61/61/61 67/67/67 56/56/56
f 56/56/56 67/67/67 62/62/62
f 62/62/62 68/68/68 57/57/57
f 57/57/57 68/68/68 63/63/63
f 63/63/63 69/69/69 64/64/64
f 64/64/64 69/69/69 70/70/70
f 65/65/65 71/71/71 60/60/60
f 60/60/60 71/71/71 66/66/66
f 66/66/66 72/72/72 61/61/61
f 61/61/61 72/72/72 67/67/67
f 67/67/67 73/73/73 62/62/62
f 62/62/62 73/73/73 68/68/68
f 68/68/68 74/74/74 63/63/63
f 63/63/63 74/74/74 69/69/69
f 69/69/69 75/75/75 70/70/70
f 70/70/70 75/75/75 76/76/76
f 71/71/71 77/77/77 66/66/66
f 66/66/66 77/77/77 72/72/72
f 72/72/72 78/78/78 67/67/67
f 67/67/67 78/78/78 73/73/73
f 73/73/73 79/79/79 68/68/68
f 68/68/68 79/79/79 74/74/74
f 74/74/74 80/80/80 69/69/69
f 69/69/69 80/80/80 75/75/75
f 75/75/75 81/81/81 76/76/76
f 76/76/76 81/81/81 82/82/82
f 77/77/77 83/83/83 72/72/72
f 72/72/72 83/83/83 78/78/78
f 78/78/78 84/84/84 73/73/73
f 73/73/73 84/84/84 79/79/79
f 79/79/79 85/85/85 74/74/74
f 74/74/74 85/85/85 80/80/80
f 80/80/80 86/86/86 75/75/75
f 75/75/75 86/86/86 81/81/81
f 81/81/81 87/87/87 82/82/82
f 82/82/82 87/87/87 88/88/88
f 83/83/83 89/89/89 78/78/78
f 78/78/78 89/89/89 84/84/84
f 84/84/84 90/90/90 79/79/79
f 79/79/79 90/90/90 85/85/85
f 85/85/85 91/91/91 80/80/80
f 80/80/80 91/91/91 86/86/86
f 86/86/86 92/92/92 81/81/81
f 81/81/81 92/92/92 87/87/87
f 87/87/87 93/93/93 88/88/88
f 88/88/88 93/93/93 94/94/94
f 89/89/89 95/95/95 84/84/84
f 84/84/84 95/95/95 90/90/90
f 90/90/90 96/96/96 85/85/85
f 85/85/85 96/96/96 91/91/91
f 91/91/91 97/97/97 86/86/86
f 86/86/86 97/97/97 92/92/92
f 92/92/92 98/98/98 87/87/87
f 87/87/87 98/98/98 93/93/93
f 93/93/93 99/99/99 94/94/94
f 94/94/94 99/99/99 100/100/100
f 95/95/95 101/101/101 90/90/90
f 90/90/90 101/101/101 96/96/96
f 96/96/96 102/102/102 91/91/91
f 91/91/91 102/102/102 97/97/97
f 97/97/97 103/103/103 92/92/92
f 92/92/92 103/103/103 98/98/98
f 98/98/98 104/104/104 93/93/93
f 93/93/93 104/104/104 99/99/99
f 99/99/99 105/105/105 100/100/100
f 106/106/106 100/100/100 105/105/105
f 107/107/107 106/106/106 105/105/105
f 99/99/99 108/108/108 105/105/105
f 104/104/104 108/108/108 99/99/99
f 107/107/107 105/105/105 109/109/109
f 108/108/108 109/109/109 105/105/105
f 110/110/110 107/107/107 109/109/109
f 98/98/98 111/111/111 104/104/104
f 103/103/103 111/111/111 98/98/98
f 97/97/97 112/112/112 103/103/103
f 102/102/102 112/112/112 97/97/97
f 104/104/104 113/113/113 108/108/108
f 111/111/111 113/113/113 104/104/104
f 108/108/108 114/114/114 109/109/109
f 113/113/113 114/114/114 108/108/108
f 110/110/110 109/109/109 115/115/115
f 114/114/114 115/115/115 109/109/109
f 116/116/116 110/110/110 115/115/115
f 103/103/103 117/117/117 111/111/111
f 112/112/112 117/117/117 103/103/103
f 111/111/111 118/118/118 113/113/113
f 117/117/117 118/118/118 111/111/111
f 113/113/113 119/119/119 114/114/114
f 118/118/118 119/119/119 113/113/113
f 114/114/114 120/120/120 115/115/115
f 119/119/119 120/120/120 114/114/114
f 116/116/116 115/115/115 121/121/121
f 120/120/120 121/121/121 115/115/115
f 122/122/122 116/116/116 121/121/121
f 122/122/122 121/121/121 123/123/123
f 124/124/124 122/122/122 123/123/123
f 120/120/120 125/125/125 121/121/121
f 125/125/125 123/123/123 121/121/121
f 119/119/119 126/126/126 120/120/120
f 126/126/126 125/125/125 120/120/120
f 118/118/118 127/127/127 119/119/119
f 127/127/127 126/126/126 119/119/119
f 117/117/117 128/128/128 118/118/118
f 128/128/128 127/127/127 118/118/118
f 124/124/124 123/123/123 129/129/129
f 130/130/130 124/124/124 129/129/129
f 125/125/125 131/131/131 123/123/123
f 131/131/131 129/129/129 123/123/123
f 126/126/126 132/132/132 125/125/125
f 132/132/132 131/131/131 125/125/125
f 127/127/127 133/133/133 126/126/126
f 133/133/133 132/132/132 126/126/126
f 130/130/130 129/129/129 134/134/134
f 135/135/135 130/130/130 134/134/134
f 131/131/131 136/136/136 129/129/129
f 136/136/136 134/134/134 129/129/129
f 132/132/132 137/137/137 131/131/131
f 137/137/137 136/136/136 131/131/131
f 134/134/134 138/138/138 135/135/135
f 138/138/138 139/139/139 135/135/135
f 134/134/134 136/136/136 140/140/140
f 138/138/138 134/134/134 140/140/140
f 138/138/138 141/141/141 139/139/139
f 141/141/141 142/142/142 139/139/139
f 143/143/143 133/133/133 127/127/127
f 128/128/128 143/143/143 127/127/127
f 133/133/133 144/144/144 132/132/132
f 144/144/144 137/137/137 132/132/132
f 136/136/136 137/137/137 145/145/145
f 140/140/140 136/136/136 145/145/145
f 138/138/138 140/140/140 146/146/146
f 141/141/141 138/138/138 146/146/146
f 141/141/141 147/147/147 142/142/142
f 147/147/147 148/148/148 142/142/142
f 143/143/143 149/149/149 133/133/133
f 149/149/149 144/144/144 133/133/133
f 137/137/137 144/144/144 150/150/150
f 145/145/145 137/137/137 150/150/150
f 140/140/140 145/145/145 151/151/151
f 146/146/146 140/140/140 151/151/151
f 141/141/141 146/146/146 152/152/152
f 147/147/147 141/141/141 152/152/152
f 147/147/147 153/153/153 148/148/148
f 153/153/153 154/154/154 148/148/148
f 144/144/144 149/149/149 155/155/155
f 150/150/150 144/144/144 155/155/155
f 145/145/145 150/150/150 156/156/156
f 151/151/151 145/145/145 156/156/156
f 146/146/146 151/151/151 157/157/157
f 152/152/152 146/146/146 157/157/157
f 147/147/147 152/152/152 158/158/158
f 153/153/153 147/147/147 158/158/158
f 153/153/153 159/159/159 154/154/154
f 159/159/159 160/160/160 154/154/154
f 150/150/150 155/155/155 161/161/161
f 156/156/156 150/150/150 161/161/161
f 151/151/151 156/156/156 162/162/162
f 157/157/157 151/151/151 162/162/162
f 152/152/152 157/157/157 163/163/163
f 158/158/158 152/152/152 163/163/163
f 153/153/153 158/158/158 164/164/164
f 159/159/159 153/153/153 164/164/164
f 159/159/159 165/165/165 160/160/160
f 165/165/165 166/166/166 160/160/160
f 165/165/165 167/167/167 166/166/166
f 167/167/167 168/168/168 166/166/166
f 167/167/167 165/165/165 169/169/169
f 165/165/165 159/159/159 170/170/170
f 165/165/165 170/170/170 169/169/169
f 159/159/159 164/164/164 170/170/170
f 169/169/169 170/170/170 171/171/171
f 170/170/170 172/172/172 171/171/171
f 170/170/170 164/164/164 172/172/172
f 171/171/171 172/172/172 173/173/173
f 164/164/164 158/158/158 174/174/174
f 164/164/164 174/174/174 172/172/172
f 158/158/158 163/163/163 174/174/174
f 172/172/172 175/175/175 173/173/173
f 172/172/172 174/174/174 175/175/175
f 173/173/173 175/175/175 176/176/176
f 174/174/174 163/163/163 177/177/177
f 174/174/174 177/177/177 175/175/175
f 175/175/175 178/178/178 176/176/176
f 175/175/175 177/177/177 178/178/178
f 176/176/176 178/178/178 179/179/179
f 163/163/163 180/180/180 177/177/177
f 163/163/163 157/157/157 180/180/180
f 157/157/157 162/162/162 180/180/180
f 178/178/178 181/181/181 179/179/179
f 179/179/179 181/181/181 182/182/182
f 177/177/177 183/183/183 178/178/178
f 177/177/177 180/180/180 183/183/183
f 178/178/178 183/183/183 181/181/181
f 180/180/180 162/162/162 184/184/184
f 180/180/180 184/184/184 183/183/183
f 181/181/181 185/185/185 182/182/182
f 182/182/182 185/185/185 186/186/186
f 183/183/183 187/187/187 181/181/181
f 183/183/183 184/184/184 187/187/187
f 181/181/181 187/187/187 185/185/185
f 162/162/162 188/188/188 184/184/184
f 162/162/162 156/156/156 188/188/188
f 156/156/156 161/161/161 188/188/188
f 185/185/185 189/189/189 186/186/186
f 186/186/186 189/189/189 190/190/190
f 184/184/184 191/191/191 187/187/187
f 184/184/184 188/188/188 191/191/191
f 187/187/187 192/192/192 185/185/185
f 185/185/185 192/192/192 189/189/189
f 187/187/187 191/191/191 192/192/192
f 188/188/188 161/161/161 193/193/193
f 188/188/188 193/193/193 191/191/191
f 189/189/189 194/194/194 190/190/190
f 190/190/190 194/194/194 195/195/195
f 191/191/191 196/196/196 192/192/192
f 191/191/191 193/193/193 196/196/196
f 192/192/192 197/197/197 189/189/189
f 189/189/189 197/197/197 194/194/194
f 192/192/192 196/196/196 197/197/197
f 161/161/161 198/198/198 193/193/193
f 161/161/161 155/155/155 198/198/198
f 194/194/194 199/199/199 195/195/195
f 195/195/195 199/199/199 200/200/200
f 197/197/197 201/201/201 194/194/194
f 194/194/194 201/201/201 199/199/199
f 193/193/193 202/202/202 196/196/196
f 193/193/193 198/198/198 202/202/202
f 196/196/196 203/203/203 197/197/197
f 197/197/197 203/203/203 201/201/201
f 196/196/196 202/202/202 203/203/203
f 155/155/155 204/204/204 198/198/198
f 155/155/155 149/149/149 204/204/204
f 199/199/199 205/205/205 200/200/200
f 200/200/200 205/205/205 206/206/206
f 201/201/201 207/207/207 199/199/199
f 199/199/199 207/207/207 205/205/205
f 203/203/203 208/208/208 201/201/201
f 201/201/201 208/208/208 207/207/207
f 198/198/198 209/209/209 202/202/202
f 198/198/198 204/204/204 209/209/209
f 202/202/202 210/210/210 203/203/203
f 203/203/203 210/210/210 208/208/208
f 202/202/202 209/209/209 210/210/210
f 149/149/149 211/211/211 204/204/204
f 211/211/211 149/149/149 143/143/143
f 205/205/205 212/212/212 206/206/206
f 206/206/206 212/212/212 213/213/213
f 207/207/207 214/214/214 205/205/205
f 205/205/205 214/214/214 212/212/212
f 208/208/208 215/215/215 207/207/207
f 207/207/207 215/215/215 214/214/214
f 210/210/210 216/216/216 208/208/208
f 208/208/208 216/216/216 215/215/215
f 204/204/204 217/217/217 209/209/209
f 204/204/204 211/211/211 217/217/217
f 209/209/209 218/218/218 210/210/210
f 210/210/210 218/218/218 216/216/216
f 209/209/209 217/217/217 218/218/218
f 212/212/212 219/219/219 213/213/213
f 213/213/213 219/219/219 220/220/220
f 214/214/214 221/221/221 212/212/212
f 212/212/212 221/221/221 219/219/219
f 215/215/215 222/222/222 214/214/214
f 214/214/214 222/222/222 221/221/221
f 216/216/216 223/223/223 215/215/215
f 215/215/215 223/223/223 222/222/222
f 218/218/218 224/224/224 216/216/216
f 216/216/216 224/224/224 223/223/223
f 217/217/217 225/225/225 218/218/218
f 218/218/218 225/225/225 224/224/224
f 219/219/219 226/226/226 220/220/220
f 220/220/220 226/226/226 227/227/227
f 221/221/221 228/228/228 219/219/219
f 219/219/219 228/228/228 226/226/226
f 222/222/222 229/229/229 221/221/221
f 221/221/221 229/229/229 228/228/228
f 223/223/223 230/230/230 222/222/222
f 222/222/222 230/230/230 229/229/229
f 224/224/224 231/231/231 223/223/223
f 223/223/223 231/231/231 230/230/230
f 226/226/226 232/232/232 227/227/227
f 227/227/227 232/232/232 233/233/233
f 228/228/228 234/234/234 226/226/226
f 226/226/226 234/234/234 232/232/232
f 229/229/229 235/235/235 228/228/228
f 228/228/228 235/235/235 234/234/234
f 230/230/230 236/236/236 229/229/229
f 229/229/229 236/236/236 235/235/235
f 232/232/232 237/237/237 233/233/233
f 233/233/233 237/237/237 238/238/238
f 234/234/234 239/239/239 232/232/232
f 232/232/232 239/239/239 237/237/237
f 235/235/235 240/240/240 234/234/234
f 234/234/234 240/240/240 239/239/239
f 237/237/237 241/241/241 238/238/238
f 242/242/242 238/238/238 241/241/241
f 239/239/239 243/243/243 237/237/237
f 237/237/237 243/243/243 241/241/241
f 244/244/244 242/242/242 241/241/241
f 242/242/242 244/244/244 245/245/245
f 230/230/230 246/246/246 236/236/236
f 231/231/231 246/246/246 230/230/230
f 236/236/236 247/247/247 235/235/235
f 235/235/235 247/247/247 240/240/240
f 240/240/240 248/248/248 239/239/239
f 239/239/239 248/248/248 243/243/243
f 243/243/243 249/249/249 241/241/241
f 244/244/244 241/241/241 249/249/249
f 244/244/244 250/250/250 245/245/245
f 251/251/251 245/245/245 250/250/250
f 252/252/252 251/251/251 250/250/250
f 252/252/252 250/250/250 253/253/253
f 254/254/254 252/252/252 253/253/253
f 250/250/250 244/244/244 255/255/255
f 255/255/255 244/244/244 249/249/249
f 253/253/253 250/250/250 255/255/255
f 247/247/247 256/256/256 240/240/240
f 240/240/240 256/256/256 248/248/248
f 248/248/248 257/257/257 243/243/243
f 243/243/243 257/257/257 249/249/249
f 258/258/258 255/255/255 249/249/249
f 253/253/253 255/255/255 258/258/258
f 254/254/254 253/253/253 259/259/259
f 260/260/260 254/254/254 259/259/259
f 260/260/260 259/259/259 261/261/261
f 262/262/262 260/260/260 261/261/261
f 263/263/263 259/259/259 253/253/253
f 261/261/261 259/259/259 263/263/263
f 262/262/262 261/261/261 264/264/264
f 265/265/265 262/262/262 264/264/264
f 265/265/265 264/264/264 266/266/266
f 267/267/267 265/265/265 266/266/266
f 268/268/268 266/266/266 264/264/264
f 261/261/261 269/269/269 264/264/264
f 269/269/269 261/261/261 263/263/263
f 270/270/270 268/268/268 264/264/264
f 269/269/269 270/270/270 264/264/264
f 271/271/271 268/268/268 270/270/270
f 272/272/272 271/271/271 270/270/270
f 273/273/273 271/271/271 272/272/272
f 274/274/274 263/263/263 253/253/253
f 274/274/274 253/253/253 258/258/258
f 263/263/263 275/275/275 269/269/269
f 275/275/275 263/263/263 274/274/274
f 270/270/270 269/269/269 276/276/276
f 272/272/272 270/270/270 276/276/276
f 275/275/275 276/276/276 269/269/269
f 277/277/277 275/275/275 274/274/274
f 277/277/277 274/274/274 258/258/258
f 276/276/276 275/275/275 278/278/278
f 278/278/278 275/275/275 277/277/277
f 279/279/279 273/273/273 272/272/272
f 280/280/280 273/273/273 279/279/279
f 281/281/281 276/276/276 278/278/278
f 272/272/272 276/276/276 281/281/281
f 282/282/282 277/277/277 258/258/258
f 283/283/283 278/278/278 277/277/277
f 283/283/283 277/277/277 282/282/282
f 258/258/258 284/284/284 282/282/282
f 284/284/284 258/258/258 249/249/249
f 257/257/257 284/284/284 249/249/249
f 278/278/278 283/283/283 285/285/285
f 286/286/286 283/283/283 282/282/282
f 285/285/285 283/283/283 286/286/286
f 284/284/284 287/287/287 282/282/282
f 282/282/282 287/287/287 286/286/286
f 257/257/257 288/288/288 284/284/284
f 288/288/288 287/287/287 284/284/284
f 281/281/281 278/278/278 289/289/289
f 289/289/289 278/278/278 285/285/285
f 290/290/290 288/288/288 257/257/257
f 248/248/248 290/290/290 257/257/257
f 256/256/256 290/290/290 248/248/248
f 287/287/287 291/291/291 286/286/286
f 288/288/288 292/292/292 287/287/287
f 292/292/292 291/291/291 287/287/287
f 290/290/290 293/293/293 288/288/288
f 293/293/293 292/292/292 288/288/288
f 256/256/256 294/294/294 290/290/290
f 294/294/294 293/293/293 290/290/290
f 295/295/295 285/285/285 286/286/286
f 286/286/286 291/291/291 295/295/295
f 296/296/296 294/294/294 256/256/256
f 247/247/247 296/296/296 256/256/256
f 297/297/297 296/296/296 247/247/247
f 236/236/236 297/297/297 247/247/247
f 246/246/246 297/297/297 236/236/236
f 293/293/293 298/298/298 292/292/292
f 292/292/292 299/299/299 291/291/291
f 298/298/298 299/299/299 292/292/292
f 291/291/291 300/300/300 295/295/295
f 299/299/299 300/300/300 291/291/291
f 285/285/285 295/295/295 301/301/301
f 295/295/295 300/300/300 301/301/301
f 294/294/294 302/302/302 293/293/293
f 302/302/302 298/298/298 293/293/293
f 296/296/296 303/303/303 294/294/294
f 303/303/303 302/302/302 294/294/294
f 297/297/297 304/304/304 296/296/296
f 304/304/304 303/303/303 296/296/296
f 246/246/246 305/305/305 297/297/297
f 305/305/305 304/304/304 297/297/297
f 306/306/306 285/285/285 301/301/301
f 285/285/285 306/306/306 289/289/289
f 307/307/307 305/305/305 246/246/246
f 231/231/231 307/307/307 246/246/246
f 308/308/308 307/307/307 231/231/231
f 224/224/224 308/308/308 231/231/231
f 225/225/225 308/308/308 224/224/224
f 303/303/303 309/309/309 302/302/302
f 304/304/304 310/310/310 303/303/303
f 310/310/310 309/309/309 303/303/303
f 305/305/305 311/311/311 304/304/304
f 311/311/311 310/310/310 304/304/304
f 307/307/307 312/312/312 305/305/305
f 312/312/312 311/311/311 305/305/305
f 308/308/308 313/313/313 307/307/307
f 313/313/313 312/312/312 307/307/307
f 225/225/225 314/314/314 308/308/308
f 314/314/314 313/313/313 308/308/308
f 309/309/309 315/315/315 302/302/302
f 302/302/302 315/315/315 298/298/298
f 316/316/316 314/314/314 225/225/225
f 217/217/217 316/316/316 225/225/225
f 211/211/211 316/316/316 217/217/217
f 316/316/316 211/211/211 317/317/317
f 317/317/317 211/211/211 143/143/143
f 317/317/317 143/143/143 128/128/128
f 314/314/314 316/316/316 318/318/318
f 318/318/318 316/316/316 317/317/317
f 319/319/319 317/317/317 128/128/128
f 318/318/318 317/317/317 319/319/319
f 319/319/319 128/128/128 117/117/117
f 112/112/112 319/319/319 117/117/117
f 320/320/320 319/319/319 112/112/112
f 320/320/320 318/318/318 319/319/319
f 102/102/102 320/320/320 112/112/112
f 321/321/321 314/314/314 318/318/318
f 321/321/321 318/318/318 320/320/320
f 313/313/313 314/314/314 321/321/321
f 322/322/322 320/320/320 102/102/102
f 322/322/322 321/321/321 320/320/320
f 96/96/96 322/322/322 102/102/102
f 101/101/101 322/322/322 96/96/96
f 323/323/323 313/313/313 321/321/321
f 323/323/323 321/321/321 322/322/322
f 101/101/101 323/323/323 322/322/322
f 312/312/312 313/313/313 323/323/323
f 324/324/324 323/323/323 101/101/101
f 324/324/324 312/312/312 323/323/323
f 95/95/95 324/324/324 101/101/101
f 311/311/311 312/312/312 324/324/324
f 325/325/325 324/324/324 95/95/95
f 325/325/325 311/311/311 324/324/324
f 89/89/89 325/325/325 95/95/95
f 310/310/310 311/311/311 325/325/325
f 326/326/326 325/325/325 89/89/89
f 326/326/326 310/310/310 325/325/325
f 83/83/83 326/326/326 89/89/89
f 309/309/309 310/310/310 326/326/326
f 327/327/327 326/326/326 83/83/83
f 327/327/327 309/309/309 326/326/326
f 77/77/77 327/327/327 83/83/83
f 315/315/315 309/309/309 327/327/327
f 328/328/328 327/327/327 77/77/77
f 328/328/328 315/315/315 327/327/327
f 71/71/71 328/328/328 77/77/77
f 329/329/329 315/315/315 328/328/328
f 315/315/315 329/329/329 298/298/298
f 298/298/298 329/329/329 299/299/299
f 330/330/330 328/328/328 71/71/71
f 330/330/330 329/329/329 328/328/328
f 65/65/65 330/330/330 71/71/71
f 329/329/329 331/331/331 299/299/299
f 331/331/331 329/329/329 330/330/330
f 299/299/299 331/331/331 300/300/300
f 332/332/332 330/330/330 65/65/65
f 332/332/332 331/331/331 330/330/330
f 59/59/59 332/332/332 65/65/65
f 331/331/331 333/333/333 300/300/300
f 333/333/333 331/331/331 332/332/332
f 300/300/300 333/333/333 301/301/301
f 334/334/334 332/332/332 59/59/59
f 334/334/334 333/333/333 332/332/332
f 53/53/53 334/334/334 59/59/59
f 301/301/301 333/333/333 335/335/335
f 333/333/333 334/334/334 335/335/335
f 301/301/301 335/335/335 306/306/306
f 334/334/334 53/53/53 336/336/336
f 335/335/335 334/334/334 336/336/336
f 336/336/336 53/53/53 47/47/47
f 47/47/47 337/337/337 336/336/336
f 26/26/26 337/337/337 47/47/47
f 336/336/336 338/338/338 335/335/335
f 337/337/337 338/338/338 336/336/336
f 335/335/335 339/339/339 306/306/306
f 338/338/338 339/339/339 335/335/335
f 26/26/26 340/340/340 337/337/337
f 19/19/19 340/340/340 26/26/26
f 341/341/341 306/306/306 339/339/339
f 306/306/306 341/341/341 289/289/289
f 339/339/339 338/338/338 342/342/342
f 342/342/342 341/341/341 339/339/339
f 337/337/337 343/343/343 338/338/338
f 340/340/340 343/343/343 337/337/337
f 340/340/340 19/19/19 344/344/344
f 19/19/19 24/24/24 344/344/344
f 289/289/289 341/341/341 345/345/345
f 345/345/345 281/281/281 289/289/289
f 346/346/346 341/341/341 342/342/342
f 341/341/341 346/346/346 345/345/345
f 338/338/338 347/347/347 342/342/342
f 343/343/343 347/347/347 338/338/338
f 348/348/348 343/343/343 340/340/340
f 344/344/344 348/348/348 340/340/340
f 349/349/349 281/281/281 345/345/345
f 349/349/349 272/272/272 281/281/281
f 342/342/342 347/347/347 350/350/350
f 350/350/350 346/346/346 342/342/342
f 347/347/347 343/343/343 351/351/351
f 343/343/343 348/348/348 351/351/351
f 347/347/347 351/351/351 350/350/350
f 345/345/345 346/346/346 352/352/352
f 352/352/352 349/349/349 345/345/345
f 349/349/349 353/353/353 272/272/272
f 353/353/353 279/279/279 272/272/272
f 354/354/354 346/346/346 350/350/350
f 346/346/346 354/354/354 352/352/352
f 352/352/352 355/355/355 349/349/349
f 355/355/355 353/353/353 349/349/349
f 355/355/355 352/352/352 354/354/354
f 350/350/350 351/351/351 356/356/356
f 356/356/356 354/354/354 350/350/350
f 351/351/351 348/348/348 357/357/357
f 351/351/351 357/357/357 356/356/356
f 279/279/279 353/353/353 358/358/358
f 358/358/358 353/353/353 355/355/355
f 359/359/359 355/355/355 354/354/354
f 354/354/354 356/356/356 359/359/359
f 348/348/348 360/360/360 357/357/357
f 348/348/348 344/344/344 360/360/360
f 361/361/361 279/279/279 358/358/358
f 361/361/361 280/280/280 279/279/279
f 280/280/280 361/361/361 362/362/362
f 363/363/363 280/280/280 362/362/362
f 364/364/364 362/362/362 361/361/361
f 358/358/358 364/364/364 361/361/361
f 365/365/365 358/358/358 355/355/355
f 358/358/358 365/365/365 364/364/364
f 355/355/355 359/359/359 365/365/365
f 365/365/365 366/366/366 364/364/364
f 366/366/366 365/365/365 367/367/367
f 365/365/365 368/368/368 367/367/367
f 359/359/359 368/368/368 365/365/365
f 367/367/367 368/368/368 369/369/369
f 368/368/368 359/359/359 370/370/370
f 356/356/356 370/370/370 359/359/359
f 368/368/368 371/371/371 369/369/369
f 371/371/371 368/368/368 370/370/370
f 372/372/372 370/370/370 356/356/356
f 370/370/370 372/372/372 371/371/371
f 357/357/357 372/372/372 356/356/356
f 369/369/369 371/371/371 373/373/373
f 372/372/372 373/373/373 371/371/371
f 374/374/374 369/369/369 373/373/373
f 375/375/375 374/374/374 373/373/373
f 376/376/376 375/375/375 373/373/373
f 373/373/373 372/372/372 376/376/376
f 375/375/375 376/376/376 377/377/377
f 376/376/376 378/378/378 377/377/377
f 379/379/379 378/378/378 376/376/376
f 380/380/380 372/372/372 357/357/357
f 372/372/372 380/380/380 376/376/376
f 380/380/380 379/379/379 376/376/376
f 381/381/381 379/379/379 380/380/380
f 360/360/360 380/380/380 357/357/357
f 360/360/360 381/381/381 380/380/380
f 382/382/382 381/381/381 360/360/360
f 383/383/383 382/382/382 360/360/360
f 344/344/344 383/383/383 360/360/360
f 384/384/384 382/382/382 383/383/383
f 383/383/383 344/344/344 24/24/24
f 385/385/385 384/384/384 383/383/383
f 385/385/385 383/383/383 24/24/24
f 384/384/384 385/385/385 386/386/386
f 385/385/385 24/24/24 25/25/25
f 385/385/385 25/25/25 386/386/386
f 387/387/384 388/388/386 389/389/387
f 390/390/388 387/387/384 389/389/387
f 390/390/388 389/389/387 391/391/389
f 387/387/384 390/390/388 392/392/382
f 393/393/390 390/390/388 391/391/389
f 393/393/390 391/391/389 394/394/391
f 390/390/388 395/395/392 392/392/382
f 392/392/382 395/395/392 396/396/393
f 397/397/394 393/393/390 394/394/391
f 397/397/394 394/394/391 398/398/395
f 393/393/390 399/399/396 390/390/388
f 399/399/396 395/395/392 390/390/388
f 395/395/392 400/400/397 396/396/393
f 396/396/393 400/400/397 401/401/379
f 402/402/398 397/397/394 398/398/395
f 402/402/398 398/398/395 403/403/399
f 397/397/394 404/404/400 393/393/390
f 404/404/400 399/399/396 393/393/390
f 397/397/394 402/402/398 404/404/400
f 405/405/401 402/402/398 403/403/399
f 405/405/401 403/403/399 406/406/402
f 395/395/392 399/399/396 407/407/403
f 400/400/397 395/395/392 407/407/403
f 400/400/397 408/408/404 401/401/379
f 401/401/379 408/408/404 409/409/378
f 402/402/398 410/410/405 404/404/400
f 410/410/405 402/402/398 405/405/401
f 411/411/406 405/405/401 406/406/402
f 411/411/406 406/406/402 412/412/407
f 413/413/408 411/411/406 412/412/407
f 413/413/408 412/412/407 414/414/409
f 415/415/7 413/413/408 414/414/409
f 411/411/406 416/416/410 405/405/401
f 416/416/410 411/411/406 413/413/408
f 417/417/411 413/413/408 415/415/7
f 413/413/408 417/417/411 416/416/410
f 418/418/12 417/417/411 415/415/7
f 419/419/412 410/410/405 405/405/401
f 419/419/412 405/405/401 416/416/410
f 404/404/400 410/410/405 420/420/413
f 420/420/413 410/410/405 419/419/412
f 421/421/414 417/417/411 418/418/12
f 422/422/16 421/421/414 418/418/12
f 417/417/411 423/423/415 416/416/410
f 423/423/415 417/417/411 421/421/414
f 424/424/416 419/419/412 416/416/410
f 424/424/416 416/416/410 423/423/415
f 425/425/417 404/404/400 420/420/413
f 404/404/400 425/425/417 399/399/396
f 426/426/418 420/420/413 419/419/412
f 426/426/418 419/419/412 424/424/416
f 421/421/414 422/422/16 427/427/419
f 422/422/16 428/428/420 427/427/419
f 425/425/417 429/429/421 399/399/396
f 399/399/396 429/429/421 407/407/403
f 420/420/413 430/430/422 425/425/417
f 430/430/422 420/420/413 426/426/418
f 425/425/417 431/431/423 429/429/421
f 430/430/422 431/431/423 425/425/417
f 429/429/421 432/432/424 407/407/403
f 431/431/423 432/432/424 429/429/421
f 427/427/419 428/428/420 433/433/425
f 428/428/420 434/434/23 433/433/425
f 435/435/426 431/431/423 430/430/422
f 431/431/423 435/435/426 432/432/424
f 432/432/424 436/436/427 407/407/403
f 407/407/403 436/436/427 400/400/397
f 436/436/427 408/408/404 400/400/397
f 433/433/425 434/434/23 437/437/428
f 434/434/23 438/438/29 437/437/428
f 437/437/428 438/438/29 439/439/429
f 438/438/29 440/440/33 439/439/429
f 439/439/429 440/440/33 441/441/430
f 440/440/33 442/442/36 441/441/430
f 441/441/430 442/442/36 443/443/431
f 442/442/36 444/444/432 443/443/431
f 443/443/431 444/444/432 445/445/433
f 444/444/432 446/446/46 445/445/433
f 445/445/433 446/446/46 447/447/434
f 446/446/46 448/448/52 447/447/434
f 447/447/434 448/448/52 449/449/435
f 448/448/52 450/450/58 449/449/435
f 449/449/435 450/450/58 451/451/436
f 450/450/58 452/452/64 451/451/436
f 451/451/436 452/452/64 453/453/437
f 452/452/64 454/454/70 453/453/437
f 453/453/437 454/454/70 455/455/438
f 454/454/70 456/456/76 455/455/438
f 455/455/438 456/456/76 457/457/439
f 456/456/76 458/458/82 457/457/439
f 457/457/439 458/458/82 459/459/440
f 458/458/82 460/460/441 459/459/440
f 459/459/440 460/460/441 461/461/442
f 460/460/441 462/462/94 461/461/442
f 461/461/442 462/462/94 463/463/443
f 462/462/94 464/464/444 463/463/443
f 465/465/445 463/463/443 464/464/444
f 466/466/446 465/465/445 464/464/444
f 465/465/445 467/467/447 463/463/443
f 467/467/447 468/468/448 463/463/443
f 461/461/442 463/463/443 468/468/448
f 467/467/447 469/469/449 468/468/448
f 459/459/440 461/461/442 470/470/450
f 470/470/450 461/461/442 468/468/448
f 469/469/449 471/471/451 468/468/448
f 470/470/450 468/468/448 471/471/451
f 469/469/449 472/472/452 471/471/451
f 457/457/439 459/459/440 473/473/453
f 473/473/453 459/459/440 470/470/450
f 474/474/454 470/470/450 471/471/451
f 473/473/453 470/470/450 474/474/454
f 472/472/452 475/475/455 471/471/451
f 474/474/454 471/471/451 475/475/455
f 472/472/452 476/476/456 475/475/455
f 477/477/457 457/457/439 473/473/453
f 455/455/438 457/457/439 477/477/457
f 478/478/458 473/473/453 474/474/454
f 477/477/457 473/473/453 478/478/458
f 479/479/459 474/474/454 475/475/455
f 478/478/458 474/474/454 479/479/459
f 476/476/456 480/480/460 475/475/455
f 479/479/459 475/475/455 480/480/460
f 476/476/456 481/481/461 480/480/460
f 482/482/462 455/455/438 477/477/457
f 453/453/437 455/455/438 482/482/462
f 483/483/463 477/477/457 478/478/458
f 482/482/462 477/477/457 483/483/463
f 484/484/464 478/478/458 479/479/459
f 483/483/463 478/478/458 484/484/464
f 485/485/465 479/479/459 480/480/460
f 484/484/464 479/479/459 485/485/465
f 481/481/461 486/486/466 480/480/460
f 485/485/465 480/480/460 486/486/466
f 481/481/461 487/487/467 486/486/466
f 488/488/468 453/453/437 482/482/462
f 451/451/436 453/453/437 488/488/468
f 489/489/469 482/482/462 483/483/463
f 488/488/468 482/482/462 489/489/469
f 490/490/470 483/483/463 484/484/464
f 489/489/469 483/483/463 490/490/470
f 491/491/471 484/484/464 485/485/465
f 490/490/470 484/484/464 491/491/471
f 492/492/472 485/485/465 486/486/466
f 491/491/471 485/485/465 492/492/472
f 487/487/467 493/493/473 486/486/466
f 492/492/472 486/486/466 493/493/473
f 493/493/473 487/487/467 494/494/474
f 495/495/475 451/451/436 488/488/468
f 449/449/435 451/451/436 495/495/475
f 496/496/476 488/488/468 489/489/469
f 495/495/475 488/488/468 496/496/476
f 497/497/477 489/489/469 490/490/470
f 496/496/476 489/489/469 497/497/477
f 498/498/478 490/490/470 491/491/471
f 497/497/477 490/490/470 498/498/478
f 499/499/479 491/491/471 492/492/472
f 498/498/478 491/491/471 499/499/479
f 500/500/480 493/493/473 494/494/474
f 500/500/480 494/494/474 501/501/481
f 502/502/482 492/492/472 493/493/473
f 499/499/479 492/492/472 502/502/482
f 493/493/473 500/500/480 502/502/482
f 503/503/483 449/449/435 495/495/475
f 447/447/434 449/449/435 503/503/483
f 504/504/484 495/495/475 496/496/476
f 503/503/483 495/495/475 504/504/484
f 505/505/485 496/496/476 497/497/477
f 504/504/484 496/496/476 505/505/485
f 506/506/486 497/497/477 498/498/478
f 505/505/485 497/497/477 506/506/486
f 507/507/487 498/498/478 499/499/479
f 506/506/486 498/498/478 507/507/487
f 508/508/488 499/499/479 502/502/482
f 507/507/487 499/499/479 508/508/488
f 500/500/480 509/509/489 502/502/482
f 502/502/482 509/509/489 508/508/488
f 510/510/490 447/447/434 503/503/483
f 445/445/433 447/447/434 510/510/490
f 511/511/491 503/503/483 504/504/484
f 510/510/490 503/503/483 511/511/491
f 512/512/492 504/504/484 505/505/485
f 511/511/491 504/504/484 512/512/492
f 513/513/493 505/505/485 506/506/486
f 512/512/492 505/505/485 513/513/493
f 514/514/494 506/506/486 507/507/487
f 513/513/493 506/506/486 514/514/494
f 515/515/495 507/507/487 508/508/488
f 514/514/494 507/507/487 515/515/495
f 516/516/496 445/445/433 510/510/490
f 443/443/431 445/445/433 516/516/496
f 517/517/497 510/510/490 511/511/491
f 516/516/496 510/510/490 517/517/497
f 518/518/498 511/511/491 512/512/492
f 517/517/497 511/511/491 518/518/498
f 519/519/499 512/512/492 513/513/493
f 518/518/498 512/512/492 519/519/499
f 520/520/500 513/513/493 514/514/494
f 519/519/499 513/513/493 520/520/500
f 521/521/501 443/443/431 516/516/496
f 441/441/430 443/443/431 521/521/501
f 522/522/502 516/516/496 517/517/497
f 521/521/501 516/516/496 522/522/502
f 523/523/503 517/517/497 518/518/498
f 522/522/502 517/517/497 523/523/503
f 524/524/504 518/518/498 519/519/499
f 523/523/503 518/518/498 524/524/504
f 525/525/505 441/441/430 521/521/501
f 439/439/429 441/441/430 525/525/505
f 526/526/506 521/521/501 522/522/502
f 525/525/505 521/521/501 526/526/506
f 527/527/507 522/522/502 523/523/503
f 526/526/506 522/522/502 527/527/507
f 528/528/508 439/439/429 525/525/505
f 437/437/428 439/439/429 528/528/508
f 529/529/509 525/525/505 526/526/506
f 528/528/508 525/525/505 529/529/509
f 530/530/510 437/437/428 528/528/508
f 433/433/425 437/437/428 530/530/510
f 524/524/504 519/519/499 531/531/511
f 531/531/511 519/519/499 520/520/500
f 532/532/512 523/523/503 524/524/504
f 527/527/507 523/523/503 532/532/512
f 533/533/513 526/526/506 527/527/507
f 529/529/509 526/526/506 533/533/513
f 534/534/514 528/528/508 529/529/509
f 530/530/510 528/528/508 534/534/514
f 535/535/515 433/433/425 530/530/510
f 427/427/419 433/433/425 535/535/515
f 536/536/516 524/524/504 531/531/511
f 532/532/512 524/524/504 536/536/516
f 537/537/517 527/527/507 532/532/512
f 533/533/513 527/527/507 537/537/517
f 538/538/518 529/529/509 533/533/513
f 534/534/514 529/529/509 538/538/518
f 539/539/519 530/530/510 534/534/514
f 535/535/515 530/530/510 539/539/519
f 540/540/520 427/427/419 535/535/515
f 421/421/414 427/427/419 540/540/520
f 541/541/521 532/532/512 536/536/516
f 537/537/517 532/532/512 541/541/521
f 542/542/522 533/533/513 537/537/517
f 538/538/518 533/533/513 542/542/522
f 543/543/523 534/534/514 538/538/518
f 539/539/519 534/534/514 543/543/523
f 544/544/524 535/535/515 539/539/519
f 540/540/520 535/535/515 544/544/524
f 545/545/525 421/421/414 540/540/520
f 545/545/525 423/423/415 421/421/414
f 546/546/526 537/537/517 541/541/521
f 542/542/522 537/537/517 546/546/526
f 547/547/527 538/538/518 542/542/522
f 543/543/523 538/538/518 547/547/527
f 548/548/528 539/539/519 543/543/523
f 544/544/524 539/539/519 548/548/528
f 549/549/529 540/540/520 544/544/524
f 545/545/525 540/540/520 549/549/529
f 550/550/530 423/423/415 545/545/525
f 550/550/530 424/424/416 423/423/415
f 551/551/531 542/542/522 546/546/526
f 547/547/527 542/542/522 551/551/531
f 552/552/532 543/543/523 547/547/527
f 548/548/528 543/543/523 552/552/532
f 553/553/533 544/544/524 548/548/528
f 549/549/529 544/544/524 553/553/533
f 554/554/534 545/545/525 549/549/529
f 554/554/534 550/550/530 545/545/525
f 555/555/535 424/424/416 550/550/530
f 555/555/535 426/426/418 424/424/416
f 556/556/536 555/555/535 550/550/530
f 556/556/536 550/550/530 554/554/534
f 554/554/534 549/549/529 557/557/537
f 557/557/537 549/549/529 553/553/533
f 553/553/533 548/548/528 558/558/538
f 558/558/538 548/548/528 552/552/532
f 552/552/532 547/547/527 559/559/539
f 559/559/539 547/547/527 551/551/531
f 555/555/535 560/560/540 426/426/418
f 560/560/540 555/555/535 556/556/536
f 561/561/541 556/556/536 554/554/534
f 561/561/541 554/554/534 557/557/537
f 557/557/537 553/553/533 562/562/542
f 562/562/542 553/553/533 558/558/538
f 558/558/538 552/552/532 563/563/543
f 563/563/543 552/552/532 559/559/539
f 560/560/540 564/564/544 426/426/418
f 564/564/544 430/430/422 426/426/418
f 565/565/545 560/560/540 556/556/536
f 556/556/536 561/561/541 565/565/545
f 561/561/541 557/557/537 566/566/546
f 566/566/546 557/557/537 562/562/542
f 567/567/547 430/430/422 564/564/544
f 567/567/547 435/435/426 430/430/422
f 560/560/540 568/568/548 564/564/544
f 568/568/548 560/560/540 565/565/545
f 568/568/548 567/567/547 564/564/544
f 561/561/541 569/569/549 565/565/545
f 569/569/549 561/561/541 566/566/546
f 570/570/550 568/568/548 565/565/545
f 565/565/545 569/569/549 570/570/550
f 568/568/548 571/571/551 567/567/547
f 571/571/551 568/568/548 570/570/550
f 569/569/549 566/566/546 572/572/552
f 566/566/546 562/562/542 572/572/552
f 569/569/549 573/573/553 570/570/550
f 573/573/553 569/569/549 572/572/552
f 567/567/547 574/574/554 435/435/426
f 571/571/551 574/574/554 567/567/547
f 575/575/555 571/571/551 570/570/550
f 575/575/555 570/570/550 573/573/553
f 572/572/552 562/562/542 576/576/556
f 573/573/553 572/572/552 577/577/557
f 577/577/557 572/572/552 576/576/556
f 578/578/558 575/575/555 573/573/553
f 578/578/558 573/573/553 577/577/557
f 576/576/556 562/562/542 579/579/559
f 562/562/542 558/558/538 579/579/559
f 579/579/559 558/558/538 563/563/543
f 580/580/560 571/571/551 575/575/555
f 581/581/561 574/574/554 571/571/551
f 580/580/560 581/581/561 571/571/551
f 582/582/562 575/575/555 578/578/558
f 582/582/562 580/580/560 575/575/555
f 578/578/558 577/577/557 583/583/563
f 577/577/557 576/576/556 584/584/564
f 583/583/563 577/577/557 584/584/564
f 576/576/556 579/579/559 585/585/565
f 584/584/564 576/576/556 585/585/565
f 579/579/559 563/563/543 586/586/566
f 585/585/565 579/579/559 586/586/566
f 587/587/567 582/582/562 578/578/558
f 587/587/567 578/578/558 583/583/563
f 586/586/566 563/563/543 588/588/568
f 563/563/543 559/559/539 588/588/568
f 588/588/568 559/559/539 589/589/569
f 559/559/539 551/551/531 589/589/569
f 589/589/569 551/551/531 590/590/570
f 551/551/531 546/546/526 590/590/570
f 590/590/570 546/546/526 591/591/571
f 546/546/526 541/541/521 591/591/571
f 591/591/571 541/541/521 592/592/572
f 541/541/521 536/536/516 592/592/572
f 592/592/572 536/536/516 593/593/573
f 536/536/516 531/531/511 593/593/573
f 593/593/573 531/531/511 594/594/574
f 531/531/511 520/520/500 594/594/574
f 594/594/574 520/520/500 595/595/575
f 520/520/500 514/514/494 595/595/575
f 595/595/575 514/514/494 515/515/495
f 590/590/570 596/596/576 589/589/569
f 591/591/571 597/597/577 590/590/570
f 597/597/577 596/596/576 590/590/570
f 592/592/572 598/598/578 591/591/571
f 598/598/578 597/597/577 591/591/571
f 593/593/573 599/599/579 592/592/572
f 599/599/579 598/598/578 592/592/572
f 594/594/574 600/600/580 593/593/573
f 600/600/580 599/599/579 593/593/573
f 595/595/575 601/601/581 594/594/574
f 601/601/581 600/600/580 594/594/574
f 515/515/495 602/602/582 595/595/575
f 602/602/582 601/601/581 595/595/575
f 596/596/576 603/603/583 589/589/569
f 589/589/569 603/603/583 588/588/568
f 604/604/584 602/602/582 515/515/495
f 508/508/488 604/604/584 515/515/495
f 509/509/489 604/604/584 508/508/488
f 603/603/583 605/605/585 588/588/568
f 588/588/568 605/605/585 586/586/566
f 605/605/585 606/606/586 586/586/566
f 586/586/566 606/606/586 585/585/565
f 606/606/586 607/607/587 585/585/565
f 585/585/565 607/607/587 584/584/564
f 607/607/587 608/608/588 584/584/564
f 584/584/564 608/608/588 583/583/563
f 608/608/588 609/609/589 583/583/563
f 583/583/563 609/609/589 587/587/567
f 509/509/489 610/610/590 604/604/584
f 610/610/590 611/611/591 604/604/584
f 604/604/584 611/611/591 602/602/582
f 612/612/592 610/610/590 509/509/489
f 500/500/480 612/612/592 509/509/489
f 612/612/592 500/500/480 501/501/481
f 612/612/592 501/501/481 613/613/593
f 614/614/594 612/612/592 613/613/593
f 612/612/592 614/614/594 610/610/590
f 614/614/594 613/613/593 615/615/595
f 614/614/594 616/616/596 610/610/590
f 610/610/590 616/616/596 611/611/591
f 617/617/597 614/614/594 615/615/595
f 614/614/594 617/617/597 616/616/596
f 617/617/597 615/615/595 618/618/598
f 611/611/591 619/619/599 602/602/582
f 602/602/582 619/619/599 601/601/581
f 616/616/596 620/620/600 611/611/591
f 611/611/591 620/620/600 619/619/599
f 621/621/601 617/617/597 618/618/598
f 621/621/601 618/618/598 622/622/602
f 617/617/597 623/623/603 616/616/596
f 616/616/596 623/623/603 620/620/600
f 617/617/597 621/621/601 623/623/603
f 619/619/599 624/624/604 601/601/581
f 601/601/581 624/624/604 600/600/580
f 625/625/605 621/621/601 622/622/602
f 625/625/605 622/622/602 626/626/168
f 627/627/606 625/625/605 626/626/168
f 620/620/600 628/628/607 619/619/599
f 619/619/599 628/628/607 624/624/604
f 621/621/601 629/629/608 623/623/603
f 621/621/601 625/625/605 629/629/608
f 625/625/605 627/627/606 630/630/609
f 625/625/605 630/630/609 629/629/608
f 627/627/606 631/631/169 630/630/609
f 623/623/603 632/632/610 620/620/600
f 623/623/603 629/629/608 632/632/610
f 620/620/600 632/632/610 628/628/607
f 624/624/604 633/633/611 600/600/580
f 600/600/580 633/633/611 599/599/579
f 630/630/609 631/631/169 634/634/612
f 631/631/169 635/635/171 634/634/612
f 629/629/608 630/630/609 636/636/613
f 629/629/608 636/636/613 632/632/610
f 630/630/609 634/634/612 636/636/613
f 632/632/610 637/637/614 628/628/607
f 632/632/610 636/636/613 637/637/614
f 628/628/607 638/638/615 624/624/604
f 624/624/604 638/638/615 633/633/611
f 628/628/607 637/637/614 638/638/615
f 633/633/611 639/639/616 599/599/579
f 599/599/579 639/639/616 598/598/578
f 634/634/612 635/635/171 640/640/617
f 635/635/171 641/641/173 640/640/617
f 636/636/613 634/634/612 642/642/618
f 636/636/613 642/642/618 637/637/614
f 634/634/612 640/640/617 642/642/618
f 637/637/614 643/643/619 638/638/615
f 637/637/614 642/642/618 643/643/619
f 638/638/615 644/644/620 633/633/611
f 633/633/611 644/644/620 639/639/616
f 638/638/615 643/643/619 644/644/620
f 639/639/616 645/645/621 598/598/578
f 598/598/578 645/645/621 597/597/577
f 640/640/617 641/641/173 646/646/622
f 641/641/173 647/647/176 646/646/622
f 642/642/618 640/640/617 648/648/623
f 642/642/618 648/648/623 643/643/619
f 640/640/617 646/646/622 648/648/623
f 643/643/619 649/649/624 644/644/620
f 643/643/619 648/648/623 649/649/624
f 644/644/620 650/650/625 639/639/616
f 639/639/616 650/650/625 645/645/621
f 644/644/620 649/649/624 650/650/625
f 645/645/621 651/651/626 597/597/577
f 597/597/577 651/651/626 596/596/576
f 646/646/622 647/647/176 652/652/627
f 647/647/176 653/653/179 652/652/627
f 648/648/623 646/646/622 654/654/628
f 648/648/623 654/654/628 649/649/624
f 646/646/622 652/652/627 654/654/628
f 649/649/624 655/655/629 650/650/625
f 649/649/624 654/654/628 655/655/629
f 650/650/625 656/656/630 645/645/621
f 645/645/621 656/656/630 651/651/626
f 650/650/625 655/655/629 656/656/630
f 651/651/626 657/657/631 596/596/576
f 596/596/576 657/657/631 603/603/583
f 652/652/627 653/653/179 658/658/632
f 653/653/179 659/659/182 658/658/632
f 654/654/628 652/652/627 660/660/633
f 654/654/628 660/660/633 655/655/629
f 652/652/627 658/658/632 660/660/633
f 655/655/629 661/661/634 656/656/630
f 655/655/629 660/660/633 661/661/634
f 656/656/630 662/662/635 651/651/626
f 651/651/626 662/662/635 657/657/631
f 656/656/630 661/661/634 662/662/635
f 657/657/631 663/663/636 603/603/583
f 603/603/583 663/663/636 605/605/585
f 658/658/632 659/659/182 664/664/637
f 659/659/182 665/665/638 664/664/637
f 660/660/633 658/658/632 666/666/639
f 660/660/633 666/666/639 661/661/634
f 658/658/632 664/664/637 666/666/639
f 661/661/634 667/667/640 662/662/635
f 661/661/634 666/666/639 667/667/640
f 662/662/635 668/668/641 657/657/631
f 657/657/631 668/668/641 663/663/636
f 662/662/635 667/667/640 668/668/641
f 663/663/636 669/669/642 605/605/585
f 605/605/585 669/669/642 606/606/586
f 664/664/637 665/665/638 670/670/643
f 665/665/638 671/671/190 670/670/643
f 666/666/639 664/664/637 672/672/644
f 666/666/639 672/672/644 667/667/640
f 664/664/637 670/670/643 672/672/644
f 667/667/640 673/673/645 668/668/641
f 667/667/640 672/672/644 673/673/645
f 668/668/641 674/674/646 663/663/636
f 663/663/636 674/674/646 669/669/642
f 668/668/641 673/673/645 674/674/646
f 669/669/642 675/675/647 606/606/586
f 606/606/586 675/675/647 607/607/587
f 670/670/643 671/671/190 676/676/648
f 671/671/190 677/677/195 676/676/648
f 672/672/644 670/670/643 678/678/649
f 672/672/644 678/678/649 673/673/645
f 670/670/643 676/676/648 678/678/649
f 674/674/646 679/679/650 669/669/642
f 669/669/642 679/679/650 675/675/647
f 673/673/645 680/680/651 674/674/646
f 673/673/645 678/678/649 680/680/651
f 674/674/646 680/680/651 679/679/650
f 675/675/647 681/681/652 607/607/587
f 607/607/587 681/681/652 608/608/588
f 676/676/648 677/677/195 682/682/653
f 677/677/195 683/683/200 682/682/653
f 678/678/649 676/676/648 684/684/654
f 678/678/649 684/684/654 680/680/651
f 676/676/648 682/682/653 684/684/654
f 680/680/651 685/685/655 679/679/650
f 680/680/651 684/684/654 685/685/655
f 679/679/650 686/686/656 675/675/647
f 675/675/647 686/686/656 681/681/652
f 679/679/650 685/685/655 686/686/656
f 681/681/652 687/687/657 608/608/588
f 608/608/588 687/687/657 609/609/589
f 682/682/653 683/683/200 688/688/658
f 683/683/200 689/689/206 688/688/658
f 684/684/654 682/682/653 690/690/659
f 684/684/654 690/690/659 685/685/655
f 682/682/653 688/688/658 690/690/659
f 685/685/655 691/691/660 686/686/656
f 685/685/655 690/690/659 691/691/660
f 686/686/656 692/692/661 681/681/652
f 681/681/652 692/692/661 687/687/657
f 686/686/656 691/691/660 692/692/661
f 688/688/658 689/689/206 693/693/662
f 689/689/206 694/694/213 693/693/662
f 690/690/659 688/688/658 695/695/663
f 690/690/659 695/695/663 691/691/660
f 688/688/658 693/693/662 695/695/663
f 691/691/660 696/696/664 692/692/661
f 691/691/660 695/695/663 696/696/664
f 693/693/662 694/694/213 697/697/665
f 694/694/213 698/698/666 697/697/665
f 695/695/663 693/693/662 699/699/667
f 695/695/663 699/699/667 696/696/664
f 693/693/662 697/697/665 699/699/667
f 692/692/661 696/696/664 700/700/668
f 692/692/661 700/700/668 687/687/657
f 697/697/665 698/698/666 701/701/669
f 698/698/666 702/702/670 701/701/669
f 696/696/664 699/699/667 703/703/671
f 696/696/664 703/703/671 700/700/668
f 699/699/667 697/697/665 704/704/672
f 697/697/665 701/701/669 704/704/672
f 699/699/667 704/704/672 703/703/671
f 701/701/669 702/702/670 705/705/673
f 702/702/670 706/706/233 705/705/673
f 704/704/672 701/701/669 707/707/674
f 701/701/669 705/705/673 707/707/674
f 703/703/671 704/704/672 708/708/675
f 704/704/672 707/707/674 708/708/675
f 700/700/668 703/703/671 709/709/676
f 703/703/671 708/708/675 709/709/676
f 687/687/657 700/700/668 710/710/677
f 700/700/668 709/709/676 710/710/677
f 705/705/673 706/706/233 711/711/678
f 706/706/233 712/712/238 711/711/678
f 707/707/674 705/705/673 713/713/679
f 705/705/673 711/711/678 713/713/679
f 714/714/680 711/711/678 712/712/238
f 711/711/678 714/714/680 713/713/679
f 715/715/242 714/714/680 712/712/238
f 708/708/675 707/707/674 716/716/681
f 707/707/674 713/713/679 716/716/681
f 709/709/676 708/708/675 717/717/682
f 708/708/675 716/716/681 717/717/682
f 713/713/679 718/718/683 716/716/681
f 714/714/680 718/718/683 713/713/679
f 719/719/684 714/714/680 715/715/242
f 720/720/685 719/719/684 715/715/242
f 718/718/683 721/721/686 716/716/681
f 716/716/681 721/721/686 717/717/682
f 718/718/683 714/714/680 722/722/687
f 714/714/680 719/719/684 722/722/687
f 718/718/683 722/722/687 721/721/686
f 709/709/676 717/717/682 723/723/688
f 710/710/677 709/709/676 723/723/688
f 724/724/689 719/719/684 720/720/685
f 725/725/251 724/724/689 720/720/685
f 724/724/689 726/726/690 719/719/684
f 726/726/690 727/727/691 719/719/684
f 722/722/687 719/719/684 727/727/691
f 726/726/690 728/728/692 727/727/691
f 728/728/692 729/729/693 727/727/691
f 727/727/691 729/729/693 722/722/687
f 728/728/692 730/730/694 729/729/693
f 721/721/686 731/731/695 717/717/682
f 723/723/688 717/717/682 731/731/695
f 722/722/687 732/732/696 721/721/686
f 722/722/687 729/729/693 732/732/696
f 721/721/686 732/732/696 731/731/695
f 730/730/694 733/733/697 729/729/693
f 730/730/694 734/734/698 733/733/697
f 729/729/693 735/735/699 732/732/696
f 729/729/693 733/733/697 735/735/699
f 732/732/696 736/736/700 731/731/695
f 732/732/696 735/735/699 736/736/700
f 737/737/701 723/723/688 731/731/695
f 731/731/695 736/736/700 737/737/701
f 734/734/698 738/738/702 733/733/697
f 734/734/698 739/739/703 738/738/702
f 733/733/697 740/740/704 735/735/699
f 740/740/704 733/733/697 738/738/702
f 741/741/705 723/723/688 737/737/701
f 710/710/677 723/723/688 741/741/705
f 735/735/699 742/742/706 736/736/700
f 735/735/699 740/740/704 742/742/706
f 739/739/703 743/743/707 738/738/702
f 739/739/703 744/744/708 743/743/707
f 745/745/709 710/710/677 741/741/705
f 710/710/677 745/745/709 687/687/657
f 687/687/657 745/745/709 609/609/589
f 609/609/589 745/745/709 746/746/710
f 745/745/709 741/741/705 746/746/710
f 609/609/589 746/746/710 587/587/567
f 741/741/705 747/747/711 746/746/710
f 747/747/711 741/741/705 737/737/701
f 746/746/710 748/748/712 587/587/567
f 747/747/711 748/748/712 746/746/710
f 747/747/711 749/749/713 748/748/712
f 748/748/712 582/582/562 587/587/567
f 737/737/701 750/750/714 747/747/711
f 750/750/714 749/749/713 747/747/711
f 736/736/700 750/750/714 737/737/701
f 748/748/712 751/751/715 582/582/562
f 749/749/713 751/751/715 748/748/712
f 751/751/715 580/580/560 582/582/562
f 752/752/716 750/750/714 736/736/700
f 750/750/714 752/752/716 749/749/713
f 742/742/706 752/752/716 736/736/700
f 751/751/715 753/753/717 580/580/560
f 753/753/717 751/751/715 749/749/713
f 753/753/717 581/581/561 580/580/560
f 742/742/706 754/754/718 752/752/716
f 740/740/704 754/754/718 742/742/706
f 752/752/716 755/755/719 749/749/713
f 754/754/718 755/755/719 752/752/716
f 756/756/720 753/753/717 749/749/713
f 755/755/719 756/756/720 749/749/713
f 753/753/717 757/757/721 581/581/561
f 757/757/721 753/753/717 756/756/720
f 758/758/722 755/755/719 754/754/718
f 755/755/719 758/758/722 756/756/720
f 754/754/718 740/740/704 759/759/723
f 759/759/723 758/758/722 754/754/718
f 760/760/724 758/758/722 759/759/723
f 758/758/722 761/761/725 756/756/720
f 761/761/725 757/757/721 756/756/720
f 757/757/721 762/762/726 581/581/561
f 581/581/561 762/762/726 574/574/554
f 740/740/704 763/763/727 759/759/723
f 763/763/727 740/740/704 738/738/702
f 764/764/728 761/761/725 758/758/722
f 760/760/724 764/764/728 758/758/722
f 765/765/729 757/757/721 761/761/725
f 757/757/721 765/765/729 762/762/726
f 764/764/728 765/765/729 761/761/725
f 762/762/726 766/766/730 574/574/554
f 574/574/554 766/766/730 435/435/426
f 767/767/731 759/759/723 763/763/727
f 767/767/731 760/760/724 759/759/723
f 768/768/732 763/763/727 738/738/702
f 768/768/732 767/767/731 763/763/727
f 767/767/731 768/768/732 769/769/733
f 743/743/707 768/768/732 738/738/702
f 769/769/733 768/768/732 743/743/707
f 765/765/729 770/770/734 762/762/726
f 762/762/726 770/770/734 766/766/730
f 771/771/735 765/765/729 764/764/728
f 765/765/729 771/771/735 770/770/734
f 435/435/426 766/766/730 772/772/736
f 435/435/426 772/772/736 432/432/424
f 770/770/734 773/773/737 766/766/730
f 766/766/730 773/773/737 772/772/736
f 774/774/738 432/432/424 772/772/736
f 436/436/427 432/432/424 774/774/738
f 775/775/739 769/769/733 743/743/707
f 744/744/708 775/775/739 743/743/707
f 744/744/708 776/776/740 775/775/739
f 776/776/740 777/777/266 775/775/739
f 769/769/733 775/775/739 777/777/266
f 778/778/741 769/769/733 777/777/266
f 779/779/742 769/769/733 778/778/741
f 780/780/271 779/779/742 778/778/741
f 781/781/743 779/779/742 780/780/271
f 782/782/273 781/781/743 780/780/271
f 779/779/742 783/783/744 769/769/733
f 779/779/742 781/781/743 783/783/744
f 783/783/744 767/767/731 769/769/733
f 783/783/744 784/784/745 767/767/731
f 781/781/743 784/784/745 783/783/744
f 784/784/745 760/760/724 767/767/731
f 785/785/746 781/781/743 782/782/273
f 786/786/280 785/785/746 782/782/273
f 781/781/743 787/787/747 784/784/745
f 760/760/724 784/784/745 787/787/747
f 785/785/746 786/786/280 788/788/748
f 786/786/280 789/789/749 788/788/748
f 785/785/746 790/790/750 781/781/743
f 790/790/750 785/785/746 788/788/748
f 790/790/750 787/787/747 781/781/743
f 791/791/751 790/790/750 788/788/748
f 790/790/750 791/791/751 792/792/752
f 793/793/753 790/790/750 792/792/752
f 790/790/750 793/793/753 787/787/747
f 793/793/753 792/792/752 794/794/754
f 795/795/755 760/760/724 787/787/747
f 793/793/753 795/795/755 787/787/747
f 796/796/756 793/793/753 794/794/754
f 793/793/753 796/796/756 795/795/755
f 760/760/724 795/795/755 797/797/757
f 796/796/756 797/797/757 795/795/755
f 764/764/728 760/760/724 797/797/757
f 797/797/757 771/771/735 764/764/728
f 798/798/758 796/796/756 794/794/754
f 796/796/756 798/798/758 797/797/757
f 798/798/758 771/771/735 797/797/757
f 799/799/759 798/798/758 794/794/754
f 799/799/759 800/800/760 798/798/758
f 800/800/760 801/801/761 798/798/758
f 798/798/758 801/801/761 771/771/735
f 801/801/761 800/800/760 802/802/762
f 801/801/761 803/803/763 771/771/735
f 771/771/735 803/803/763 770/770/734
f 770/770/734 803/803/763 773/773/737
f 804/804/764 801/801/761 802/802/762
f 803/803/763 801/801/761 804/804/764
f 803/803/763 805/805/765 773/773/737
f 805/805/765 803/803/763 804/804/764
f 806/806/766 804/804/764 802/802/762
f 805/805/765 804/804/764 806/806/766
f 807/807/767 806/806/766 802/802/762
f 807/807/767 808/808/768 806/806/766
f 773/773/737 805/805/765 809/809/769
f 809/809/769 805/805/765 806/806/766
f 772/772/736 773/773/737 809/809/769
f 809/809/769 774/774/738 772/772/736
f 808/808/768 810/810/770 806/806/766
f 809/809/769 806/806/766 810/810/770
f 774/774/738 809/809/769 810/810/770
f 808/808/768 811/811/771 810/810/770
f 774/774/738 810/810/770 812/812/772
f 811/811/771 812/812/772 810/810/770
f 813/813/773 774/774/738 812/812/772
f 813/813/773 436/436/427 774/774/738
f 408/408/404 436/436/427 813/813/773
f 814/814/774 812/812/772 811/811/771
f 813/813/773 812/812/772 814/814/774
f 408/408/404 813/813/773 814/814/774
f 815/815/775 814/814/774 811/811/771
f 408/408/404 814/814/774 409/409/378
f 815/815/775 816/816/776 814/814/774
f 816/816/776 409/409/378 814/814/774
f 817/817/777 818/818/407 819/819/778
f 818/818/407 820/820/779 819/819/778
f 819/819/778 820/820/779 821/821/780
f 818/818/407 822/822/402 820/820/779
f 820/820/779 823/823/781 821/821/780
f 821/821/780 823/823/781 824/824/782
f 822/822/402 825/825/783 820/820/779
f 820/820/779 825/825/783 823/823/781
f 822/822/402 826/826/784 825/825/783
f 823/823/781 827/827/785 824/824/782
f 828/828/786 824/824/782 827/827/785
f 825/825/783 829/829/787 823/823/781
f 823/823/781 829/829/787 827/827/785
f 826/826/784 830/830/788 825/825/783
f 825/825/783 830/830/788 829/829/787
f 826/826/784 831/831/395 830/830/788
f 832/832/789 828/828/786 827/827/785
f 833/833/790 828/828/786 832/832/789
f 829/829/787 834/834/791 827/827/785
f 832/832/789 827/827/785 834/834/791
f 830/830/788 835/835/792 829/829/787
f 829/829/787 835/835/792 834/834/791
f 831/831/395 836/836/793 830/830/788
f 830/830/788 836/836/793 835/835/792
f 831/831/395 837/837/794 836/836/793
f 838/838/795 833/833/790 832/832/789
f 833/833/790 838/838/795 839/839/796
f 840/840/797 832/832/789 834/834/791
f 838/838/795 832/832/789 840/840/797
f 835/835/792 841/841/798 834/834/791
f 840/840/797 834/834/791 841/841/798
f 837/837/794 842/842/799 836/836/793
f 837/837/794 843/843/389 842/842/799
f 836/836/793 844/844/800 835/835/792
f 835/835/792 844/844/800 841/841/798
f 836/836/793 842/842/799 844/844/800
f 838/838/795 845/845/801 839/839/796
f 846/846/802 839/839/796 845/845/801
f 847/847/803 838/838/795 840/840/797
f 838/838/795 847/847/803 845/845/801
f 843/843/389 848/848/804 842/842/799
f 843/843/389 849/849/805 848/848/804
f 850/850/806 840/840/797 841/841/798
f 847/847/803 840/840/797 850/850/806
f 842/842/799 851/851/807 844/844/800
f 842/842/799 848/848/804 851/851/807
f 844/844/800 852/852/808 841/841/798
f 850/850/806 841/841/798 852/852/808
f 844/844/800 851/851/807 852/852/808
f 853/853/809 846/846/802 845/845/801
f 846/846/802 853/853/809 854/854/810
f 849/849/805 855/855/811 848/848/804
f 849/849/805 856/856/386 855/855/811
f 847/847/803 857/857/812 845/845/801
f 853/853/809 845/845/801 857/857/812
f 858/858/813 847/847/803 850/850/806
f 847/847/803 858/858/813 857/857/812
f 859/859/814 850/850/806 852/852/808
f 858/858/813 850/850/806 859/859/814
f 848/848/804 860/860/815 851/851/807
f 848/848/804 855/855/811 860/860/815
f 851/851/807 861/861/816 852/852/808
f 859/859/814 852/852/808 861/861/816
f 851/851/807 860/860/815 861/861/816
f 856/856/386 862/862/817 855/855/811
f 856/856/386 863/863/25 862/862/817
f 855/855/811 864/864/818 860/860/815
f 855/855/811 862/862/817 864/864/818
f 860/860/815 865/865/819 861/861/816
f 860/860/815 864/864/818 865/865/819
f 866/866/820 859/859/814 861/861/816
f 866/866/820 861/861/816 865/865/819
f 867/867/821 858/858/813 859/859/814
f 867/867/821 859/859/814 866/866/820
f 863/863/25 868/868/822 862/862/817
f 863/863/25 869/869/823 868/868/822
f 862/862/817 870/870/824 864/864/818
f 862/862/817 868/868/822 870/870/824
f 864/864/818 871/871/825 865/865/819
f 864/864/818 870/870/824 871/871/825
f 872/872/826 866/866/820 865/865/819
f 872/872/826 865/865/819 871/871/825
f 869/869/823 873/873/827 868/868/822
f 869/869/823 874/874/14 873/873/827
f 868/868/822 875/875/828 870/870/824
f 868/868/822 873/873/827 875/875/828
f 870/870/824 876/876/829 871/871/825
f 870/870/824 875/875/828 876/876/829
f 874/874/14 877/877/830 873/873/827
f 874/874/14 878/878/11 877/877/830
f 873/873/827 879/879/831 875/875/828
f 873/873/827 877/877/830 879/879/831
f 878/878/11 880/880/832 877/877/830
f 878/878/11 881/881/9 880/880/832
f 882/882/833 866/866/820 872/872/826
f 882/882/833 867/867/821 866/866/820
f 883/883/834 872/872/826 871/871/825
f 883/883/834 871/871/825 876/876/829
f 875/875/828 884/884/835 876/876/829
f 875/875/828 879/879/831 884/884/835
f 877/877/830 885/885/836 879/879/831
f 877/877/830 880/880/832 885/885/836
f 881/881/9 886/886/837 880/880/832
f 881/881/9 887/887/8 886/886/837
f 887/887/8 888/888/778 886/886/837
f 880/880/832 886/886/837 889/889/838
f 880/880/832 889/889/838 885/885/836
f 886/886/837 888/888/778 890/890/839
f 886/886/837 890/890/839 889/889/838
f 888/888/778 891/891/840 890/890/839
f 879/879/831 885/885/836 892/892/841
f 879/879/831 892/892/841 884/884/835
f 893/893/842 876/876/829 884/884/835
f 893/893/842 883/883/834 876/876/829
f 885/885/836 889/889/838 894/894/843
f 885/885/836 894/894/843 892/892/841
f 889/889/838 890/890/839 895/895/844
f 889/889/838 895/895/844 894/894/843
f 890/890/839 891/891/840 896/896/845
f 890/890/839 896/896/845 895/895/844
f 891/891/840 897/897/782 896/896/845
f 898/898/846 884/884/835 892/892/841
f 898/898/846 893/893/842 884/884/835
f 899/899/847 892/892/841 894/894/843
f 899/899/847 898/898/846 892/892/841
f 900/900/848 894/894/843 895/895/844
f 900/900/848 899/899/847 894/894/843
f 901/901/849 895/895/844 896/896/845
f 901/901/849 900/900/848 895/895/844
f 902/902/850 896/896/845 897/897/782
f 902/902/850 901/901/849 896/896/845
f 903/903/786 902/902/850 897/897/782
f 904/904/851 902/902/850 903/903/786
f 905/905/790 904/904/851 903/903/786
f 906/906/852 901/901/849 902/902/850
f 904/904/851 906/906/852 902/902/850
f 907/907/853 900/900/848 901/901/849
f 906/906/852 907/907/853 901/901/849
f 908/908/854 899/899/847 900/900/848
f 907/907/853 908/908/854 900/900/848
f 909/909/855 898/898/846 899/899/847
f 908/908/854 909/909/855 899/899/847
f 904/904/851 905/905/790 910/910/856
f 905/905/790 911/911/857 910/910/856
f 906/906/852 904/904/851 912/912/858
f 904/904/851 910/910/856 912/912/858
f 907/907/853 906/906/852 913/913/859
f 906/906/852 912/912/858 913/913/859
f 908/908/854 907/907/853 914/914/860
f 907/907/853 913/913/859 914/914/860
f 915/915/861 910/910/856 911/911/857
f 916/916/862 915/915/861 911/911/857
f 917/917/863 912/912/858 910/910/856
f 915/915/861 917/917/863 910/910/856
f 918/918/864 913/913/859 912/912/858
f 917/917/863 918/918/864 912/912/858
f 915/915/861 916/916/862 919/919/865
f 916/916/862 920/920/866 919/919/865
f 917/917/863 915/915/861 921/921/867
f 915/915/861 919/919/865 921/921/867
f 922/922/868 919/919/865 920/920/866
f 923/923/869 922/922/868 920/920/866
f 908/908/854 914/914/860 924/924/870
f 909/909/855 908/908/854 924/924/870
f 925/925/871 914/914/860 913/913/859
f 918/918/864 925/925/871 913/913/859
f 918/918/864 917/917/863 926/926/872
f 917/917/863 921/921/867 926/926/872
f 927/927/873 921/921/867 919/919/865
f 922/922/868 927/927/873 919/919/865
f 928/928/874 922/922/868 923/923/869
f 929/929/875 928/928/874 923/923/869
f 930/930/876 924/924/870 914/914/860
f 925/925/871 930/930/876 914/914/860
f 925/925/871 918/918/864 931/931/877
f 918/918/864 926/926/872 931/931/877
f 932/932/878 926/926/872 921/921/867
f 927/927/873 932/932/878 921/921/867
f 933/933/879 927/927/873 922/922/868
f 928/928/874 933/933/879 922/922/868
f 928/928/874 929/929/875 934/934/880
f 929/929/875 935/935/881 934/934/880
f 930/930/876 925/925/871 936/936/882
f 925/925/871 931/931/877 936/936/882
f 937/937/883 931/931/877 926/926/872
f 932/932/878 937/937/883 926/926/872
f 938/938/884 932/932/878 927/927/873
f 933/933/879 938/938/884 927/927/873
f 933/933/879 928/928/874 939/939/885
f 928/928/874 934/934/880 939/939/885
f 934/934/880 935/935/881 940/940/886
f 935/935/881 941/941/887 940/940/886
f 942/942/888 936/936/882 931/931/877
f 937/937/883 942/942/888 931/931/877
f 943/943/889 937/937/883 932/932/878
f 938/938/884 943/943/889 932/932/878
f 938/938/884 933/933/879 944/944/890
f 933/933/879 939/939/885 944/944/890
f 939/939/885 934/934/880 945/945/891
f 934/934/880 940/940/886 945/945/891
f 946/946/892 940/940/886 941/941/887
f 947/947/893 946/946/892 941/941/887
f 947/947/893 948/948/894 946/946/892
f 948/948/894 949/949/895 946/946/892
f 946/946/892 950/950/896 940/940/886
f 946/946/892 949/949/895 950/950/896
f 950/950/896 945/945/891 940/940/886
f 949/949/895 951/951/897 950/950/896
f 950/950/896 951/951/897 952/952/898
f 950/950/896 952/952/898 945/945/891
f 951/951/897 953/953/899 952/952/898
f 939/939/885 945/945/891 954/954/900
f 952/952/898 954/954/900 945/945/891
f 944/944/890 939/939/885 954/954/900
f 952/952/898 953/953/899 955/955/901
f 952/952/898 955/955/901 954/954/900
f 953/953/899 956/956/902 955/955/901
f 944/944/890 954/954/900 957/957/903
f 955/955/901 957/957/903 954/954/900
f 955/955/901 956/956/902 958/958/904
f 955/955/901 958/958/904 957/957/903
f 956/956/902 959/959/905 958/958/904
f 960/960/906 944/944/890 957/957/903
f 938/938/884 944/944/890 960/960/906
f 943/943/889 938/938/884 960/960/906
f 958/958/904 961/961/907 957/957/903
f 960/960/906 957/957/903 961/961/907
f 958/958/904 959/959/905 962/962/908
f 958/958/904 962/962/908 961/961/907
f 959/959/905 963/963/909 962/962/908
f 943/943/889 960/960/906 964/964/910
f 964/964/910 960/960/906 961/961/907
f 962/962/908 965/965/911 961/961/907
f 964/964/910 961/961/907 965/965/911
f 962/962/908 963/963/909 966/966/912
f 962/962/908 966/966/912 965/965/911
f 963/963/909 967/967/913 966/966/912
f 968/968/914 943/943/889 964/964/910
f 943/943/889 968/968/914 937/937/883
f 968/968/914 942/942/888 937/937/883
f 969/969/915 964/964/910 965/965/911
f 968/968/914 964/964/910 969/969/915
f 966/966/912 970/970/916 965/965/911
f 969/969/915 965/965/911 970/970/916
f 966/966/912 967/967/913 971/971/917
f 966/966/912 971/971/917 970/970/916
f 967/967/913 972/972/918 971/971/917
f 968/968/914 973/973/919 942/942/888
f 973/973/919 968/968/914 969/969/915
f 974/974/920 969/969/915 970/970/916
f 973/973/919 969/969/915 974/974/920
f 971/971/917 975/975/921 970/970/916
f 974/974/920 970/970/916 975/975/921
f 971/971/917 972/972/918 976/976/922
f 971/971/917 976/976/922 975/975/921
f 972/972/918 977/977/923 976/976/922
f 973/973/919 978/978/924 942/942/888
f 942/942/888 978/978/924 936/936/882
f 979/979/925 973/973/919 974/974/920
f 973/973/919 979/979/925 978/978/924
f 980/980/926 974/974/920 975/975/921
f 979/979/925 974/974/920 980/980/926
f 976/976/922 981/981/927 975/975/921
f 980/980/926 975/975/921 981/981/927
f 976/976/922 977/977/923 982/982/928
f 976/976/922 982/982/928 981/981/927
f 977/977/923 983/983/929 982/982/928
f 978/978/924 984/984/930 936/936/882
f 930/930/876 936/936/882 984/984/930
f 979/979/925 985/985/931 978/978/924
f 978/978/924 985/985/931 984/984/930
f 986/986/932 979/979/925 980/980/926
f 979/979/925 986/986/932 985/985/931
f 987/987/933 980/980/926 981/981/927
f 986/986/932 980/980/926 987/987/933
f 982/982/928 988/988/934 981/981/927
f 987/987/933 981/981/927 988/988/934
f 982/982/928 983/983/929 989/989/935
f 982/982/928 989/989/935 988/988/934
f 983/983/929 990/990/936 989/989/935
f 991/991/937 930/930/876 984/984/930
f 930/930/876 991/991/937 924/924/870
f 985/985/931 992/992/938 984/984/930
f 991/991/937 984/984/930 992/992/938
f 986/986/932 993/993/939 985/985/931
f 985/985/931 993/993/939 992/992/938
f 994/994/940 986/986/932 987/987/933
f 986/986/932 994/994/940 993/993/939
f 995/995/941 987/987/933 988/988/934
f 994/994/940 987/987/933 995/995/941
f 989/989/935 996/996/942 988/988/934
f 995/995/941 988/988/934 996/996/942
f 989/989/935 990/990/936 997/997/943
f 989/989/935 997/997/943 996/996/942
f 990/990/936 998/998/944 997/997/943
f 997/997/943 998/998/944 999/999/945
f 998/998/944 1000/1000/946 999/999/945
f 997/997/943 1001/1001/947 996/996/942
f 997/997/943 999/999/945 1001/1001/947
f 1002/1002/948 995/995/941 996/996/942
f 1002/1002/948 996/996/942 1001/1001/947
f 1003/1003/949 994/994/940 995/995/941
f 1003/1003/949 995/995/941 1002/1002/948
f 994/994/940 1004/1004/950 993/993/939
f 994/994/940 1003/1003/949 1004/1004/950
f 999/999/945 1000/1000/946 1005/1005/951
f 1000/1000/946 1006/1006/952 1005/1005/951
f 999/999/945 1005/1005/951 1007/1007/953
f 999/999/945 1007/1007/953 1001/1001/947
f 1005/1005/951 1008/1008/954 1007/1007/953
f 1009/1009/955 1002/1002/948 1001/1001/947
f 1009/1009/955 1001/1001/947 1007/1007/953
f 1010/1010/956 1007/1007/953 1008/1008/954
f 1010/1010/956 1009/1009/955 1007/1007/953
f 1011/1011/881 1010/1010/956 1008/1008/954
f 1012/1012/957 1003/1003/949 1002/1002/948
f 1012/1012/957 1002/1002/948 1009/1009/955
f 1013/1013/958 1009/1009/955 1010/1010/956
f 1013/1013/958 1012/1012/957 1009/1009/955
f 1014/1014/959 1010/1010/956 1011/1011/881
f 1014/1014/959 1013/1013/958 1010/1010/956
f 1015/1015/960 1014/1014/959 1011/1011/881
f 1003/1003/949 1012/1012/957 1016/1016/961
f 1003/1003/949 1016/1016/961 1004/1004/950
f 1012/1012/957 1013/1013/958 1017/1017/962
f 1012/1012/957 1017/1017/962 1016/1016/961
f 1014/1014/959 1015/1015/960 1018/1018/963
f 1015/1015/960 1019/1019/869 1018/1018/963
f 1013/1013/958 1014/1014/959 1020/1020/964
f 1013/1013/958 1020/1020/964 1017/1017/962
f 1014/1014/959 1018/1018/963 1020/1020/964
f 1018/1018/963 1019/1019/869 1021/1021/965
f 1019/1019/869 854/854/810 1021/1021/965
f 853/853/809 1021/1021/965 854/854/810
f 1020/1020/964 1018/1018/963 1022/1022/966
f 1018/1018/963 1021/1021/965 1022/1022/966
f 853/853/809 1023/1023/967 1021/1021/965
f 1023/1023/967 1022/1022/966 1021/1021/965
f 1023/1023/967 853/853/809 857/857/812
f 1017/1017/962 1020/1020/964 1024/1024/968
f 1020/1020/964 1022/1022/966 1024/1024/968
f 1016/1016/961 1017/1017/962 1025/1025/969
f 1017/1017/962 1024/1024/968 1025/1025/969
f 1023/1023/967 857/857/812 1026/1026/970
f 858/858/813 1026/1026/970 857/857/812
f 858/858/813 867/867/821 1026/1026/970
f 1023/1023/967 1027/1027/971 1022/1022/966
f 1027/1027/971 1024/1024/968 1022/1022/966
f 1027/1027/971 1023/1023/967 1026/1026/970
f 867/867/821 1028/1028/972 1026/1026/970
f 1027/1027/971 1026/1026/970 1028/1028/972
f 867/867/821 882/882/833 1028/1028/972
f 1027/1027/971 1029/1029/973 1024/1024/968
f 1029/1029/973 1027/1027/971 1028/1028/972
f 1029/1029/973 1025/1025/969 1024/1024/968
f 1016/1016/961 1025/1025/969 1030/1030/974
f 1004/1004/950 1016/1016/961 1030/1030/974
f 882/882/833 1031/1031/975 1028/1028/972
f 1029/1029/973 1028/1028/972 1031/1031/975
f 1029/1029/973 1032/1032/976 1025/1025/969
f 1032/1032/976 1030/1030/974 1025/1025/969
f 1032/1032/976 1029/1029/973 1031/1031/975
f 1004/1004/950 1030/1030/974 1033/1033/977
f 993/993/939 1004/1004/950 1033/1033/977
f 993/993/939 1033/1033/977 992/992/938
f 882/882/833 1034/1034/978 1031/1031/975
f 1034/1034/978 882/882/833 872/872/826
f 1034/1034/978 872/872/826 883/883/834
f 1032/1032/976 1031/1031/975 1035/1035/979
f 1034/1034/978 1035/1035/979 1031/1031/975
f 1032/1032/976 1036/1036/980 1030/1030/974
f 1036/1036/980 1033/1033/977 1030/1030/974
f 1036/1036/980 1032/1032/976 1035/1035/979
f 1037/1037/981 992/992/938 1033/1033/977
f 1036/1036/980 1037/1037/981 1033/1033/977
f 1037/1037/981 991/991/937 992/992/938
f 1038/1038/982 1034/1034/978 883/883/834
f 1034/1034/978 1038/1038/982 1035/1035/979
f 1038/1038/982 883/883/834 893/893/842
f 1036/1036/980 1035/1035/979 1039/1039/983
f 1037/1037/981 1036/1036/980 1039/1039/983
f 1038/1038/982 1039/1039/983 1035/1035/979
f 991/991/937 1037/1037/981 1040/1040/984
f 1037/1037/981 1039/1039/983 1040/1040/984
f 991/991/937 1040/1040/984 924/924/870
f 909/909/855 924/924/870 1040/1040/984
f 1041/1041/985 1038/1038/982 893/893/842
f 1038/1038/982 1041/1041/985 1039/1039/983
f 1041/1041/985 1040/1040/984 1039/1039/983
f 1041/1041/985 909/909/855 1040/1040/984
f 1041/1041/985 893/893/842 898/898/846
f 909/909/855 1041/1041/985 898/898/846
f 1042/1042/986 1043/1043/251 1044/1044/987
f 1045/1045/988 1042/1042/986 1044/1044/987
f 1045/1045/988 1044/1044/987 1046/1046/254
f 1047/1047/989 1042/1042/986 1045/1045/988
f 1048/1048/990 1045/1045/988 1046/1046/254
f 1048/1048/990 1046/1046/254 1049/1049/260
f 1050/1050/991 1047/1047/989 1045/1045/988
f 1050/1050/991 1045/1045/988 1048/1048/990
f 1051/1051/992 1047/1047/989 1050/1050/991
f 1052/1052/993 1048/1048/990 1049/1049/260
f 1052/1052/993 1049/1049/260 1053/1053/994
f 1054/1054/995 1051/1051/992 1050/1050/991
f 1051/1051/992 1054/1054/995 1055/1055/996
f 1056/1056/997 1050/1050/991 1048/1048/990
f 1056/1056/997 1048/1048/990 1052/1052/993
f 1054/1054/995 1050/1050/991 1056/1056/997
f 1057/1057/998 1052/1052/993 1053/1053/994
f 1057/1057/998 1053/1053/994 1058/1058/265
f 1054/1054/995 1059/1059/999 1055/1055/996
f 1055/1055/996 1059/1059/999 1060/1060/1000
f 1061/1061/1001 1054/1054/995 1056/1056/997
f 1054/1054/995 1061/1061/1001 1059/1059/999
f 1062/1062/1002 1056/1056/997 1052/1052/993
f 1062/1062/1002 1052/1052/993 1057/1057/998
f 1061/1061/1001 1056/1056/997 1062/1062/1002
f 1063/1063/1003 1057/1057/998 1058/1058/265
f 1063/1063/1003 1058/1058/265 1064/1064/267
f 1059/1059/999 1065/1065/1004 1060/1060/1000
f 1066/1066/1005 1060/1060/1000 1065/1065/1004
f 1067/1067/1006 1062/1062/1002 1057/1057/998
f 1067/1067/1006 1057/1057/998 1063/1063/1003
f 1061/1061/1001 1068/1068/1007 1059/1059/999
f 1059/1059/999 1068/1068/1007 1065/1065/1004
f 1069/1069/1008 1061/1061/1001 1062/1062/1002
f 1069/1069/1008 1062/1062/1002 1067/1067/1006
f 1061/1061/1001 1069/1069/1008 1068/1068/1007
f 1070/1070/1009 1063/1063/1003 1064/1064/267
f 1070/1070/1009 1064/1064/267 1071/1071/708
f 1072/1072/1010 1066/1066/1005 1065/1065/1004
f 1066/1066/1005 1072/1072/1010 1073/1073/1011
f 1074/1074/1012 1067/1067/1006 1063/1063/1003
f 1074/1074/1012 1063/1063/1003 1070/1070/1009
f 1068/1068/1007 1075/1075/1013 1065/1065/1004
f 1072/1072/1010 1065/1065/1004 1075/1075/1013
f 1069/1069/1008 1076/1076/1014 1068/1068/1007
f 1068/1068/1007 1076/1076/1014 1075/1075/1013
f 1077/1077/1015 1069/1069/1008 1067/1067/1006
f 1077/1077/1015 1067/1067/1006 1074/1074/1012
f 1069/1069/1008 1077/1077/1015 1076/1076/1014
f 1078/1078/1016 1070/1070/1009 1071/1071/708
f 1078/1078/1016 1071/1071/708 1079/1079/703
f 1072/1072/1010 1080/1080/1017 1073/1073/1011
f 1081/1081/1018 1073/1073/1011 1080/1080/1017
f 1082/1082/1019 1072/1072/1010 1075/1075/1013
f 1072/1072/1010 1082/1082/1019 1080/1080/1017
f 1083/1083/1020 1074/1074/1012 1070/1070/1009
f 1083/1083/1020 1070/1070/1009 1078/1078/1016
f 1076/1076/1014 1084/1084/1021 1075/1075/1013
f 1082/1082/1019 1075/1075/1013 1084/1084/1021
f 1077/1077/1015 1085/1085/1022 1076/1076/1014
f 1076/1076/1014 1085/1085/1022 1084/1084/1021
f 1086/1086/1023 1077/1077/1015 1074/1074/1012
f 1086/1086/1023 1074/1074/1012 1083/1083/1020
f 1077/1077/1015 1086/1086/1023 1085/1085/1022
f 1087/1087/1024 1081/1081/1018 1080/1080/1017
f 1081/1081/1018 1087/1087/1024 1088/1088/1025
f 1082/1082/1019 1089/1089/1026 1080/1080/1017
f 1087/1087/1024 1080/1080/1017 1089/1089/1026
f 1090/1090/1027 1082/1082/1019 1084/1084/1021
f 1082/1082/1019 1090/1090/1027 1089/1089/1026
f 1085/1085/1022 1091/1091/1028 1084/1084/1021
f 1090/1090/1027 1084/1084/1021 1091/1091/1028
f 1086/1086/1023 1092/1092/1029 1085/1085/1022
f 1085/1085/1022 1092/1092/1029 1091/1091/1028
f 1093/1093/1030 1086/1086/1023 1083/1083/1020
f 1086/1086/1023 1093/1093/1030 1092/1092/1029
f 1087/1087/1024 1094/1094/1031 1088/1088/1025
f 1088/1088/1025 1094/1094/1031 1095/1095/1032
f 1096/1096/1033 1087/1087/1024 1089/1089/1026
f 1087/1087/1024 1096/1096/1033 1094/1094/1031
f 1090/1090/1027 1097/1097/1034 1089/1089/1026
f 1096/1096/1033 1089/1089/1026 1097/1097/1034
f 1098/1098/1035 1090/1090/1027 1091/1091/1028
f 1090/1090/1027 1098/1098/1035 1097/1097/1034
f 1092/1092/1029 1099/1099/1036 1091/1091/1028
f 1098/1098/1035 1091/1091/1028 1099/1099/1036
f 1093/1093/1030 1083/1083/1020 1100/1100/1037
f 1100/1100/1037 1083/1083/1020 1078/1078/1016
f 1093/1093/1030 1101/1101/1038 1092/1092/1029
f 1092/1092/1029 1101/1101/1038 1099/1099/1036
f 1100/1100/1037 1078/1078/1016 1102/1102/1039
f 1102/1102/1039 1078/1078/1016 1079/1079/703
f 1102/1102/1039 1079/1079/703 1103/1103/1040
f 1104/1104/1041 1093/1093/1030 1100/1100/1037
f 1093/1093/1030 1104/1104/1041 1101/1101/1038
f 1105/1105/1042 1102/1102/1039 1103/1103/1040
f 1105/1105/1042 1103/1103/1040 1106/1106/1043
f 1107/1107/1044 1100/1100/1037 1102/1102/1039
f 1104/1104/1041 1100/1100/1037 1107/1107/1044
f 1107/1107/1044 1102/1102/1039 1105/1105/1042
f 1108/1108/1045 1105/1105/1042 1106/1106/1043
f 1108/1108/1045 1106/1106/1043 1109/1109/1046
f 1110/1110/1047 1107/1107/1044 1105/1105/1042
f 1110/1110/1047 1105/1105/1042 1108/1108/1045
f 1111/1111/1048 1104/1104/1041 1107/1107/1044
f 1111/1111/1048 1107/1107/1044 1110/1110/1047
f 1104/1104/1041 1112/1112/1049 1101/1101/1038
f 1104/1104/1041 1111/1111/1048 1112/1112/1049
f 1113/1113/1050 1108/1108/1045 1109/1109/1046
f 1113/1113/1050 1109/1109/1046 1114/1114/690
f 1115/1115/1051 1110/1110/1047 1108/1108/1045
f 1115/1115/1051 1108/1108/1045 1113/1113/1050
f 1116/1116/1052 1111/1111/1048 1110/1110/1047
f 1116/1116/1052 1110/1110/1047 1115/1115/1051
f 1117/1117/1053 1113/1113/1050 1114/1114/690
f 1117/1117/1053 1114/1114/690 1118/1118/689
f 1119/1119/1054 1115/1115/1051 1113/1113/1050
f 1119/1119/1054 1113/1113/1050 1117/1117/1053
f 1120/1120/1055 1117/1117/1053 1118/1118/689
f 1120/1120/1055 1118/1118/689 1121/1121/251
f 1122/1122/986 1120/1120/1055 1121/1121/251
f 1123/1123/1056 1117/1117/1053 1120/1120/1055
f 1123/1123/1056 1119/1119/1054 1117/1117/1053
f 1124/1124/1057 1120/1120/1055 1122/1122/986
f 1124/1124/1057 1123/1123/1056 1120/1120/1055
f 1125/1125/1058 1124/1124/1057 1122/1122/986
f 1126/1126/1059 1115/1115/1051 1119/1119/1054
f 1126/1126/1059 1116/1116/1052 1115/1115/1051
f 1111/1111/1048 1116/1116/1052 1127/1127/1060
f 1111/1111/1048 1127/1127/1060 1112/1112/1049
f 1128/1128/1061 1119/1119/1054 1123/1123/1056
f 1128/1128/1061 1126/1126/1059 1119/1119/1054
f 1129/1129/1062 1123/1123/1056 1124/1124/1057
f 1129/1129/1062 1128/1128/1061 1123/1123/1056
f 1130/1130/1063 1124/1124/1057 1125/1125/1058
f 1130/1130/1063 1129/1129/1062 1124/1124/1057
f 1131/1131/992 1130/1130/1063 1125/1125/1058
f 1116/1116/1052 1126/1126/1059 1132/1132/1064
f 1116/1116/1052 1132/1132/1064 1127/1127/1060
f 1126/1126/1059 1128/1128/1061 1133/1133/1065
f 1126/1126/1059 1133/1133/1065 1132/1132/1064
f 1128/1128/1061 1129/1129/1062 1134/1134/1066
f 1128/1128/1061 1134/1134/1066 1133/1133/1065
f 1129/1129/1062 1130/1130/1063 1135/1135/1067
f 1129/1129/1062 1135/1135/1067 1134/1134/1066
f 1130/1130/1063 1131/1131/992 1136/1136/1068
f 1130/1130/1063 1136/1136/1068 1135/1135/1067
f 1131/1131/992 1137/1137/996 1136/1136/1068
f 1136/1136/1068 1137/1137/996 1138/1138/1069
f 1137/1137/996 1139/1139/1000 1138/1138/1069
f 1135/1135/1067 1136/1136/1068 1140/1140/1070
f 1136/1136/1068 1138/1138/1069 1140/1140/1070
f 1134/1134/1066 1135/1135/1067 1141/1141/1071
f 1135/1135/1067 1140/1140/1070 1141/1141/1071
f 1133/1133/1065 1134/1134/1066 1142/1142/1072
f 1134/1134/1066 1141/1141/1071 1142/1142/1072
f 1132/1132/1064 1133/1133/1065 1143/1143/1073
f 1133/1133/1065 1142/1142/1072 1143/1143/1073
f 1144/1144/1074 1138/1138/1069 1139/1139/1000
f 1145/1145/1005 1144/1144/1074 1139/1139/1000
f 1146/1146/1075 1140/1140/1070 1138/1138/1069
f 1144/1144/1074 1146/1146/1075 1138/1138/1069
f 1147/1147/1076 1141/1141/1071 1140/1140/1070
f 1146/1146/1075 1147/1147/1076 1140/1140/1070
f 1148/1148/1077 1142/1142/1072 1141/1141/1071
f 1147/1147/1076 1148/1148/1077 1141/1141/1071
f 1144/1144/1074 1145/1145/1005 1149/1149/1078
f 1145/1145/1005 1150/1150/1079 1149/1149/1078
f 1146/1146/1075 1144/1144/1074 1151/1151/1080
f 1144/1144/1074 1149/1149/1078 1151/1151/1080
f 1147/1147/1076 1146/1146/1075 1152/1152/1081
f 1146/1146/1075 1151/1151/1080 1152/1152/1081
f 1153/1153/1082 1149/1149/1078 1150/1150/1079
f 1154/1154/1083 1153/1153/1082 1150/1150/1079
f 1155/1155/1084 1151/1151/1080 1149/1149/1078
f 1153/1153/1082 1155/1155/1084 1149/1149/1078
f 1153/1153/1082 1154/1154/1083 1156/1156/1085
f 1154/1154/1083 1157/1157/1086 1156/1156/1085
f 1148/1148/1077 1158/1158/1087 1142/1142/1072
f 1158/1158/1087 1143/1143/1073 1142/1142/1072
f 1148/1148/1077 1147/1147/1076 1159/1159/1088
f 1147/1147/1076 1152/1152/1081 1159/1159/1088
f 1160/1160/1089 1152/1152/1081 1151/1151/1080
f 1155/1155/1084 1160/1160/1089 1151/1151/1080
f 1155/1155/1084 1153/1153/1082 1161/1161/1090
f 1153/1153/1082 1156/1156/1085 1161/1161/1090
f 1156/1156/1085 1157/1157/1086 1162/1162/1091
f 1157/1157/1086 1163/1163/1092 1162/1162/1091
f 1162/1162/1091 1163/1163/1092 1164/1164/1093
f 1156/1156/1085 1162/1162/1091 1165/1165/1094
f 1161/1161/1090 1156/1156/1085 1165/1165/1094
f 1166/1166/1095 1162/1162/1091 1164/1164/1093
f 1165/1165/1094 1162/1162/1091 1166/1166/1095
f 1166/1166/1095 1164/1164/1093 1167/1167/1096
f 1155/1155/1084 1161/1161/1090 1168/1168/1097
f 1160/1160/1089 1155/1155/1084 1168/1168/1097
f 1160/1160/1089 1169/1169/1098 1152/1152/1081
f 1169/1169/1098 1159/1159/1088 1152/1152/1081
f 1161/1161/1090 1165/1165/1094 1170/1170/1099
f 1168/1168/1097 1161/1161/1090 1170/1170/1099
f 1171/1171/1100 1166/1166/1095 1167/1167/1096
f 1167/1167/1096 1172/1172/1101 1171/1171/1100
f 1173/1173/1102 1165/1165/1094 1166/1166/1095
f 1170/1170/1099 1165/1165/1094 1173/1173/1102
f 1173/1173/1102 1166/1166/1095 1171/1171/1100
f 1160/1160/1089 1168/1168/1097 1174/1174/1103
f 1169/1169/1098 1160/1160/1089 1174/1174/1103
f 1172/1172/1101 1175/1175/1104 1171/1171/1100
f 1172/1172/1101 1176/1176/1105 1175/1175/1104
f 1176/1176/1105 1177/1177/1106 1175/1175/1104
f 1168/1168/1097 1170/1170/1099 1178/1178/1107
f 1174/1174/1103 1168/1168/1097 1178/1178/1107
f 1179/1179/1108 1173/1173/1102 1171/1171/1100
f 1171/1171/1100 1175/1175/1104 1179/1179/1108
f 1175/1175/1104 1177/1177/1106 1180/1180/1109
f 1175/1175/1104 1180/1180/1109 1179/1179/1108
f 1177/1177/1106 1181/1181/1110 1180/1180/1109
f 1182/1182/1111 1170/1170/1099 1173/1173/1102
f 1182/1182/1111 1173/1173/1102 1179/1179/1108
f 1178/1178/1107 1170/1170/1099 1182/1182/1111
f 1179/1179/1108 1180/1180/1109 1183/1183/1112
f 1183/1183/1112 1182/1182/1111 1179/1179/1108
f 1180/1180/1109 1181/1181/1110 1184/1184/1113
f 1180/1180/1109 1184/1184/1113 1183/1183/1112
f 1181/1181/1110 1185/1185/1114 1184/1184/1113
f 1186/1186/1115 1178/1178/1107 1182/1182/1111
f 1186/1186/1115 1182/1182/1111 1183/1183/1112
f 1174/1174/1103 1178/1178/1107 1187/1187/1116
f 1187/1187/1116 1178/1178/1107 1186/1186/1115
f 1183/1183/1112 1184/1184/1113 1188/1188/1117
f 1188/1188/1117 1186/1186/1115 1183/1183/1112
f 1184/1184/1113 1185/1185/1114 1189/1189/1118
f 1184/1184/1113 1189/1189/1118 1188/1188/1117
f 1185/1185/1114 1190/1190/1119 1189/1189/1118
f 1191/1191/1120 1186/1186/1115 1188/1188/1117
f 1191/1191/1120 1187/1187/1116 1186/1186/1115
f 1192/1192/1121 1174/1174/1103 1187/1187/1116
f 1169/1169/1098 1174/1174/1103 1192/1192/1121
f 1188/1188/1117 1189/1189/1118 1193/1193/1122
f 1193/1193/1122 1191/1191/1120 1188/1188/1117
f 1189/1189/1118 1190/1190/1119 1194/1194/1123
f 1189/1189/1118 1194/1194/1123 1193/1193/1122
f 1190/1190/1119 1195/1195/1124 1194/1194/1123
f 1196/1196/1125 1187/1187/1116 1191/1191/1120
f 1192/1192/1121 1187/1187/1116 1196/1196/1125
f 1197/1197/1126 1169/1169/1098 1192/1192/1121
f 1169/1169/1098 1197/1197/1126 1159/1159/1088
f 1198/1198/1127 1191/1191/1120 1193/1193/1122
f 1198/1198/1127 1196/1196/1125 1191/1191/1120
f 1193/1193/1122 1194/1194/1123 1199/1199/1128
f 1199/1199/1128 1198/1198/1127 1193/1193/1122
f 1194/1194/1123 1195/1195/1124 1200/1200/1129
f 1194/1194/1123 1200/1200/1129 1199/1199/1128
f 1195/1195/1124 1201/1201/1130 1200/1200/1129
f 1202/1202/1131 1192/1192/1121 1196/1196/1125
f 1197/1197/1126 1192/1192/1121 1202/1202/1131
f 1197/1197/1126 1203/1203/1132 1159/1159/1088
f 1148/1148/1077 1159/1159/1088 1203/1203/1132
f 1158/1158/1087 1148/1148/1077 1203/1203/1132
f 1204/1204/1133 1196/1196/1125 1198/1198/1127
f 1202/1202/1131 1196/1196/1125 1204/1204/1133
f 1205/1205/1134 1198/1198/1127 1199/1199/1128
f 1205/1205/1134 1204/1204/1133 1198/1198/1127
f 1199/1199/1128 1200/1200/1129 1206/1206/1135
f 1206/1206/1135 1205/1205/1134 1199/1199/1128
f 1200/1200/1129 1201/1201/1130 1207/1207/1136
f 1200/1200/1129 1207/1207/1136 1206/1206/1135
f 1201/1201/1130 1208/1208/1137 1207/1207/1136
f 1197/1197/1126 1209/1209/1138 1203/1203/1132
f 1209/1209/1138 1197/1197/1126 1202/1202/1131
f 1158/1158/1087 1203/1203/1132 1210/1210/1139
f 1209/1209/1138 1210/1210/1139 1203/1203/1132
f 1211/1211/1140 1202/1202/1131 1204/1204/1133
f 1209/1209/1138 1202/1202/1131 1211/1211/1140
f 1212/1212/1141 1204/1204/1133 1205/1205/1134
f 1211/1211/1140 1204/1204/1133 1212/1212/1141
f 1213/1213/1142 1205/1205/1134 1206/1206/1135
f 1213/1213/1142 1212/1212/1141 1205/1205/1134
f 1206/1206/1135 1207/1207/1136 1214/1214/1143
f 1214/1214/1143 1213/1213/1142 1206/1206/1135
f 1207/1207/1136 1208/1208/1137 1215/1215/1144
f 1207/1207/1136 1215/1215/1144 1214/1214/1143
f 1208/1208/1137 1216/1216/1145 1215/1215/1144
f 1217/1217/1146 1209/1209/1138 1211/1211/1140
f 1209/1209/1138 1217/1217/1146 1210/1210/1139
f 1218/1218/1147 1211/1211/1140 1212/1212/1141
f 1217/1217/1146 1211/1211/1140 1218/1218/1147
f 1219/1219/1148 1212/1212/1141 1213/1213/1142
f 1218/1218/1147 1212/1212/1141 1219/1219/1148
f 1220/1220/1149 1213/1213/1142 1214/1214/1143
f 1220/1220/1149 1219/1219/1148 1213/1213/1142
f 1214/1214/1143 1215/1215/1144 1221/1221/1150
f 1221/1221/1150 1220/1220/1149 1214/1214/1143
f 1215/1215/1144 1216/1216/1145 1222/1222/1151
f 1215/1215/1144 1222/1222/1151 1221/1221/1150
f 1216/1216/1145 1223/1223/1152 1222/1222/1151
f 1222/1222/1151 1223/1223/1152 1224/1224/1153
f 1223/1223/1152 1225/1225/1154 1224/1224/1153
f 1221/1221/1150 1222/1222/1151 1226/1226/1155
f 1222/1222/1151 1224/1224/1153 1226/1226/1155
f 1227/1227/1156 1220/1220/1149 1221/1221/1150
f 1226/1226/1155 1227/1227/1156 1221/1221/1150
f 1228/1228/1157 1219/1219/1148 1220/1220/1149
f 1227/1227/1156 1228/1228/1157 1220/1220/1149
f 1229/1229/1158 1218/1218/1147 1219/1219/1148
f 1229/1229/1158 1219/1219/1148 1228/1228/1157
f 1224/1224/1153 1225/1225/1154 1230/1230/1159
f 1225/1225/1154 1231/1231/1160 1230/1230/1159
f 1226/1226/1155 1224/1224/1153 1232/1232/1161
f 1224/1224/1153 1230/1230/1159 1232/1232/1161
f 1233/1233/1162 1227/1227/1156 1226/1226/1155
f 1232/1232/1161 1233/1233/1162 1226/1226/1155
f 1234/1234/1163 1228/1228/1157 1227/1227/1156
f 1233/1233/1162 1234/1234/1163 1227/1227/1156
f 1230/1230/1159 1231/1231/1160 1235/1235/1164
f 1231/1231/1160 1236/1236/1165 1235/1235/1164
f 1232/1232/1161 1230/1230/1159 1237/1237/1166
f 1230/1230/1159 1235/1235/1164 1237/1237/1166
f 1238/1238/1167 1233/1233/1162 1232/1232/1161
f 1237/1237/1166 1238/1238/1167 1232/1232/1161
f 1235/1235/1164 1236/1236/1165 1239/1239/1168
f 1236/1236/1165 1240/1240/1169 1239/1239/1168
f 1237/1237/1166 1235/1235/1164 1241/1241/1170
f 1235/1235/1164 1239/1239/1168 1241/1241/1170
f 1239/1239/1168 1240/1240/1169 1242/1242/1101
f 1240/1240/1169 1243/1243/1171 1242/1242/1101
f 1239/1239/1168 1242/1242/1101 1244/1244/1096
f 1241/1241/1170 1239/1239/1168 1244/1244/1096
f 1244/1244/1096 1245/1245/1172 1241/1241/1170
f 1241/1241/1170 1246/1246/1173 1237/1237/1166
f 1245/1245/1172 1246/1246/1173 1241/1241/1170
f 1246/1246/1173 1238/1238/1167 1237/1237/1166
f 1245/1245/1172 1095/1095/1032 1246/1246/1173
f 1095/1095/1032 1247/1247/1174 1246/1246/1173
f 1246/1246/1173 1247/1247/1174 1238/1238/1167
f 1094/1094/1031 1247/1247/1174 1095/1095/1032
f 1247/1247/1174 1248/1248/1175 1238/1238/1167
f 1238/1238/1167 1248/1248/1175 1233/1233/1162
f 1248/1248/1175 1234/1234/1163 1233/1233/1162
f 1094/1094/1031 1249/1249/1176 1247/1247/1174
f 1249/1249/1176 1248/1248/1175 1247/1247/1174
f 1096/1096/1033 1249/1249/1176 1094/1094/1031
f 1250/1250/1177 1234/1234/1163 1248/1248/1175
f 1249/1249/1176 1250/1250/1177 1248/1248/1175
f 1096/1096/1033 1251/1251/1178 1249/1249/1176
f 1251/1251/1178 1250/1250/1177 1249/1249/1176
f 1251/1251/1178 1096/1096/1033 1097/1097/1034
f 1250/1250/1177 1252/1252/1179 1234/1234/1163
f 1252/1252/1179 1228/1228/1157 1234/1234/1163
f 1252/1252/1179 1229/1229/1158 1228/1228/1157
f 1251/1251/1178 1097/1097/1034 1253/1253/1180
f 1098/1098/1035 1253/1253/1180 1097/1097/1034
f 1251/1251/1178 1254/1254/1181 1250/1250/1177
f 1254/1254/1181 1252/1252/1179 1250/1250/1177
f 1254/1254/1181 1251/1251/1178 1253/1253/1180
f 1255/1255/1182 1229/1229/1158 1252/1252/1179
f 1254/1254/1181 1255/1255/1182 1252/1252/1179
f 1098/1098/1035 1256/1256/1183 1253/1253/1180
f 1256/1256/1183 1098/1098/1035 1099/1099/1036
f 1254/1254/1181 1253/1253/1180 1257/1257/1184
f 1255/1255/1182 1254/1254/1181 1257/1257/1184
f 1256/1256/1183 1257/1257/1184 1253/1253/1180
f 1255/1255/1182 1258/1258/1185 1229/1229/1158
f 1258/1258/1185 1218/1218/1147 1229/1229/1158
f 1258/1258/1185 1217/1217/1146 1218/1218/1147
f 1256/1256/1183 1099/1099/1036 1259/1259/1186
f 1101/1101/1038 1259/1259/1186 1099/1099/1036
f 1101/1101/1038 1112/1112/1049 1259/1259/1186
f 1255/1255/1182 1257/1257/1184 1260/1260/1187
f 1258/1258/1185 1255/1255/1182 1260/1260/1187
f 1217/1217/1146 1258/1258/1185 1261/1261/1188
f 1258/1258/1185 1260/1260/1187 1261/1261/1188
f 1217/1217/1146 1261/1261/1188 1210/1210/1139
f 1256/1256/1183 1262/1262/1189 1257/1257/1184
f 1262/1262/1189 1256/1256/1183 1259/1259/1186
f 1262/1262/1189 1260/1260/1187 1257/1257/1184
f 1112/1112/1049 1263/1263/1190 1259/1259/1186
f 1262/1262/1189 1259/1259/1186 1263/1263/1190
f 1112/1112/1049 1127/1127/1060 1263/1263/1190
f 1262/1262/1189 1264/1264/1191 1260/1260/1187
f 1264/1264/1191 1261/1261/1188 1260/1260/1187
f 1264/1264/1191 1262/1262/1189 1263/1263/1190
f 1265/1265/1192 1210/1210/1139 1261/1261/1188
f 1264/1264/1191 1265/1265/1192 1261/1261/1188
f 1265/1265/1192 1158/1158/1087 1210/1210/1139
f 1158/1158/1087 1265/1265/1192 1143/1143/1073
f 1127/1127/1060 1266/1266/1193 1263/1263/1190
f 1264/1264/1191 1263/1263/1190 1266/1266/1193
f 1265/1265/1192 1264/1264/1191 1266/1266/1193
f 1265/1265/1192 1266/1266/1193 1143/1143/1073
f 1127/1127/1060 1132/1132/1064 1266/1266/1193
f 1132/1132/1064 1143/1143/1073 1266/1266/1193
f 1267/1267/1194 1268/1268/1195 1269/1269/1196
f 1268/1268/1195 1270/1270/1197 1269/1269/1196
f 1268/1268/1195 1271/1271/1198 1270/1270/1197
f 1269/1269/1196 1270/1270/1197 1272/1272/1199
f 1271/1271/1198 1273/1273/1200 1270/1270/1197
f 1271/1271/1198 1274/1274/1201 1273/1273/1200
f 1270/1270/1197 1275/1275/1202 1272/1272/1199
f 1275/1275/1202 1270/1270/1197 1273/1273/1200
f 1274/1274/1201 1276/1276/1203 1273/1273/1200
f 1274/1274/1201 1277/1277/1204 1276/1276/1203
f 1272/1272/1199 1275/1275/1202 1278/1278/1205
f 1279/1279/1206 1272/1272/1199 1278/1278/1205
f 1279/1279/1206 1278/1278/1205 1280/1280/1207
f 1281/1281/1208 1275/1275/1202 1273/1273/1200
f 1273/1273/1200 1276/1276/1203 1281/1281/1208
f 1277/1277/1204 1282/1282/1209 1276/1276/1203
f 1277/1277/1204 1283/1283/1210 1282/1282/1209
f 1278/1278/1205 1284/1284/1211 1280/1280/1207
f 1280/1280/1207 1284/1284/1211 1285/1285/1212
f 1286/1286/1213 1278/1278/1205 1275/1275/1202
f 1281/1281/1208 1286/1286/1213 1275/1275/1202
f 1284/1284/1211 1278/1278/1205 1286/1286/1213
f 1276/1276/1203 1287/1287/1214 1281/1281/1208
f 1276/1276/1203 1282/1282/1209 1287/1287/1214
f 1284/1284/1211 1288/1288/1215 1285/1285/1212
f 1285/1285/1212 1288/1288/1215 1289/1289/1216
f 1290/1290/1217 1284/1284/1211 1286/1286/1213
f 1284/1284/1211 1290/1290/1217 1288/1288/1215
f 1291/1291/1218 1286/1286/1213 1281/1281/1208
f 1287/1287/1214 1291/1291/1218 1281/1281/1208
f 1290/1290/1217 1286/1286/1213 1291/1291/1218
f 1288/1288/1215 1292/1292/1219 1289/1289/1216
f 1289/1289/1216 1292/1292/1219 1293/1293/1220
f 1282/1282/1209 1294/1294/1221 1287/1287/1214
f 1291/1291/1218 1287/1287/1214 1294/1294/1221
f 1290/1290/1217 1295/1295/1222 1288/1288/1215
f 1292/1292/1219 1288/1288/1215 1295/1295/1222
f 1292/1292/1219 1296/1296/1223 1293/1293/1220
f 1297/1297/1224 1293/1293/1220 1296/1296/1223
f 1298/1298/1225 1292/1292/1219 1295/1295/1222
f 1292/1292/1219 1298/1298/1225 1296/1296/1223
f 1299/1299/1226 1295/1295/1222 1290/1290/1217
f 1298/1298/1225 1295/1295/1222 1299/1299/1226
f 1300/1300/1227 1290/1290/1217 1291/1291/1218
f 1300/1300/1227 1299/1299/1226 1290/1290/1217
f 1301/1301/1228 1291/1291/1218 1294/1294/1221
f 1291/1291/1218 1301/1301/1228 1300/1300/1227
f 1302/1302/1229 1294/1294/1221 1282/1282/1209
f 1294/1294/1221 1302/1302/1229 1301/1301/1228
f 1298/1298/1225 1303/1303/1230 1296/1296/1223
f 1298/1298/1225 1299/1299/1226 1303/1303/1230
f 1304/1304/1231 1302/1302/1229 1282/1282/1209
f 1305/1305/1232 1302/1302/1229 1304/1304/1231
f 1283/1283/1210 1304/1304/1231 1282/1282/1209
f 1283/1283/1210 1306/1306/1233 1304/1304/1231
f 1306/1306/1233 1307/1307/1234 1304/1304/1231
f 1307/1307/1234 1305/1305/1232 1304/1304/1231
f 1306/1306/1233 1308/1308/1235 1307/1307/1234
f 1308/1308/1235 1309/1309/1236 1307/1307/1234
f 1307/1307/1234 1309/1309/1236 1305/1305/1232
f 1308/1308/1235 1310/1310/1237 1309/1309/1236
f 1302/1302/1229 1311/1311/1238 1301/1301/1228
f 1302/1302/1229 1305/1305/1232 1311/1311/1238
f 1310/1310/1237 1312/1312/1239 1309/1309/1236
f 1310/1310/1237 1313/1313/1240 1312/1312/1239
f 1301/1301/1228 1311/1311/1238 1314/1314/1241
f 1301/1301/1228 1314/1314/1241 1300/1300/1227
f 1314/1314/1241 1315/1315/1242 1300/1300/1227
f 1315/1315/1242 1299/1299/1226 1300/1300/1227
f 1309/1309/1236 1316/1316/1243 1305/1305/1232
f 1309/1309/1236 1312/1312/1239 1316/1316/1243
f 1305/1305/1232 1316/1316/1243 1317/1317/1244
f 1313/1313/1240 1318/1318/1245 1312/1312/1239
f 1313/1313/1240 1319/1319/1246 1318/1318/1245
f 1305/1305/1232 1320/1320/1247 1311/1311/1238
f 1320/1320/1247 1305/1305/1232 1317/1317/1244
f 1314/1314/1241 1311/1311/1238 1321/1321/1248
f 1315/1315/1242 1314/1314/1241 1321/1321/1248
f 1299/1299/1226 1315/1315/1242 1322/1322/1249
f 1299/1299/1226 1322/1322/1249 1303/1303/1230
f 1323/1323/1250 1311/1311/1238 1320/1320/1247
f 1311/1311/1238 1323/1323/1250 1321/1321/1248
f 1315/1315/1242 1321/1321/1248 1324/1324/1251
f 1315/1315/1242 1324/1324/1251 1322/1322/1249
f 1325/1325/1252 1303/1303/1230 1322/1322/1249
f 1325/1325/1252 1296/1296/1223 1303/1303/1230
f 1326/1326/1253 1323/1323/1250 1320/1320/1247
f 1317/1317/1244 1326/1326/1253 1320/1320/1247
f 1327/1327/1254 1326/1326/1253 1317/1317/1244
f 1328/1328/1255 1327/1327/1254 1317/1317/1244
f 1329/1329/1256 1321/1321/1248 1323/1323/1250
f 1326/1326/1253 1329/1329/1256 1323/1323/1250
f 1321/1321/1248 1329/1329/1256 1324/1324/1251
f 1329/1329/1256 1326/1326/1253 1327/1327/1254
f 1330/1330/1257 1322/1322/1249 1324/1324/1251
f 1330/1330/1257 1325/1325/1252 1322/1322/1249
f 1296/1296/1223 1325/1325/1252 1331/1331/1258
f 1331/1331/1258 1297/1297/1224 1296/1296/1223
f 1330/1330/1257 1332/1332/1259 1325/1325/1252
f 1332/1332/1259 1331/1331/1258 1325/1325/1252
f 1333/1333/1260 1330/1330/1257 1324/1324/1251
f 1332/1332/1259 1330/1330/1257 1333/1333/1260
f 1329/1329/1256 1334/1334/1261 1324/1324/1251
f 1324/1324/1251 1334/1334/1261 1333/1333/1260
f 1331/1331/1258 1335/1335/1262 1297/1297/1224
f 1335/1335/1262 1336/1336/1263 1297/1297/1224
f 1337/1337/1264 1329/1329/1256 1327/1327/1254
f 1329/1329/1256 1337/1337/1264 1334/1334/1261
f 1332/1332/1259 1338/1338/1265 1331/1331/1258
f 1338/1338/1265 1335/1335/1262 1331/1331/1258
f 1336/1336/1263 1335/1335/1262 1339/1339/1266
f 1340/1340/1267 1336/1336/1263 1339/1339/1266
f 1339/1339/1266 1341/1341/1268 1340/1340/1267
f 1341/1341/1268 1342/1342/1269 1340/1340/1267
f 1343/1343/1270 1341/1341/1268 1339/1339/1266
f 1339/1339/1266 1335/1335/1262 1344/1344/1271
f 1344/1344/1271 1343/1343/1270 1339/1339/1266
f 1335/1335/1262 1338/1338/1265 1344/1344/1271
f 1345/1345/1272 1343/1343/1270 1344/1344/1271
f 1346/1346/1273 1345/1345/1272 1344/1344/1271
f 1344/1344/1271 1338/1338/1265 1346/1346/1273
f 1347/1347/1274 1345/1345/1272 1346/1346/1273
f 1348/1348/1275 1338/1338/1265 1332/1332/1259
f 1338/1338/1265 1348/1348/1275 1346/1346/1273
f 1349/1349/1276 1347/1347/1274 1346/1346/1273
f 1349/1349/1276 1346/1346/1273 1348/1348/1275
f 1350/1350/1277 1347/1347/1274 1349/1349/1276
f 1351/1351/1278 1350/1350/1277 1349/1349/1276
f 1352/1352/1279 1350/1350/1277 1351/1351/1278
f 1353/1353/1280 1348/1348/1275 1332/1332/1259
f 1353/1353/1280 1332/1332/1259 1333/1333/1260
f 1353/1353/1280 1354/1354/1281 1348/1348/1275
f 1354/1354/1281 1355/1355/1282 1348/1348/1275
f 1355/1355/1282 1349/1349/1276 1348/1348/1275
f 1351/1351/1278 1349/1349/1276 1355/1355/1282
f 1356/1356/1283 1352/1352/1279 1351/1351/1278
f 1357/1357/1284 1352/1352/1279 1356/1356/1283
f 1358/1358/1285 1351/1351/1278 1355/1355/1282
f 1358/1358/1285 1355/1355/1282 1354/1354/1281
f 1356/1356/1283 1351/1351/1278 1358/1358/1285
f 1353/1353/1280 1333/1333/1260 1359/1359/1286
f 1334/1334/1261 1359/1359/1286 1333/1333/1260
f 1360/1360/1287 1357/1357/1284 1356/1356/1283
f 1361/1361/1288 1357/1357/1284 1360/1360/1287
f 1362/1362/1289 1356/1356/1283 1358/1358/1285
f 1360/1360/1287 1356/1356/1283 1362/1362/1289
f 1353/1353/1280 1359/1359/1286 1363/1363/1290
f 1354/1354/1281 1353/1353/1280 1363/1363/1290
f 1359/1359/1286 1334/1334/1261 1364/1364/1291
f 1363/1363/1290 1359/1359/1286 1364/1364/1291
f 1365/1365/1292 1361/1361/1288 1360/1360/1287
f 1366/1366/1293 1361/1361/1288 1365/1365/1292
f 1367/1367/1294 1364/1364/1291 1334/1334/1261
f 1337/1337/1264 1367/1367/1294 1334/1334/1261
f 1364/1364/1291 1368/1368/1295 1363/1363/1290
f 1364/1364/1291 1367/1367/1294 1368/1368/1295
f 1337/1337/1264 1369/1369/1296 1367/1367/1294
f 1337/1337/1264 1327/1327/1254 1369/1369/1296
f 1369/1369/1296 1370/1370/1297 1367/1367/1294
f 1367/1367/1294 1370/1370/1297 1368/1368/1295
f 1368/1368/1295 1371/1371/1298 1363/1363/1290
f 1371/1371/1298 1354/1354/1281 1363/1363/1290
f 1372/1372/1299 1369/1369/1296 1327/1327/1254
f 1370/1370/1297 1369/1369/1296 1372/1372/1299
f 1370/1370/1297 1373/1373/1300 1368/1368/1295
f 1371/1371/1298 1368/1368/1295 1373/1373/1300
f 1374/1374/1301 1373/1373/1300 1370/1370/1297
f 1374/1374/1301 1370/1370/1297 1372/1372/1299
f 1371/1371/1298 1373/1373/1300 1375/1375/1302
f 1354/1354/1281 1371/1371/1298 1375/1375/1302
f 1373/1373/1300 1374/1374/1301 1375/1375/1302
f 1376/1376/1303 1372/1372/1299 1327/1327/1254
f 1376/1376/1303 1327/1327/1254 1328/1328/1255
f 1372/1372/1299 1377/1377/1304 1374/1374/1301
f 1377/1377/1304 1372/1372/1299 1376/1376/1303
f 1374/1374/1301 1378/1378/1305 1375/1375/1302
f 1377/1377/1304 1378/1378/1305 1374/1374/1301
f 1375/1375/1302 1379/1379/1306 1354/1354/1281
f 1379/1379/1306 1375/1375/1302 1378/1378/1305
f 1379/1379/1306 1380/1380/1307 1354/1354/1281
f 1380/1380/1307 1358/1358/1285 1354/1354/1281
f 1362/1362/1289 1358/1358/1285 1380/1380/1307
f 1381/1381/1308 1380/1380/1307 1379/1379/1306
f 1381/1381/1308 1362/1362/1289 1380/1380/1307
f 1382/1382/1309 1377/1377/1304 1376/1376/1303
f 1378/1378/1305 1377/1377/1304 1383/1383/1310
f 1377/1377/1304 1382/1382/1309 1383/1383/1310
f 1382/1382/1309 1384/1384/1311 1383/1383/1310
f 1376/1376/1303 1385/1385/1312 1382/1382/1309
f 1384/1384/1311 1382/1382/1309 1385/1385/1312
f 1385/1385/1312 1376/1376/1303 1328/1328/1255
f 1386/1386/1313 1379/1379/1306 1378/1378/1305
f 1386/1386/1313 1378/1378/1305 1383/1383/1310
f 1387/1387/1314 1381/1381/1308 1379/1379/1306
f 1387/1387/1314 1379/1379/1306 1386/1386/1313
f 1383/1383/1310 1384/1384/1311 1388/1388/1315
f 1388/1388/1315 1386/1386/1313 1383/1383/1310
f 1389/1389/1316 1385/1385/1312 1328/1328/1255
f 1389/1389/1316 1384/1384/1311 1385/1385/1312
f 1390/1390/1317 1389/1389/1316 1328/1328/1255
f 1390/1390/1317 1384/1384/1311 1389/1389/1316
f 1391/1391/1318 1362/1362/1289 1381/1381/1308
f 1387/1387/1314 1392/1392/1319 1381/1381/1308
f 1392/1392/1319 1391/1391/1318 1381/1381/1308
f 1393/1393/1320 1387/1387/1314 1386/1386/1313
f 1392/1392/1319 1387/1387/1314 1393/1393/1320
f 1388/1388/1315 1394/1394/1321 1386/1386/1313
f 1394/1394/1321 1393/1393/1320 1386/1386/1313
f 1384/1384/1311 1395/1395/1322 1388/1388/1315
f 1394/1394/1321 1388/1388/1315 1395/1395/1322
f 1362/1362/1289 1391/1391/1318 1396/1396/1323
f 1396/1396/1323 1360/1360/1287 1362/1362/1289
f 1360/1360/1287 1396/1396/1323 1365/1365/1292
f 1391/1391/1318 1397/1397/1324 1396/1396/1323
f 1397/1397/1324 1391/1391/1318 1392/1392/1319
f 1398/1398/1325 1392/1392/1319 1393/1393/1320
f 1393/1393/1320 1394/1394/1321 1398/1398/1325
f 1396/1396/1323 1399/1399/1326 1365/1365/1292
f 1399/1399/1326 1396/1396/1323 1397/1397/1324
f 1400/1400/1327 1397/1397/1324 1392/1392/1319
f 1400/1400/1327 1392/1392/1319 1398/1398/1325
f 1401/1401/1328 1395/1395/1322 1384/1384/1311
f 1390/1390/1317 1401/1401/1328 1384/1384/1311
f 1402/1402/1329 1365/1365/1292 1399/1399/1326
f 1402/1402/1329 1366/1366/1293 1365/1365/1292
f 1403/1403/1330 1366/1366/1293 1402/1402/1329
f 1404/1404/1331 1403/1403/1330 1402/1402/1329
f 1405/1405/1269 1403/1403/1330 1404/1404/1331
f 1406/1406/1332 1405/1405/1269 1404/1404/1331
f 1404/1404/1331 1402/1402/1329 1407/1407/1333
f 1407/1407/1333 1402/1402/1329 1399/1399/1326
f 1404/1404/1331 1408/1408/1334 1406/1406/1332
f 1408/1408/1334 1404/1404/1331 1407/1407/1333
f 1408/1408/1334 1409/1409/1335 1406/1406/1332
f 1410/1410/1336 1409/1409/1335 1408/1408/1334
f 1411/1411/1337 1408/1408/1334 1407/1407/1333
f 1411/1411/1337 1410/1410/1336 1408/1408/1334
f 1412/1412/1338 1401/1401/1328 1390/1390/1317
f 1413/1413/1339 1412/1412/1338 1390/1390/1317
f 1413/1413/1339 1390/1390/1317 1328/1328/1255
f 1414/1414/1340 1413/1413/1339 1328/1328/1255
f 1414/1414/1340 1328/1328/1255 1317/1317/1244
f 1401/1401/1328 1412/1412/1338 1415/1415/1341
f 1401/1401/1328 1415/1415/1341 1395/1395/1322
f 1416/1416/1342 1413/1413/1339 1414/1414/1340
f 1413/1413/1339 1416/1416/1342 1412/1412/1338
f 1417/1417/1343 1414/1414/1340 1317/1317/1244
f 1317/1317/1244 1316/1316/1243 1417/1417/1343
f 1415/1415/1341 1418/1418/1344 1395/1395/1322
f 1418/1418/1344 1394/1394/1321 1395/1395/1322
f 1419/1419/1345 1416/1416/1342 1414/1414/1340
f 1414/1414/1340 1417/1417/1343 1419/1419/1345
f 1316/1316/1243 1420/1420/1346 1417/1417/1343
f 1312/1312/1239 1420/1420/1346 1316/1316/1243
f 1417/1417/1343 1421/1421/1347 1419/1419/1345
f 1417/1417/1343 1420/1420/1346 1421/1421/1347
f 1420/1420/1346 1312/1312/1239 1422/1422/1348
f 1420/1420/1346 1422/1422/1348 1421/1421/1347
f 1312/1312/1239 1318/1318/1245 1422/1422/1348
f 1423/1423/1349 1419/1419/1345 1421/1421/1347
f 1419/1419/1345 1423/1423/1349 1416/1416/1342
f 1421/1421/1347 1422/1422/1348 1424/1424/1350
f 1424/1424/1350 1423/1423/1349 1421/1421/1347
f 1422/1422/1348 1318/1318/1245 1425/1425/1351
f 1422/1422/1348 1425/1425/1351 1424/1424/1350
f 1394/1394/1321 1418/1418/1344 1426/1426/1352
f 1394/1394/1321 1426/1426/1352 1398/1398/1325
f 1318/1318/1245 1427/1427/1353 1425/1425/1351
f 1319/1319/1246 1427/1427/1353 1318/1318/1245
f 1319/1319/1246 1428/1428/1354 1427/1427/1353
f 1428/1428/1354 1429/1429/1355 1427/1427/1353
f 1428/1428/1354 1430/1430/1356 1429/1429/1355
f 1425/1425/1351 1427/1427/1353 1431/1431/1357
f 1427/1427/1353 1429/1429/1355 1431/1431/1357
f 1424/1424/1350 1425/1425/1351 1432/1432/1358
f 1425/1425/1351 1431/1431/1357 1432/1432/1358
f 1430/1430/1356 1433/1433/1359 1429/1429/1355
f 1430/1430/1356 1434/1434/1360 1433/1433/1359
f 1435/1435/1361 1431/1431/1357 1429/1429/1355
f 1431/1431/1357 1435/1435/1361 1432/1432/1358
f 1433/1433/1359 1435/1435/1361 1429/1429/1355
f 1432/1432/1358 1436/1436/1362 1424/1424/1350
f 1436/1436/1362 1423/1423/1349 1424/1424/1350
f 1434/1434/1360 1437/1437/1363 1433/1433/1359
f 1434/1434/1360 1438/1438/1364 1437/1437/1363
f 1439/1439/1365 1435/1435/1361 1433/1433/1359
f 1437/1437/1363 1439/1439/1365 1433/1433/1359
f 1435/1435/1361 1440/1440/1366 1432/1432/1358
f 1432/1432/1358 1440/1440/1366 1436/1436/1362
f 1435/1435/1361 1439/1439/1365 1440/1440/1366
f 1438/1438/1364 1441/1441/1367 1437/1437/1363
f 1438/1438/1364 1442/1442/1368 1441/1441/1367
f 1440/1440/1366 1443/1443/1369 1436/1436/1362
f 1443/1443/1369 1440/1440/1366 1439/1439/1365
f 1439/1439/1365 1437/1437/1363 1444/1444/1370
f 1437/1437/1363 1441/1441/1367 1444/1444/1370
f 1439/1439/1365 1444/1444/1370 1443/1443/1369
f 1436/1436/1362 1445/1445/1371 1423/1423/1349
f 1436/1436/1362 1443/1443/1369 1445/1445/1371
f 1442/1442/1368 1446/1446/1372 1441/1441/1367
f 1442/1442/1368 1447/1447/1373 1446/1446/1372
f 1444/1444/1370 1448/1448/1374 1443/1443/1369
f 1443/1443/1369 1448/1448/1374 1445/1445/1371
f 1449/1449/1375 1444/1444/1370 1441/1441/1367
f 1446/1446/1372 1449/1449/1375 1441/1441/1367
f 1447/1447/1373 1450/1450/1376 1446/1446/1372
f 1447/1447/1373 1451/1451/1377 1450/1450/1376
f 1448/1448/1374 1444/1444/1370 1452/1452/1378
f 1444/1444/1370 1449/1449/1375 1452/1452/1378
f 1449/1449/1375 1446/1446/1372 1453/1453/1379
f 1446/1446/1372 1450/1450/1376 1453/1453/1379
f 1451/1451/1377 1454/1454/1380 1450/1450/1376
f 1451/1451/1377 1455/1455/1381 1454/1454/1380
f 1456/1456/1382 1445/1445/1371 1448/1448/1374
f 1452/1452/1378 1456/1456/1382 1448/1448/1374
f 1457/1457/1383 1452/1452/1378 1449/1449/1375
f 1453/1453/1379 1457/1457/1383 1449/1449/1375
f 1458/1458/1384 1453/1453/1379 1450/1450/1376
f 1454/1454/1380 1458/1458/1384 1450/1450/1376
f 1455/1455/1381 1459/1459/1385 1454/1454/1380
f 1455/1455/1381 1460/1460/1386 1459/1459/1385
f 1453/1453/1379 1458/1458/1384 1461/1461/1387
f 1457/1457/1383 1453/1453/1379 1461/1461/1387
f 1458/1458/1384 1454/1454/1380 1462/1462/1388
f 1454/1454/1380 1459/1459/1385 1462/1462/1388
f 1462/1462/1388 1461/1461/1387 1458/1458/1384
f 1457/1457/1383 1463/1463/1389 1452/1452/1378
f 1463/1463/1389 1456/1456/1382 1452/1452/1378
f 1460/1460/1386 1464/1464/1390 1459/1459/1385
f 1460/1460/1386 1465/1465/1391 1464/1464/1390
f 1466/1466/1392 1462/1462/1388 1459/1459/1385
f 1461/1461/1387 1462/1462/1388 1466/1466/1392
f 1464/1464/1390 1466/1466/1392 1459/1459/1385
f 1461/1461/1387 1467/1467/1393 1457/1457/1383
f 1467/1467/1393 1463/1463/1389 1457/1457/1383
f 1467/1467/1393 1461/1461/1387 1466/1466/1392
f 1465/1465/1391 1468/1468/1394 1464/1464/1390
f 1464/1464/1390 1468/1468/1394 1466/1466/1392
f 1466/1466/1392 1469/1469/1395 1467/1467/1393
f 1468/1468/1394 1469/1469/1395 1466/1466/1392
f 1468/1468/1394 1465/1465/1391 1470/1470/1396
f 1468/1468/1394 1470/1470/1396 1469/1469/1395
f 1465/1465/1391 1471/1471/1397 1470/1470/1396
f 1467/1467/1393 1472/1472/1398 1463/1463/1389
f 1469/1469/1395 1472/1472/1398 1467/1467/1393
f 1463/1463/1389 1473/1473/1399 1456/1456/1382
f 1472/1472/1398 1473/1473/1399 1463/1463/1389
f 1470/1470/1396 1474/1474/1400 1469/1469/1395
f 1469/1469/1395 1474/1474/1400 1472/1472/1398
f 1475/1475/1401 1470/1470/1396 1471/1471/1397
f 1470/1470/1396 1475/1475/1401 1474/1474/1400
f 1476/1476/1402 1475/1475/1401 1471/1471/1397
f 1474/1474/1400 1477/1477/1403 1472/1472/1398
f 1472/1472/1398 1477/1477/1403 1473/1473/1399
f 1475/1475/1401 1478/1478/1404 1474/1474/1400
f 1474/1474/1400 1478/1478/1404 1477/1477/1403
f 1478/1478/1404 1479/1479/1405 1477/1477/1403
f 1480/1480/1406 1475/1475/1401 1476/1476/1402
f 1475/1475/1401 1480/1480/1406 1478/1478/1404
f 1481/1481/1407 1480/1480/1406 1476/1476/1402
f 1480/1480/1406 1482/1482/1408 1478/1478/1404
f 1478/1478/1404 1482/1482/1408 1479/1479/1405
f 1483/1483/1409 1480/1480/1406 1481/1481/1407
f 1480/1480/1406 1483/1483/1409 1482/1482/1408
f 1484/1484/1410 1483/1483/1409 1481/1481/1407
f 1485/1485/1411 1483/1483/1409 1484/1484/1410
f 1486/1486/1412 1485/1485/1411 1484/1484/1410
f 1486/1486/1412 1487/1487/1413 1485/1485/1411
f 1483/1483/1409 1488/1488/1414 1482/1482/1408
f 1483/1483/1409 1485/1485/1411 1488/1488/1414
f 1487/1487/1413 1489/1489/1415 1485/1485/1411
f 1487/1487/1413 1490/1490/1416 1489/1489/1415
f 1477/1477/1403 1479/1479/1405 1491/1491/1417
f 1477/1477/1403 1491/1491/1417 1473/1473/1399
f 1482/1482/1408 1488/1488/1414 1492/1492/1418
f 1482/1482/1408 1492/1492/1418 1479/1479/1405
f 1485/1485/1411 1493/1493/1419 1488/1488/1414
f 1485/1485/1411 1489/1489/1415 1493/1493/1419
f 1490/1490/1416 1494/1494/1420 1489/1489/1415
f 1490/1490/1416 1495/1495/1421 1494/1494/1420
f 1488/1488/1414 1496/1496/1422 1492/1492/1418
f 1488/1488/1414 1493/1493/1419 1496/1496/1422
f 1489/1489/1415 1497/1497/1423 1493/1493/1419
f 1489/1489/1415 1494/1494/1420 1497/1497/1423
f 1495/1495/1421 1498/1498/1424 1494/1494/1420
f 1495/1495/1421 1499/1499/1194 1498/1498/1424
f 1499/1499/1194 1500/1500/1196 1498/1498/1424
f 1494/1494/1420 1498/1498/1424 1501/1501/1425
f 1494/1494/1420 1501/1501/1425 1497/1497/1423
f 1502/1502/1426 1498/1498/1424 1500/1500/1196
f 1498/1498/1424 1502/1502/1426 1501/1501/1425
f 1503/1503/1427 1502/1502/1426 1500/1500/1196
f 1493/1493/1419 1497/1497/1423 1504/1504/1428
f 1493/1493/1419 1504/1504/1428 1496/1496/1422
f 1492/1492/1418 1496/1496/1422 1505/1505/1429
f 1492/1492/1418 1505/1505/1429 1479/1479/1405
f 1497/1497/1423 1501/1501/1425 1506/1506/1430
f 1497/1497/1423 1506/1506/1430 1504/1504/1428
f 1502/1502/1426 1503/1503/1427 1507/1507/1431
f 1503/1503/1427 1508/1508/1206 1507/1507/1431
f 1501/1501/1425 1502/1502/1426 1509/1509/1432
f 1501/1501/1425 1509/1509/1432 1506/1506/1430
f 1502/1502/1426 1507/1507/1431 1509/1509/1432
f 1496/1496/1422 1504/1504/1428 1510/1510/1433
f 1496/1496/1422 1510/1510/1433 1505/1505/1429
f 1507/1507/1431 1508/1508/1206 1511/1511/1434
f 1508/1508/1206 1512/1512/1435 1511/1511/1434
f 1504/1504/1428 1506/1506/1430 1513/1513/1436
f 1504/1504/1428 1513/1513/1436 1510/1510/1433
f 1509/1509/1432 1507/1507/1431 1514/1514/1437
f 1507/1507/1431 1511/1511/1434 1514/1514/1437
f 1506/1506/1430 1509/1509/1432 1515/1515/1438
f 1506/1506/1430 1515/1515/1438 1513/1513/1436
f 1509/1509/1432 1514/1514/1437 1515/1515/1438
f 1511/1511/1434 1512/1512/1435 1516/1516/1439
f 1512/1512/1435 1517/1517/1212 1516/1516/1439
f 1514/1514/1437 1511/1511/1434 1518/1518/1440
f 1511/1511/1434 1516/1516/1439 1518/1518/1440
f 1515/1515/1438 1514/1514/1437 1519/1519/1441
f 1514/1514/1437 1518/1518/1440 1519/1519/1441
f 1513/1513/1436 1515/1515/1438 1520/1520/1442
f 1515/1515/1438 1519/1519/1441 1520/1520/1442
f 1510/1510/1433 1513/1513/1436 1521/1521/1443
f 1513/1513/1436 1520/1520/1442 1521/1521/1443
f 1516/1516/1439 1517/1517/1212 1522/1522/1444
f 1517/1517/1212 1523/1523/1445 1522/1522/1444
f 1518/1518/1440 1516/1516/1439 1524/1524/1446
f 1524/1524/1446 1519/1519/1441 1518/1518/1440
f 1516/1516/1439 1522/1522/1444 1524/1524/1446
f 1522/1522/1444 1523/1523/1445 1525/1525/1447
f 1523/1523/1445 1526/1526/1448 1525/1525/1447
f 1524/1524/1446 1522/1522/1444 1527/1527/1449
f 1522/1522/1444 1525/1525/1447 1527/1527/1449
f 1525/1525/1447 1526/1526/1448 1528/1528/1450
f 1527/1527/1449 1525/1525/1447 1528/1528/1450
f 1526/1526/1448 1410/1410/1336 1528/1528/1450
f 1528/1528/1450 1410/1410/1336 1529/1529/1451
f 1529/1529/1451 1527/1527/1449 1528/1528/1450
f 1527/1527/1449 1529/1529/1451 1530/1530/1452
f 1410/1410/1336 1411/1411/1337 1529/1529/1451
f 1529/1529/1451 1411/1411/1337 1530/1530/1452
f 1524/1524/1446 1527/1527/1449 1531/1531/1453
f 1519/1519/1441 1524/1524/1446 1531/1531/1453
f 1531/1531/1453 1527/1527/1449 1530/1530/1452
f 1519/1519/1441 1531/1531/1453 1532/1532/1454
f 1530/1530/1452 1532/1532/1454 1531/1531/1453
f 1520/1520/1442 1519/1519/1441 1532/1532/1454
f 1520/1520/1442 1532/1532/1454 1533/1533/1455
f 1532/1532/1454 1530/1530/1452 1533/1533/1455
f 1521/1521/1443 1520/1520/1442 1533/1533/1455
f 1411/1411/1337 1534/1534/1456 1530/1530/1452
f 1534/1534/1456 1411/1411/1337 1407/1407/1333
f 1530/1530/1452 1535/1535/1457 1533/1533/1455
f 1530/1530/1452 1534/1534/1456 1535/1535/1457
f 1535/1535/1457 1534/1534/1456 1536/1536/1458
f 1534/1534/1456 1407/1407/1333 1537/1537/1459
f 1534/1534/1456 1537/1537/1459 1536/1536/1458
f 1407/1407/1333 1399/1399/1326 1537/1537/1459
f 1533/1533/1455 1535/1535/1457 1538/1538/1460
f 1521/1521/1443 1533/1533/1455 1538/1538/1460
f 1535/1535/1457 1536/1536/1458 1538/1538/1460
f 1537/1537/1459 1399/1399/1326 1539/1539/1461
f 1537/1537/1459 1539/1539/1461 1536/1536/1458
f 1539/1539/1461 1399/1399/1326 1397/1397/1324
f 1539/1539/1461 1397/1397/1324 1400/1400/1327
f 1540/1540/1462 1521/1521/1443 1538/1538/1460
f 1510/1510/1433 1521/1521/1443 1540/1540/1462
f 1505/1505/1429 1510/1510/1433 1540/1540/1462
f 1505/1505/1429 1540/1540/1462 1541/1541/1463
f 1505/1505/1429 1541/1541/1463 1479/1479/1405
f 1540/1540/1462 1538/1538/1460 1542/1542/1464
f 1540/1540/1462 1542/1542/1464 1541/1541/1463
f 1543/1543/1465 1479/1479/1405 1541/1541/1463
f 1479/1479/1405 1543/1543/1465 1491/1491/1417
f 1539/1539/1461 1544/1544/1466 1536/1536/1458
f 1544/1544/1466 1539/1539/1461 1400/1400/1327
f 1538/1538/1460 1536/1536/1458 1545/1545/1467
f 1538/1538/1460 1545/1545/1467 1542/1542/1464
f 1546/1546/1468 1536/1536/1458 1544/1544/1466
f 1536/1536/1458 1546/1546/1468 1545/1545/1467
f 1544/1544/1466 1547/1547/1469 1546/1546/1468
f 1544/1544/1466 1400/1400/1327 1547/1547/1469
f 1545/1545/1467 1546/1546/1468 1547/1547/1469
f 1541/1541/1463 1542/1542/1464 1548/1548/1470
f 1548/1548/1470 1543/1543/1465 1541/1541/1463
f 1491/1491/1417 1543/1543/1465 1549/1549/1471
f 1491/1491/1417 1549/1549/1471 1473/1473/1399
f 1543/1543/1465 1548/1548/1470 1550/1550/1472
f 1543/1543/1465 1550/1550/1472 1549/1549/1471
f 1548/1548/1470 1542/1542/1464 1551/1551/1473
f 1548/1548/1470 1551/1551/1473 1550/1550/1472
f 1552/1552/1474 1542/1542/1464 1545/1545/1467
f 1542/1542/1464 1552/1552/1474 1551/1551/1473
f 1550/1550/1472 1551/1551/1473 1553/1553/1475
f 1553/1553/1475 1549/1549/1471 1550/1550/1472
f 1554/1554/1476 1473/1473/1399 1549/1549/1471
f 1473/1473/1399 1554/1554/1476 1456/1456/1382
f 1445/1445/1371 1456/1456/1382 1554/1554/1476
f 1555/1555/1477 1554/1554/1476 1549/1549/1471
f 1549/1549/1471 1553/1553/1475 1555/1555/1477
f 1556/1556/1478 1445/1445/1371 1554/1554/1476
f 1554/1554/1476 1555/1555/1477 1556/1556/1478
f 1445/1445/1371 1556/1556/1478 1423/1423/1349
f 1423/1423/1349 1556/1556/1478 1416/1416/1342
f 1551/1551/1473 1557/1557/1479 1553/1553/1475
f 1551/1551/1473 1552/1552/1474 1557/1557/1479
f 1558/1558/1480 1552/1552/1474 1545/1545/1467
f 1558/1558/1480 1545/1545/1467 1547/1547/1469
f 1553/1553/1475 1559/1559/1481 1555/1555/1477
f 1553/1553/1475 1557/1557/1479 1559/1559/1481
f 1560/1560/1482 1416/1416/1342 1556/1556/1478
f 1416/1416/1342 1560/1560/1482 1412/1412/1338
f 1555/1555/1477 1561/1561/1483 1556/1556/1478
f 1561/1561/1483 1560/1560/1482 1556/1556/1478
f 1555/1555/1477 1559/1559/1481 1561/1561/1483
f 1562/1562/1484 1412/1412/1338 1560/1560/1482
f 1561/1561/1483 1562/1562/1484 1560/1560/1482
f 1559/1559/1481 1562/1562/1484 1561/1561/1483
f 1412/1412/1338 1562/1562/1484 1415/1415/1341
f 1562/1562/1484 1559/1559/1481 1563/1563/1485
f 1415/1415/1341 1562/1562/1484 1563/1563/1485
f 1557/1557/1479 1563/1563/1485 1559/1559/1481
f 1415/1415/1341 1563/1563/1485 1418/1418/1344
f 1563/1563/1485 1564/1564/1486 1418/1418/1344
f 1563/1563/1485 1557/1557/1479 1564/1564/1486
f 1418/1418/1344 1564/1564/1486 1426/1426/1352
f 1557/1557/1479 1565/1565/1487 1564/1564/1486
f 1552/1552/1474 1565/1565/1487 1557/1557/1479
f 1552/1552/1474 1558/1558/1480 1565/1565/1487
f 1565/1565/1487 1566/1566/1488 1564/1564/1486
f 1558/1558/1480 1566/1566/1488 1565/1565/1487
f 1566/1566/1488 1426/1426/1352 1564/1564/1486
f 1558/1558/1480 1547/1547/1469 1566/1566/1488
f 1426/1426/1352 1566/1566/1488 1567/1567/1489
f 1547/1547/1469 1567/1567/1489 1566/1566/1488
f 1398/1398/1325 1426/1426/1352 1567/1567/1489
f 1400/1400/1327 1567/1567/1489 1547/1547/1469
f 1567/1567/1489 1400/1400/1327 1398/1398/1325
f 1568/1568/1490 1569/1569/1491 1570/1570/1492
f 1571/1571/1493 1568/1568/1490 1570/1570/1492
f 1572/1572/1494 1568/1568/1490 1571/1571/1493
f 1571/1571/1493 1570/1570/1492 1573/1573/1495
f 1574/1574/1496 1572/1572/1494 1571/1571/1493
f 1575/1575/1497 1572/1572/1494 1574/1574/1496
f 1576/1576/1498 1571/1571/1493 1573/1573/1495
f 1571/1571/1493 1576/1576/1498 1574/1574/1496
f 1577/1577/1499 1575/1575/1497 1574/1574/1496
f 1578/1578/1500 1575/1575/1497 1577/1577/1499
f 1576/1576/1498 1573/1573/1495 1579/1579/1501
f 1573/1573/1495 1580/1580/1502 1579/1579/1501
f 1579/1579/1501 1580/1580/1502 1581/1581/1503
f 1576/1576/1498 1582/1582/1504 1574/1574/1496
f 1577/1577/1499 1574/1574/1496 1582/1582/1504
f 1583/1583/1505 1578/1578/1500 1577/1577/1499
f 1584/1584/1506 1578/1578/1500 1583/1583/1505
f 1585/1585/1507 1579/1579/1501 1581/1581/1503
f 1585/1585/1507 1581/1581/1503 1586/1586/1508
f 1579/1579/1501 1587/1587/1509 1576/1576/1498
f 1587/1587/1509 1582/1582/1504 1576/1576/1498
f 1579/1579/1501 1585/1585/1507 1587/1587/1509
f 1588/1588/1510 1577/1577/1499 1582/1582/1504
f 1583/1583/1505 1577/1577/1499 1588/1588/1510
f 1589/1589/1511 1585/1585/1507 1586/1586/1508
f 1589/1589/1511 1586/1586/1508 1590/1590/1512
f 1585/1585/1507 1591/1591/1513 1587/1587/1509
f 1591/1591/1513 1585/1585/1507 1589/1589/1511
f 1587/1587/1509 1592/1592/1514 1582/1582/1504
f 1592/1592/1514 1588/1588/1510 1582/1582/1504
f 1587/1587/1509 1591/1591/1513 1592/1592/1514
f 1593/1593/1515 1589/1589/1511 1590/1590/1512
f 1593/1593/1515 1590/1590/1512 1594/1594/1516
f 1595/1595/1517 1583/1583/1505 1588/1588/1510
f 1588/1588/1510 1592/1592/1514 1595/1595/1517
f 1596/1596/1518 1591/1591/1513 1589/1589/1511
f 1589/1589/1511 1593/1593/1515 1596/1596/1518
f 1597/1597/1519 1593/1593/1515 1594/1594/1516
f 1594/1594/1516 1598/1598/1520 1597/1597/1519
f 1593/1593/1515 1599/1599/1521 1596/1596/1518
f 1599/1599/1521 1593/1593/1515 1597/1597/1519
f 1596/1596/1518 1600/1600/1522 1591/1591/1513
f 1596/1596/1518 1599/1599/1521 1600/1600/1522
f 1591/1591/1513 1601/1601/1523 1592/1592/1514
f 1600/1600/1522 1601/1601/1523 1591/1591/1513
f 1592/1592/1514 1602/1602/1524 1595/1595/1517
f 1602/1602/1524 1592/1592/1514 1601/1601/1523
f 1595/1595/1517 1603/1603/1525 1583/1583/1505
f 1603/1603/1525 1595/1595/1517 1602/1602/1524
f 1604/1604/1526 1599/1599/1521 1597/1597/1519
f 1600/1600/1522 1599/1599/1521 1604/1604/1526
f 1603/1603/1525 1605/1605/1527 1583/1583/1505
f 1603/1603/1525 1606/1606/1528 1605/1605/1527
f 1605/1605/1527 1584/1584/1506 1583/1583/1505
f 1607/1607/1529 1584/1584/1506 1605/1605/1527
f 1608/1608/1530 1607/1607/1529 1605/1605/1527
f 1606/1606/1528 1608/1608/1530 1605/1605/1527
f 1609/1609/1531 1607/1607/1529 1608/1608/1530
f 1610/1610/1532 1609/1609/1531 1608/1608/1530
f 1610/1610/1532 1608/1608/1530 1606/1606/1528
f 1611/1611/1533 1609/1609/1531 1610/1610/1532
f 1612/1612/1534 1603/1603/1525 1602/1602/1524
f 1606/1606/1528 1603/1603/1525 1612/1612/1534
f 1613/1613/1535 1611/1611/1533 1610/1610/1532
f 1614/1614/1536 1611/1611/1533 1613/1613/1535
f 1612/1612/1534 1602/1602/1524 1615/1615/1537
f 1615/1615/1537 1602/1602/1524 1601/1601/1523
f 1616/1616/1538 1615/1615/1537 1601/1601/1523
f 1600/1600/1522 1616/1616/1538 1601/1601/1523
f 1617/1617/1539 1610/1610/1532 1606/1606/1528
f 1613/1613/1535 1610/1610/1532 1617/1617/1539
f 1617/1617/1539 1606/1606/1528 1618/1618/1540
f 1619/1619/1541 1614/1614/1536 1613/1613/1535
f 1620/1620/1542 1614/1614/1536 1619/1619/1541
f 1621/1621/1543 1606/1606/1528 1612/1612/1534
f 1606/1606/1528 1621/1621/1543 1618/1618/1540
f 1612/1612/1534 1615/1615/1537 1622/1622/1544
f 1615/1615/1537 1616/1616/1538 1622/1622/1544
f 1616/1616/1538 1600/1600/1522 1623/1623/1545
f 1623/1623/1545 1600/1600/1522 1604/1604/1526
f 1612/1612/1534 1624/1624/1546 1621/1621/1543
f 1624/1624/1546 1612/1612/1534 1622/1622/1544
f 1622/1622/1544 1616/1616/1538 1625/1625/1547
f 1625/1625/1547 1616/1616/1538 1623/1623/1545
f 1604/1604/1526 1626/1626/1548 1623/1623/1545
f 1597/1597/1519 1626/1626/1548 1604/1604/1526
f 1624/1624/1546 1627/1627/1549 1621/1621/1543
f 1627/1627/1549 1618/1618/1540 1621/1621/1543
f 1627/1627/1549 1628/1628/1550 1618/1618/1540
f 1628/1628/1550 1629/1629/1551 1618/1618/1540
f 1622/1622/1544 1630/1630/1552 1624/1624/1546
f 1630/1630/1552 1627/1627/1549 1624/1624/1546
f 1630/1630/1552 1622/1622/1544 1625/1625/1547
f 1627/1627/1549 1630/1630/1552 1628/1628/1550
f 1623/1623/1545 1631/1631/1553 1625/1625/1547
f 1626/1626/1548 1631/1631/1553 1623/1623/1545
f 1626/1626/1548 1597/1597/1519 1632/1632/1554
f 1598/1598/1520 1632/1632/1554 1597/1597/1519
f 1633/1633/1555 1631/1631/1553 1626/1626/1548
f 1632/1632/1554 1633/1633/1555 1626/1626/1548
f 1631/1631/1553 1634/1634/1556 1625/1625/1547
f 1631/1631/1553 1633/1633/1555 1634/1634/1556
f 1635/1635/1557 1630/1630/1552 1625/1625/1547
f 1635/1635/1557 1625/1625/1547 1634/1634/1556
f 1636/1636/1558 1632/1632/1554 1598/1598/1520
f 1637/1637/1559 1636/1636/1558 1598/1598/1520
f 1630/1630/1552 1638/1638/1560 1628/1628/1550
f 1638/1638/1560 1630/1630/1552 1635/1635/1557
f 1639/1639/1561 1633/1633/1555 1632/1632/1554
f 1636/1636/1558 1639/1639/1561 1632/1632/1554
f 1636/1636/1558 1637/1637/1559 1640/1640/1562
f 1637/1637/1559 1641/1641/1563 1640/1640/1562
f 1642/1642/1564 1640/1640/1562 1641/1641/1563
f 1643/1643/1565 1642/1642/1564 1641/1641/1563
f 1642/1642/1564 1644/1644/1566 1640/1640/1562
f 1636/1636/1558 1640/1640/1562 1645/1645/1567
f 1644/1644/1566 1645/1645/1567 1640/1640/1562
f 1639/1639/1561 1636/1636/1558 1645/1645/1567
f 1644/1644/1566 1646/1646/1568 1645/1645/1567
f 1646/1646/1568 1647/1647/1569 1645/1645/1567
f 1639/1639/1561 1645/1645/1567 1647/1647/1569
f 1646/1646/1568 1648/1648/1570 1647/1647/1569
f 1639/1639/1561 1649/1649/1571 1633/1633/1555
f 1649/1649/1571 1639/1639/1561 1647/1647/1569
f 1648/1648/1570 1650/1650/1572 1647/1647/1569
f 1647/1647/1569 1650/1650/1572 1649/1649/1571
f 1648/1648/1570 1651/1651/1573 1650/1650/1572
f 1651/1651/1573 1652/1652/1574 1650/1650/1572
f 1651/1651/1573 1653/1653/1575 1652/1652/1574
f 1649/1649/1571 1654/1654/1576 1633/1633/1555
f 1633/1633/1555 1654/1654/1576 1634/1634/1556
f 1655/1655/1577 1654/1654/1576 1649/1649/1571
f 1656/1656/1578 1655/1655/1577 1649/1649/1571
f 1650/1650/1572 1656/1656/1578 1649/1649/1571
f 1650/1650/1572 1652/1652/1574 1656/1656/1578
f 1653/1653/1575 1657/1657/1579 1652/1652/1574
f 1653/1653/1575 1658/1658/1580 1657/1657/1579
f 1652/1652/1574 1659/1659/1581 1656/1656/1578
f 1656/1656/1578 1659/1659/1581 1655/1655/1577
f 1652/1652/1574 1657/1657/1579 1659/1659/1581
f 1634/1634/1556 1654/1654/1576 1660/1660/1582
f 1660/1660/1582 1635/1635/1557 1634/1634/1556
f 1658/1658/1580 1661/1661/1583 1657/1657/1579
f 1658/1658/1580 1662/1662/1584 1661/1661/1583
f 1657/1657/1579 1663/1663/1585 1659/1659/1581
f 1657/1657/1579 1661/1661/1583 1663/1663/1585
f 1660/1660/1582 1654/1654/1576 1664/1664/1586
f 1654/1654/1576 1655/1655/1577 1664/1664/1586
f 1635/1635/1557 1660/1660/1582 1665/1665/1587
f 1660/1660/1582 1664/1664/1586 1665/1665/1587
f 1662/1662/1584 1666/1666/1588 1661/1661/1583
f 1662/1662/1584 1667/1667/1589 1666/1666/1588
f 1665/1665/1587 1668/1668/1590 1635/1635/1557
f 1668/1668/1590 1638/1638/1560 1635/1635/1557
f 1669/1669/1591 1665/1665/1587 1664/1664/1586
f 1668/1668/1590 1665/1665/1587 1669/1669/1591
f 1670/1670/1592 1638/1638/1560 1668/1668/1590
f 1628/1628/1550 1638/1638/1560 1670/1670/1592
f 1671/1671/1593 1670/1670/1592 1668/1668/1590
f 1671/1671/1593 1668/1668/1590 1669/1669/1591
f 1672/1672/1594 1669/1669/1591 1664/1664/1586
f 1655/1655/1577 1672/1672/1594 1664/1664/1586
f 1670/1670/1592 1673/1673/1595 1628/1628/1550
f 1670/1670/1592 1671/1671/1593 1673/1673/1595
f 1674/1674/1596 1671/1671/1593 1669/1669/1591
f 1669/1669/1591 1672/1672/1594 1674/1674/1596
f 1674/1674/1596 1675/1675/1597 1671/1671/1593
f 1671/1671/1593 1675/1675/1597 1673/1673/1595
f 1674/1674/1596 1672/1672/1594 1676/1676/1598
f 1672/1672/1594 1655/1655/1577 1676/1676/1598
f 1675/1675/1597 1674/1674/1596 1676/1676/1598
f 1673/1673/1595 1677/1677/1599 1628/1628/1550
f 1628/1628/1550 1677/1677/1599 1629/1629/1551
f 1678/1678/1600 1673/1673/1595 1675/1675/1597
f 1673/1673/1595 1678/1678/1600 1677/1677/1599
f 1679/1679/1601 1675/1675/1597 1676/1676/1598
f 1679/1679/1601 1678/1678/1600 1675/1675/1597
f 1680/1680/1602 1676/1676/1598 1655/1655/1577
f 1676/1676/1598 1680/1680/1602 1679/1679/1601
f 1681/1681/1603 1680/1680/1602 1655/1655/1577
f 1659/1659/1581 1681/1681/1603 1655/1655/1577
f 1659/1659/1581 1663/1663/1585 1681/1681/1603
f 1681/1681/1603 1682/1682/1604 1680/1680/1602
f 1663/1663/1585 1682/1682/1604 1681/1681/1603
f 1678/1678/1600 1683/1683/1605 1677/1677/1599
f 1678/1678/1600 1679/1679/1601 1684/1684/1606
f 1683/1683/1605 1678/1678/1600 1684/1684/1606
f 1685/1685/1607 1683/1683/1605 1684/1684/1606
f 1686/1686/1608 1677/1677/1599 1683/1683/1605
f 1683/1683/1605 1685/1685/1607 1686/1686/1608
f 1677/1677/1599 1686/1686/1608 1629/1629/1551
f 1680/1680/1602 1687/1687/1609 1679/1679/1601
f 1679/1679/1601 1687/1687/1609 1684/1684/1606
f 1682/1682/1604 1688/1688/1610 1680/1680/1602
f 1680/1680/1602 1688/1688/1610 1687/1687/1609
f 1685/1685/1607 1684/1684/1606 1689/1689/1611
f 1687/1687/1609 1689/1689/1611 1684/1684/1606
f 1686/1686/1608 1690/1690/1612 1629/1629/1551
f 1685/1685/1607 1690/1690/1612 1686/1686/1608
f 1690/1690/1612 1691/1691/1613 1629/1629/1551
f 1685/1685/1607 1691/1691/1613 1690/1690/1612
f 1663/1663/1585 1692/1692/1614 1682/1682/1604
f 1693/1693/1615 1688/1688/1610 1682/1682/1604
f 1692/1692/1614 1693/1693/1615 1682/1682/1604
f 1688/1688/1610 1694/1694/1616 1687/1687/1609
f 1688/1688/1610 1693/1693/1615 1694/1694/1616
f 1695/1695/1617 1689/1689/1611 1687/1687/1609
f 1694/1694/1616 1695/1695/1617 1687/1687/1609
f 1696/1696/1618 1685/1685/1607 1689/1689/1611
f 1689/1689/1611 1695/1695/1617 1696/1696/1618
f 1692/1692/1614 1663/1663/1585 1697/1697/1619
f 1661/1661/1583 1697/1697/1619 1663/1663/1585
f 1697/1697/1619 1661/1661/1583 1666/1666/1588
f 1698/1698/1620 1692/1692/1614 1697/1697/1619
f 1692/1692/1614 1698/1698/1620 1693/1693/1615
f 1693/1693/1615 1699/1699/1621 1694/1694/1616
f 1695/1695/1617 1694/1694/1616 1699/1699/1621
f 1700/1700/1622 1697/1697/1619 1666/1666/1588
f 1697/1697/1619 1700/1700/1622 1698/1698/1620
f 1698/1698/1620 1701/1701/1623 1693/1693/1615
f 1693/1693/1615 1701/1701/1623 1699/1699/1621
f 1696/1696/1618 1702/1702/1624 1685/1685/1607
f 1702/1702/1624 1691/1691/1613 1685/1685/1607
f 1666/1666/1588 1703/1703/1625 1700/1700/1622
f 1667/1667/1589 1703/1703/1625 1666/1666/1588
f 1667/1667/1589 1704/1704/1626 1703/1703/1625
f 1704/1704/1626 1705/1705/1627 1703/1703/1625
f 1704/1704/1626 1706/1706/1628 1705/1705/1627
f 1706/1706/1628 1707/1707/1563 1705/1705/1627
f 1703/1703/1625 1705/1705/1627 1708/1708/1629
f 1703/1703/1625 1708/1708/1629 1700/1700/1622
f 1709/1709/1630 1705/1705/1627 1707/1707/1563
f 1705/1705/1627 1709/1709/1630 1708/1708/1629
f 1710/1710/1559 1709/1709/1630 1707/1707/1563
f 1710/1710/1559 1711/1711/1520 1709/1709/1630
f 1709/1709/1630 1712/1712/1631 1708/1708/1629
f 1711/1711/1520 1712/1712/1631 1709/1709/1630
f 1702/1702/1624 1713/1713/1632 1691/1691/1613
f 1713/1713/1632 1714/1714/1633 1691/1691/1613
f 1691/1691/1613 1714/1714/1633 1629/1629/1551
f 1714/1714/1633 1715/1715/1634 1629/1629/1551
f 1629/1629/1551 1715/1715/1634 1618/1618/1540
f 1713/1713/1632 1702/1702/1624 1716/1716/1635
f 1716/1716/1635 1702/1702/1624 1696/1696/1618
f 1714/1714/1633 1717/1717/1636 1715/1715/1634
f 1717/1717/1636 1714/1714/1633 1713/1713/1632
f 1715/1715/1634 1718/1718/1637 1618/1618/1540
f 1617/1617/1539 1618/1618/1540 1718/1718/1637
f 1719/1719/1638 1716/1716/1635 1696/1696/1618
f 1695/1695/1617 1719/1719/1638 1696/1696/1618
f 1717/1717/1636 1720/1720/1639 1715/1715/1634
f 1718/1718/1637 1715/1715/1634 1720/1720/1639
f 1721/1721/1640 1617/1617/1539 1718/1718/1637
f 1721/1721/1640 1613/1613/1535 1617/1617/1539
f 1722/1722/1641 1718/1718/1637 1720/1720/1639
f 1721/1721/1640 1718/1718/1637 1722/1722/1641
f 1613/1613/1535 1721/1721/1640 1723/1723/1642
f 1723/1723/1642 1721/1721/1640 1722/1722/1641
f 1619/1619/1541 1613/1613/1535 1723/1723/1642
f 1720/1720/1639 1724/1724/1643 1722/1722/1641
f 1724/1724/1643 1720/1720/1639 1717/1717/1636
f 1723/1723/1642 1722/1722/1641 1725/1725/1644
f 1724/1724/1643 1725/1725/1644 1722/1722/1641
f 1619/1619/1541 1723/1723/1642 1726/1726/1645
f 1726/1726/1645 1723/1723/1642 1725/1725/1644
f 1719/1719/1638 1695/1695/1617 1727/1727/1646
f 1727/1727/1646 1695/1695/1617 1699/1699/1621
f 1728/1728/1647 1619/1619/1541 1726/1726/1645
f 1728/1728/1647 1620/1620/1542 1619/1619/1541
f 1729/1729/1648 1620/1620/1542 1728/1728/1647
f 1730/1730/1649 1729/1729/1648 1728/1728/1647
f 1731/1731/1650 1729/1729/1648 1730/1730/1649
f 1728/1728/1647 1726/1726/1645 1732/1732/1651
f 1730/1730/1649 1728/1728/1647 1732/1732/1651
f 1726/1726/1645 1725/1725/1644 1733/1733/1652
f 1732/1732/1651 1726/1726/1645 1733/1733/1652
f 1734/1734/1653 1731/1731/1650 1730/1730/1649
f 1735/1735/1654 1731/1731/1650 1734/1734/1653
f 1732/1732/1651 1736/1736/1655 1730/1730/1649
f 1736/1736/1655 1732/1732/1651 1733/1733/1652
f 1736/1736/1655 1734/1734/1653 1730/1730/1649
f 1737/1737/1656 1733/1733/1652 1725/1725/1644
f 1724/1724/1643 1737/1737/1656 1725/1725/1644
f 1738/1738/1657 1735/1735/1654 1734/1734/1653
f 1739/1739/1658 1735/1735/1654 1738/1738/1657
f 1736/1736/1655 1740/1740/1659 1734/1734/1653
f 1740/1740/1659 1738/1738/1657 1734/1734/1653
f 1741/1741/1660 1736/1736/1655 1733/1733/1652
f 1741/1741/1660 1733/1733/1652 1737/1737/1656
f 1740/1740/1659 1736/1736/1655 1741/1741/1660
f 1742/1742/1661 1739/1739/1658 1738/1738/1657
f 1743/1743/1662 1739/1739/1658 1742/1742/1661
f 1744/1744/1663 1741/1741/1660 1737/1737/1656
f 1741/1741/1660 1744/1744/1663 1740/1740/1659
f 1738/1738/1657 1740/1740/1659 1745/1745/1664
f 1742/1742/1661 1738/1738/1657 1745/1745/1664
f 1745/1745/1664 1740/1740/1659 1744/1744/1663
f 1746/1746/1665 1737/1737/1656 1724/1724/1643
f 1744/1744/1663 1737/1737/1656 1746/1746/1665
f 1747/1747/1666 1743/1743/1662 1742/1742/1661
f 1748/1748/1667 1743/1743/1662 1747/1747/1666
f 1749/1749/1668 1745/1745/1664 1744/1744/1663
f 1749/1749/1668 1744/1744/1663 1746/1746/1665
f 1745/1745/1664 1750/1750/1669 1742/1742/1661
f 1750/1750/1669 1747/1747/1666 1742/1742/1661
f 1751/1751/1670 1748/1748/1667 1747/1747/1666
f 1752/1752/1671 1748/1748/1667 1751/1751/1670
f 1745/1745/1664 1749/1749/1668 1753/1753/1672
f 1750/1750/1669 1745/1745/1664 1753/1753/1672
f 1747/1747/1666 1750/1750/1669 1754/1754/1673
f 1751/1751/1670 1747/1747/1666 1754/1754/1673
f 1755/1755/1674 1752/1752/1671 1751/1751/1670
f 1756/1756/1675 1752/1752/1671 1755/1755/1674
f 1746/1746/1665 1757/1757/1676 1749/1749/1668
f 1757/1757/1676 1753/1753/1672 1749/1749/1668
f 1753/1753/1672 1758/1758/1677 1750/1750/1669
f 1758/1758/1677 1754/1754/1673 1750/1750/1669
f 1754/1754/1673 1759/1759/1678 1751/1751/1670
f 1759/1759/1678 1755/1755/1674 1751/1751/1670
f 1760/1760/1679 1756/1756/1675 1755/1755/1674
f 1761/1761/1680 1756/1756/1675 1760/1760/1679
f 1759/1759/1678 1754/1754/1673 1762/1762/1681
f 1754/1754/1673 1758/1758/1677 1762/1762/1681
f 1755/1755/1674 1759/1759/1678 1763/1763/1682
f 1760/1760/1679 1755/1755/1674 1763/1763/1682
f 1762/1762/1681 1763/1763/1682 1759/1759/1678
f 1764/1764/1683 1758/1758/1677 1753/1753/1672
f 1757/1757/1676 1764/1764/1683 1753/1753/1672
f 1765/1765/1684 1761/1761/1680 1760/1760/1679
f 1766/1766/1685 1761/1761/1680 1765/1765/1684
f 1763/1763/1682 1767/1767/1686 1760/1760/1679
f 1763/1763/1682 1762/1762/1681 1767/1767/1686
f 1767/1767/1686 1765/1765/1684 1760/1760/1679
f 1768/1768/1687 1762/1762/1681 1758/1758/1677
f 1764/1764/1683 1768/1768/1687 1758/1758/1677
f 1762/1762/1681 1768/1768/1687 1767/1767/1686
f 1769/1769/1688 1766/1766/1685 1765/1765/1684
f 1769/1769/1688 1765/1765/1684 1767/1767/1686
f 1770/1770/1689 1767/1767/1686 1768/1768/1687
f 1770/1770/1689 1769/1769/1688 1767/1767/1686
f 1766/1766/1685 1769/1769/1688 1771/1771/1690
f 1771/1771/1690 1769/1769/1688 1770/1770/1689
f 1772/1772/1691 1766/1766/1685 1771/1771/1690
f 1773/1773/1692 1768/1768/1687 1764/1764/1683
f 1773/1773/1692 1770/1770/1689 1768/1768/1687
f 1774/1774/1693 1764/1764/1683 1757/1757/1676
f 1774/1774/1693 1773/1773/1692 1764/1764/1683
f 1775/1775/1694 1771/1771/1690 1770/1770/1689
f 1775/1775/1694 1770/1770/1689 1773/1773/1692
f 1771/1771/1690 1776/1776/1695 1772/1772/1691
f 1776/1776/1695 1771/1771/1690 1775/1775/1694
f 1776/1776/1695 1777/1777/1696 1772/1772/1691
f 1778/1778/1697 1775/1775/1694 1773/1773/1692
f 1778/1778/1697 1773/1773/1692 1774/1774/1693
f 1776/1776/1695 1779/1779/1698 1777/1777/1696
f 1779/1779/1698 1780/1780/1699 1777/1777/1696
f 1781/1781/1700 1776/1776/1695 1775/1775/1694
f 1781/1781/1700 1775/1775/1694 1778/1778/1697
f 1779/1779/1698 1776/1776/1695 1781/1781/1700
f 1782/1782/1701 1781/1781/1700 1778/1778/1697
f 1779/1779/1698 1783/1783/1702 1780/1780/1699
f 1783/1783/1702 1784/1784/1703 1780/1780/1699
f 1785/1785/1704 1779/1779/1698 1781/1781/1700
f 1785/1785/1704 1781/1781/1700 1782/1782/1701
f 1783/1783/1702 1779/1779/1698 1785/1785/1704
f 1783/1783/1702 1786/1786/1705 1784/1784/1703
f 1786/1786/1705 1787/1787/1706 1784/1784/1703
f 1788/1788/1707 1787/1787/1706 1786/1786/1705
f 1789/1789/1708 1783/1783/1702 1785/1785/1704
f 1786/1786/1705 1783/1783/1702 1789/1789/1708
f 1790/1790/1709 1788/1788/1707 1786/1786/1705
f 1791/1791/1710 1788/1788/1707 1790/1790/1709
f 1782/1782/1701 1778/1778/1697 1792/1792/1711
f 1792/1792/1711 1778/1778/1697 1774/1774/1693
f 1789/1789/1708 1785/1785/1704 1793/1793/1712
f 1793/1793/1712 1785/1785/1704 1782/1782/1701
f 1794/1794/1713 1786/1786/1705 1789/1789/1708
f 1790/1790/1709 1786/1786/1705 1794/1794/1713
f 1795/1795/1714 1791/1791/1710 1790/1790/1709
f 1796/1796/1715 1791/1791/1710 1795/1795/1714
f 1797/1797/1716 1789/1789/1708 1793/1793/1712
f 1794/1794/1713 1789/1789/1708 1797/1797/1716
f 1798/1798/1717 1790/1790/1709 1794/1794/1713
f 1795/1795/1714 1790/1790/1709 1798/1798/1717
f 1799/1799/1718 1796/1796/1715 1795/1795/1714
f 1800/1800/1491 1796/1796/1715 1799/1799/1718
f 1801/1801/1492 1800/1800/1491 1799/1799/1718
f 1799/1799/1718 1795/1795/1714 1802/1802/1719
f 1802/1802/1719 1795/1795/1714 1798/1798/1717
f 1799/1799/1718 1803/1803/1720 1801/1801/1492
f 1803/1803/1720 1799/1799/1718 1802/1802/1719
f 1803/1803/1720 1804/1804/1721 1801/1801/1492
f 1798/1798/1717 1794/1794/1713 1805/1805/1722
f 1805/1805/1722 1794/1794/1713 1797/1797/1716
f 1797/1797/1716 1793/1793/1712 1806/1806/1723
f 1806/1806/1723 1793/1793/1712 1782/1782/1701
f 1802/1802/1719 1798/1798/1717 1807/1807/1724
f 1807/1807/1724 1798/1798/1717 1805/1805/1722
f 1804/1804/1721 1803/1803/1720 1808/1808/1725
f 1809/1809/1502 1804/1804/1721 1808/1808/1725
f 1803/1803/1720 1802/1802/1719 1810/1810/1726
f 1810/1810/1726 1802/1802/1719 1807/1807/1724
f 1808/1808/1725 1803/1803/1720 1810/1810/1726
f 1805/1805/1722 1797/1797/1716 1811/1811/1727
f 1811/1811/1727 1797/1797/1716 1806/1806/1723
f 1809/1809/1502 1808/1808/1725 1812/1812/1728
f 1813/1813/1729 1809/1809/1502 1812/1812/1728
f 1807/1807/1724 1805/1805/1722 1814/1814/1730
f 1814/1814/1730 1805/1805/1722 1811/1811/1727
f 1808/1808/1725 1810/1810/1726 1815/1815/1731
f 1812/1812/1728 1808/1808/1725 1815/1815/1731
f 1810/1810/1726 1807/1807/1724 1816/1816/1732
f 1816/1816/1732 1807/1807/1724 1814/1814/1730
f 1815/1815/1731 1810/1810/1726 1816/1816/1732
f 1813/1813/1729 1812/1812/1728 1817/1817/1733
f 1818/1818/1508 1813/1813/1729 1817/1817/1733
f 1812/1812/1728 1815/1815/1731 1819/1819/1734
f 1817/1817/1733 1812/1812/1728 1819/1819/1734
f 1815/1815/1731 1816/1816/1732 1820/1820/1735
f 1819/1819/1734 1815/1815/1731 1820/1820/1735
f 1816/1816/1732 1814/1814/1730 1821/1821/1736
f 1820/1820/1735 1816/1816/1732 1821/1821/1736
f 1814/1814/1730 1811/1811/1727 1822/1822/1737
f 1821/1821/1736 1814/1814/1730 1822/1822/1737
f 1818/1818/1508 1817/1817/1733 1823/1823/1738
f 1824/1824/1739 1818/1818/1508 1823/1823/1738
f 1817/1817/1733 1819/1819/1734 1825/1825/1740
f 1820/1820/1735 1825/1825/1740 1819/1819/1734
f 1823/1823/1738 1817/1817/1733 1825/1825/1740
f 1824/1824/1739 1823/1823/1738 1826/1826/1741
f 1827/1827/1742 1824/1824/1739 1826/1826/1741
f 1823/1823/1738 1825/1825/1740 1828/1828/1743
f 1826/1826/1741 1823/1823/1738 1828/1828/1743
f 1827/1827/1742 1826/1826/1741 1829/1829/1744
f 1826/1826/1741 1828/1828/1743 1829/1829/1744
f 1711/1711/1520 1827/1827/1742 1829/1829/1744
f 1711/1711/1520 1829/1829/1744 1830/1830/1745
f 1828/1828/1743 1830/1830/1745 1829/1829/1744
f 1830/1830/1745 1828/1828/1743 1831/1831/1746
f 1712/1712/1631 1711/1711/1520 1830/1830/1745
f 1712/1712/1631 1830/1830/1745 1831/1831/1746
f 1828/1828/1743 1825/1825/1740 1832/1832/1747
f 1825/1825/1740 1820/1820/1735 1832/1832/1747
f 1828/1828/1743 1832/1832/1747 1831/1831/1746
f 1832/1832/1747 1820/1820/1735 1833/1833/1748
f 1833/1833/1748 1831/1831/1746 1832/1832/1747
f 1820/1820/1735 1821/1821/1736 1833/1833/1748
f 1833/1833/1748 1821/1821/1736 1834/1834/1749
f 1831/1831/1746 1833/1833/1748 1834/1834/1749
f 1821/1821/1736 1822/1822/1737 1834/1834/1749
f 1835/1835/1750 1712/1712/1631 1831/1831/1746
f 1712/1712/1631 1835/1835/1750 1708/1708/1629
f 1836/1836/1751 1831/1831/1746 1834/1834/1749
f 1835/1835/1750 1831/1831/1746 1836/1836/1751
f 1835/1835/1750 1836/1836/1751 1837/1837/1752
f 1708/1708/1629 1835/1835/1750 1838/1838/1753
f 1838/1838/1753 1835/1835/1750 1837/1837/1752
f 1700/1700/1622 1708/1708/1629 1838/1838/1753
f 1836/1836/1751 1834/1834/1749 1839/1839/1754
f 1834/1834/1749 1822/1822/1737 1839/1839/1754
f 1837/1837/1752 1836/1836/1751 1839/1839/1754
f 1700/1700/1622 1838/1838/1753 1840/1840/1755
f 1840/1840/1755 1838/1838/1753 1837/1837/1752
f 1700/1700/1622 1840/1840/1755 1698/1698/1620
f 1698/1698/1620 1840/1840/1755 1701/1701/1623
f 1822/1822/1737 1841/1841/1756 1839/1839/1754
f 1822/1822/1737 1811/1811/1727 1841/1841/1756
f 1811/1811/1727 1806/1806/1723 1841/1841/1756
f 1841/1841/1756 1806/1806/1723 1842/1842/1757
f 1842/1842/1757 1806/1806/1723 1782/1782/1701
f 1839/1839/1754 1841/1841/1756 1843/1843/1758
f 1843/1843/1758 1841/1841/1756 1842/1842/1757
f 1782/1782/1701 1844/1844/1759 1842/1842/1757
f 1844/1844/1759 1782/1782/1701 1792/1792/1711
f 1845/1845/1760 1840/1840/1755 1837/1837/1752
f 1840/1840/1755 1845/1845/1760 1701/1701/1623
f 1837/1837/1752 1839/1839/1754 1846/1846/1761
f 1846/1846/1761 1839/1839/1754 1843/1843/1758
f 1837/1837/1752 1847/1847/1762 1845/1845/1760
f 1847/1847/1762 1837/1837/1752 1846/1846/1761
f 1848/1848/1763 1845/1845/1760 1847/1847/1762
f 1701/1701/1623 1845/1845/1760 1848/1848/1763
f 1847/1847/1762 1846/1846/1761 1848/1848/1763
f 1843/1843/1758 1842/1842/1757 1849/1849/1764
f 1844/1844/1759 1849/1849/1764 1842/1842/1757
f 1844/1844/1759 1792/1792/1711 1850/1850/1765
f 1850/1850/1765 1792/1792/1711 1774/1774/1693
f 1849/1849/1764 1844/1844/1759 1851/1851/1766
f 1851/1851/1766 1844/1844/1759 1850/1850/1765
f 1843/1843/1758 1849/1849/1764 1852/1852/1767
f 1852/1852/1767 1849/1849/1764 1851/1851/1766
f 1843/1843/1758 1853/1853/1768 1846/1846/1761
f 1853/1853/1768 1843/1843/1758 1852/1852/1767
f 1852/1852/1767 1851/1851/1766 1854/1854/1769
f 1850/1850/1765 1854/1854/1769 1851/1851/1766
f 1774/1774/1693 1855/1855/1770 1850/1850/1765
f 1855/1855/1770 1774/1774/1693 1757/1757/1676
f 1757/1757/1676 1746/1746/1665 1855/1855/1770
f 1855/1855/1770 1856/1856/1771 1850/1850/1765
f 1854/1854/1769 1850/1850/1765 1856/1856/1771
f 1746/1746/1665 1857/1857/1772 1855/1855/1770
f 1856/1856/1771 1855/1855/1770 1857/1857/1772
f 1857/1857/1772 1746/1746/1665 1724/1724/1643
f 1857/1857/1772 1724/1724/1643 1717/1717/1636
f 1858/1858/1773 1852/1852/1767 1854/1854/1769
f 1853/1853/1768 1852/1852/1767 1858/1858/1773
f 1853/1853/1768 1859/1859/1774 1846/1846/1761
f 1846/1846/1761 1859/1859/1774 1848/1848/1763
f 1860/1860/1775 1854/1854/1769 1856/1856/1771
f 1858/1858/1773 1854/1854/1769 1860/1860/1775
f 1717/1717/1636 1861/1861/1776 1857/1857/1772
f 1861/1861/1776 1717/1717/1636 1713/1713/1632
f 1862/1862/1777 1856/1856/1771 1857/1857/1772
f 1861/1861/1776 1862/1862/1777 1857/1857/1772
f 1860/1860/1775 1856/1856/1771 1862/1862/1777
f 1713/1713/1632 1863/1863/1778 1861/1861/1776
f 1863/1863/1778 1862/1862/1777 1861/1861/1776
f 1863/1863/1778 1860/1860/1775 1862/1862/1777
f 1863/1863/1778 1713/1713/1632 1716/1716/1635
f 1860/1860/1775 1863/1863/1778 1864/1864/1779
f 1863/1863/1778 1716/1716/1635 1864/1864/1779
f 1864/1864/1779 1858/1858/1773 1860/1860/1775
f 1864/1864/1779 1716/1716/1635 1719/1719/1638
f 1865/1865/1780 1864/1864/1779 1719/1719/1638
f 1858/1858/1773 1864/1864/1779 1865/1865/1780
f 1865/1865/1780 1719/1719/1638 1727/1727/1646
f 1866/1866/1781 1858/1858/1773 1865/1865/1780
f 1866/1866/1781 1853/1853/1768 1858/1858/1773
f 1859/1859/1774 1853/1853/1768 1866/1866/1781
f 1867/1867/1782 1866/1866/1781 1865/1865/1780
f 1867/1867/1782 1859/1859/1774 1866/1866/1781
f 1727/1727/1646 1867/1867/1782 1865/1865/1780
f 1848/1848/1763 1859/1859/1774 1867/1867/1782
f 1867/1867/1782 1727/1727/1646 1868/1868/1783
f 1868/1868/1783 1848/1848/1763 1867/1867/1782
f 1727/1727/1646 1699/1699/1621 1868/1868/1783
f 1868/1868/1783 1701/1701/1623 1848/1848/1763
f 1701/1701/1623 1868/1868/1783 1699/1699/1621
f 1869/1869/1784 1870/1870/1785 1871/1871/1786
f 1870/1870/1785 1872/1872/1787 1871/1871/1786
f 1870/1870/1785 1873/1873/1788 1872/1872/1787
f 1871/1871/1786 1872/1872/1787 1874/1874/1789
f 1875/1875/1790 1871/1871/1786 1874/1874/1789
f 1873/1873/1788 1876/1876/1791 1872/1872/1787
f 1873/1873/1788 1877/1877/1792 1876/1876/1791
f 1874/1874/1789 1872/1872/1787 1878/1878/1793
f 1872/1872/1787 1876/1876/1791 1878/1878/1793
f 1874/1874/1789 1878/1878/1793 1879/1879/1794
f 1875/1875/1790 1874/1874/1789 1880/1880/1795
f 1880/1880/1795 1874/1874/1789 1879/1879/1794
f 1881/1881/1796 1875/1875/1790 1880/1880/1795
f 1881/1881/1796 1880/1880/1795 1882/1882/1797
f 1882/1882/1797 1880/1880/1795 1879/1879/1794
f 1883/1883/1798 1881/1881/1796 1882/1882/1797
f 1877/1877/1792 1884/1884/1799 1876/1876/1791
f 1884/1884/1799 1877/1877/1792 1885/1885/1800
f 1878/1878/1793 1876/1876/1791 1886/1886/1801
f 1876/1876/1791 1884/1884/1799 1886/1886/1801
f 1883/1883/1798 1882/1882/1797 1887/1887/1802
f 1888/1888/1803 1883/1883/1798 1887/1887/1802
f 1889/1889/1804 1884/1884/1799 1885/1885/1800
f 1886/1886/1801 1884/1884/1799 1889/1889/1804
f 1889/1889/1804 1885/1885/1800 1890/1890/1805
f 1885/1885/1800 1891/1891/1806 1890/1890/1805
f 1891/1891/1806 1892/1892/1807 1890/1890/1805
f 1878/1878/1793 1886/1886/1801 1893/1893/1808
f 1879/1879/1794 1878/1878/1793 1893/1893/1808
f 1894/1894/1809 1886/1886/1801 1889/1889/1804
f 1889/1889/1804 1890/1890/1805 1894/1894/1809
f 1887/1887/1802 1882/1882/1797 1895/1895/1810
f 1895/1895/1810 1882/1882/1797 1879/1879/1794
f 1888/1888/1803 1887/1887/1802 1896/1896/1811
f 1897/1897/1812 1888/1888/1803 1896/1896/1811
f 1897/1897/1812 1896/1896/1811 1898/1898/1813
f 1899/1899/1814 1887/1887/1802 1895/1895/1810
f 1896/1896/1811 1887/1887/1802 1899/1899/1814
f 1895/1895/1810 1879/1879/1794 1900/1900/1815
f 1895/1895/1810 1900/1900/1815 1899/1899/1814
f 1893/1893/1808 1886/1886/1801 1901/1901/1816
f 1886/1886/1801 1894/1894/1809 1901/1901/1816
f 1879/1879/1794 1893/1893/1808 1902/1902/1817
f 1900/1900/1815 1879/1879/1794 1902/1902/1817
f 1893/1893/1808 1901/1901/1816 1903/1903/1818
f 1902/1902/1817 1893/1893/1808 1903/1903/1818
f 1896/1896/1811 1904/1904/1819 1898/1898/1813
f 1905/1905/1820 1896/1896/1811 1899/1899/1814
f 1904/1904/1819 1896/1896/1811 1905/1905/1820
f 1898/1898/1813 1904/1904/1819 1906/1906/1821
f 1907/1907/1822 1898/1898/1813 1906/1906/1821
f 1907/1907/1822 1906/1906/1821 1908/1908/1823
f 1900/1900/1815 1909/1909/1824 1899/1899/1814
f 1899/1899/1814 1909/1909/1824 1905/1905/1820
f 1910/1910/1825 1904/1904/1819 1905/1905/1820
f 1906/1906/1821 1904/1904/1819 1910/1910/1825
f 1900/1900/1815 1902/1902/1817 1911/1911/1826
f 1900/1900/1815 1912/1912/1827 1909/1909/1824
f 1912/1912/1827 1900/1900/1815 1911/1911/1826
f 1909/1909/1824 1913/1913/1828 1905/1905/1820
f 1909/1909/1824 1912/1912/1827 1913/1913/1828
f 1910/1910/1825 1905/1905/1820 1914/1914/1829
f 1905/1905/1820 1913/1913/1828 1914/1914/1829
f 1911/1911/1826 1902/1902/1817 1915/1915/1830
f 1902/1902/1817 1903/1903/1818 1915/1915/1830
f 1906/1906/1821 1916/1916/1831 1908/1908/1823
f 1917/1917/1832 1906/1906/1821 1910/1910/1825
f 1916/1916/1831 1906/1906/1821 1917/1917/1832
f 1914/1914/1829 1918/1918/1833 1910/1910/1825
f 1918/1918/1833 1917/1917/1832 1910/1910/1825
f 1914/1914/1829 1913/1913/1828 1919/1919/1834
f 1914/1914/1829 1919/1919/1834 1918/1918/1833
f 1919/1919/1834 1920/1920/1835 1918/1918/1833
f 1917/1917/1832 1918/1918/1833 1921/1921/1836
f 1921/1921/1836 1916/1916/1831 1917/1917/1832
f 1921/1921/1836 1922/1922/1837 1916/1916/1831
f 1918/1918/1833 1923/1923/1838 1921/1921/1836
f 1922/1922/1837 1921/1921/1836 1923/1923/1838
f 1924/1924/1839 1922/1922/1837 1923/1923/1838
f 1924/1924/1839 1925/1925/1840 1922/1922/1837
f 1908/1908/1823 1916/1916/1831 1926/1926/1841
f 1922/1922/1837 1926/1926/1841 1916/1916/1831
f 1927/1927/1842 1908/1908/1823 1926/1926/1841
f 1913/1913/1828 1928/1928/1843 1919/1919/1834
f 1912/1912/1827 1928/1928/1843 1913/1913/1828
f 1919/1919/1834 1928/1928/1843 1929/1929/1844
f 1926/1926/1841 1930/1930/1845 1927/1927/1842
f 1930/1930/1845 1926/1926/1841 1922/1922/1837
f 1930/1930/1845 1931/1931/1846 1927/1927/1842
f 1931/1931/1846 1930/1930/1845 1932/1932/1847
f 1925/1925/1840 1933/1933/1848 1922/1922/1837
f 1933/1933/1848 1930/1930/1845 1922/1922/1837
f 1930/1930/1845 1934/1934/1849 1932/1932/1847
f 1930/1930/1845 1933/1933/1848 1934/1934/1849
f 1935/1935/1850 1932/1932/1847 1934/1934/1849
f 1933/1933/1848 1925/1925/1840 1936/1936/1851
f 1933/1933/1848 1936/1936/1851 1934/1934/1849
f 1925/1925/1840 1937/1937/1852 1936/1936/1851
f 1938/1938/1853 1935/1935/1850 1934/1934/1849
f 1938/1938/1853 1934/1934/1849 1936/1936/1851
f 1938/1938/1853 1939/1939/1854 1935/1935/1850
f 1940/1940/1855 1936/1936/1851 1937/1937/1852
f 1940/1940/1855 1938/1938/1853 1936/1936/1851
f 1938/1938/1853 1940/1940/1855 1939/1939/1854
f 1941/1941/1856 1940/1940/1855 1937/1937/1852
f 1940/1940/1855 1941/1941/1856 1939/1939/1854
f 1942/1942/1857 1943/1943/1858 1944/1944/1859
f 1945/1945/1860 1942/1942/1857 1944/1944/1859
f 1946/1946/1861 1945/1945/1860 1944/1944/1859
f 1946/1946/1861 1944/1944/1859 1947/1947/1862
f 1948/1948/1863 1946/1946/1861 1947/1947/1862
f 1946/1946/1861 1948/1948/1863 1949/1949/1864
f 1950/1950/1865 1946/1946/1861 1949/1949/1864
f 1946/1946/1861 1950/1950/1865 1945/1945/1860
f 1949/1949/1864 1951/1951/1866 1950/1950/1865
f 1945/1945/1860 1952/1952/1867 1942/1942/1857
f 1950/1950/1865 1952/1952/1867 1945/1945/1860
f 1951/1951/1866 1953/1953/1868 1950/1950/1865
f 1952/1952/1867 1950/1950/1865 1953/1953/1868
f 1951/1951/1866 1954/1954/1869 1953/1953/1868
f 1952/1952/1867 1955/1955/1870 1942/1942/1857
f 1955/1955/1870 1956/1956/1871 1942/1942/1857
f 1954/1954/1869 1957/1957/1872 1953/1953/1868
f 1954/1954/1869 1958/1958/1873 1957/1957/1872
f 1959/1959/1874 1952/1952/1867 1953/1953/1868
f 1955/1955/1870 1952/1952/1867 1959/1959/1874
f 1959/1959/1874 1953/1953/1868 1957/1957/1872
f 1956/1956/1871 1955/1955/1870 1960/1960/1875
f 1960/1960/1875 1955/1955/1870 1959/1959/1874
f 1961/1961/1876 1956/1956/1871 1960/1960/1875
f 1958/1958/1873 1962/1962/1877 1957/1957/1872
f 1958/1958/1873 1963/1963/1878 1962/1962/1877
f 1964/1964/1879 1959/1959/1874 1957/1957/1872
f 1960/1960/1875 1959/1959/1874 1964/1964/1879
f 1964/1964/1879 1957/1957/1872 1962/1962/1877
f 1961/1961/1876 1960/1960/1875 1965/1965/1880
f 1965/1965/1880 1960/1960/1875 1964/1964/1879
f 1966/1966/1881 1961/1961/1876 1965/1965/1880
f 1963/1963/1878 1967/1967/1882 1962/1962/1877
f 1963/1963/1878 1968/1968/1883 1967/1967/1882
f 1969/1969/1884 1964/1964/1879 1962/1962/1877
f 1965/1965/1880 1964/1964/1879 1969/1969/1884
f 1969/1969/1884 1962/1962/1877 1967/1967/1882
f 1966/1966/1881 1965/1965/1880 1970/1970/1885
f 1970/1970/1885 1965/1965/1880 1969/1969/1884
f 1971/1971/1886 1966/1966/1881 1970/1970/1885
f 1968/1968/1883 1972/1972/1887 1967/1967/1882
f 1972/1972/1887 1968/1968/1883 1973/1973/1888
f 1974/1974/1889 1969/1969/1884 1967/1967/1882
f 1970/1970/1885 1969/1969/1884 1974/1974/1889
f 1974/1974/1889 1967/1967/1882 1972/1972/1887
f 1971/1971/1886 1970/1970/1885 1975/1975/1890
f 1975/1975/1890 1970/1970/1885 1974/1974/1889
f 1976/1976/1891 1971/1971/1886 1975/1975/1890
f 1977/1977/1892 1974/1974/1889 1972/1972/1887
f 1975/1975/1890 1974/1974/1889 1977/1977/1892
f 1976/1976/1891 1975/1975/1890 1978/1978/1893
f 1978/1978/1893 1975/1975/1890 1977/1977/1892
f 1979/1979/1894 1976/1976/1891 1978/1978/1893
f 1980/1980/1895 1972/1972/1887 1973/1973/1888
f 1977/1977/1892 1972/1972/1887 1980/1980/1895
f 1977/1977/1892 1981/1981/1896 1978/1978/1893
f 1981/1981/1896 1977/1977/1892 1980/1980/1895
f 1979/1979/1894 1978/1978/1893 1982/1982/1897
f 1981/1981/1896 1982/1982/1897 1978/1978/1893
f 1983/1983/1898 1979/1979/1894 1982/1982/1897
f 1980/1980/1895 1973/1973/1888 1984/1984/1899
f 1981/1981/1896 1980/1980/1895 1984/1984/1899
f 1973/1973/1888 1985/1985/1900 1984/1984/1899
f 1982/1982/1897 1986/1986/1901 1983/1983/1898
f 1986/1986/1901 1987/1987/1902 1983/1983/1898
f 1982/1982/1897 1981/1981/1896 1988/1988/1903
f 1988/1988/1903 1981/1981/1896 1984/1984/1899
f 1986/1986/1901 1982/1982/1897 1988/1988/1903
f 1987/1987/1902 1986/1986/1901 1989/1989/1904
f 1989/1989/1904 1986/1986/1901 1990/1990/1905
f 1991/1991/1906 1987/1987/1902 1989/1989/1904
f 1988/1988/1903 1992/1992/1907 1986/1986/1901
f 1992/1992/1907 1990/1990/1905 1986/1986/1901
f 1984/1984/1899 1993/1993/1908 1988/1988/1903
f 1993/1993/1908 1992/1992/1907 1988/1988/1903
f 1994/1994/1909 1984/1984/1899 1985/1985/1900
f 1993/1993/1908 1984/1984/1899 1994/1994/1909
f 1991/1991/1906 1989/1989/1904 1995/1995/1910
f 1996/1996/1911 1991/1991/1906 1995/1995/1910
f 1992/1992/1907 1997/1997/1912 1990/1990/1905
f 1992/1992/1907 1993/1993/1908 1997/1997/1912
f 1996/1996/1911 1995/1995/1910 1998/1998/1913
f 1999/1999/1914 1996/1996/1911 1998/1998/1913
f 1999/1999/1914 1998/1998/1913 2000/2000/1915
f 2001/2001/1916 1999/1999/1914 2000/2000/1915
f 1998/1998/1913 1995/1995/1910 2002/2002/1917
f 1998/1998/1913 2002/2002/1917 2000/2000/1915
f 1995/1995/1910 1989/1989/1904 2003/2003/1918
f 1995/1995/1910 2003/2003/1918 2002/2002/1917
f 2001/2001/1916 2000/2000/1915 2004/2004/1919
f 2005/2005/1920 2001/2001/1916 2004/2004/1919
f 2006/2006/1921 1989/1989/1904 1990/1990/1905
f 1989/1989/1904 2006/2006/1921 2003/2003/1918
f 2002/2002/1917 2007/2007/1922 2000/2000/1915
f 2004/2004/1919 2000/2000/1915 2007/2007/1922
f 2005/2005/1920 2004/2004/1919 2008/2008/1923
f 2009/2009/1924 2005/2005/1920 2008/2008/1923
f 2010/2010/1925 2004/2004/1919 2007/2007/1922
f 2004/2004/1919 2010/2010/1925 2008/2008/1923
f 2009/2009/1924 2008/2008/1923 2011/2011/1926
f 2012/2012/1927 2009/2009/1924 2011/2011/1926
f 2013/2013/1928 2012/2012/1927 2011/2011/1926
f 2010/2010/1925 2014/2014/1929 2008/2008/1923
f 2011/2011/1926 2008/2008/1923 2014/2014/1929
f 2015/2015/1930 2013/2013/1928 2011/2011/1926
f 2013/2013/1928 2015/2015/1930 2016/2016/1931
f 2017/2017/1932 2011/2011/1926 2014/2014/1929
f 2015/2015/1930 2011/2011/1926 2017/2017/1932
f 2014/2014/1929 2010/2010/1925 2018/2018/1933
f 2014/2014/1929 2018/2018/1933 2017/2017/1932
f 2010/2010/1925 2007/2007/1922 2019/2019/1934
f 2010/2010/1925 2019/2019/1934 2018/2018/1933
f 2015/2015/1930 2020/2020/1935 2016/2016/1931
f 2020/2020/1935 2015/2015/1930 2017/2017/1932
f 2020/2020/1935 2021/2021/1936 2016/2016/1931
f 2021/2021/1936 2022/2022/1937 2016/2016/1931
f 2023/2023/1938 2022/2022/1937 2021/2021/1936
f 2020/2020/1935 2017/2017/1932 2024/2024/1939
f 2021/2021/1936 2020/2020/1935 2024/2024/1939
f 2024/2024/1939 2023/2023/1938 2021/2021/1936
f 2018/2018/1933 2024/2024/1939 2017/2017/1932
f 2024/2024/1939 2018/2018/1933 2023/2023/1938
f 2018/2018/1933 2025/2025/1940 2023/2023/1938
f 2018/2018/1933 2019/2019/1934 2025/2025/1940
f 2019/2019/1934 2026/2026/1941 2025/2025/1940
f 2007/2007/1922 2027/2027/1942 2019/2019/1934
f 2019/2019/1934 2027/2027/1942 2026/2026/1941
f 2007/2007/1922 2002/2002/1917 2027/2027/1942
f 2027/2027/1942 2028/2028/1943 2026/2026/1941
f 2002/2002/1917 2029/2029/1944 2027/2027/1942
f 2027/2027/1942 2029/2029/1944 2028/2028/1943
f 2002/2002/1917 2003/2003/1918 2029/2029/1944
f 2029/2029/1944 2030/2030/1945 2028/2028/1943
f 2003/2003/1918 2031/2031/1946 2029/2029/1944
f 2029/2029/1944 2031/2031/1946 2030/2030/1945
f 2003/2003/1918 2006/2006/1921 2031/2031/1946
f 2031/2031/1946 2032/2032/1947 2030/2030/1945
f 2006/2006/1921 2033/2033/1948 2031/2031/1946
f 2031/2031/1946 2033/2033/1948 2032/2032/1947
f 2033/2033/1948 2034/2034/1949 2032/2032/1947
f 2006/2006/1921 1990/1990/1905 2033/2033/1948
f 2033/2033/1948 2035/2035/1950 2034/2034/1949
f 1990/1990/1905 2035/2035/1950 2033/2033/1948
f 2035/2035/1950 2036/2036/1951 2034/2034/1949
f 1990/1990/1905 2037/2037/1952 2035/2035/1950
f 1997/1997/1912 2037/2037/1952 1990/1990/1905
f 2035/2035/1950 2038/2038/1953 2036/2036/1951
f 2037/2037/1952 2038/2038/1953 2035/2035/1950
f 2038/2038/1953 2039/2039/1844 2036/2036/1951
f 2040/2040/1954 2039/2039/1844 2038/2038/1953
f 2041/2041/1955 2040/2040/1954 2038/2038/1953
f 2041/2041/1955 2038/2038/1953 2037/2037/1952
f 2042/2042/1956 2041/2041/1955 2037/2037/1952
f 2043/2043/1957 2037/2037/1952 1997/1997/1912
f 2042/2042/1956 2037/2037/1952 2043/2043/1957
f 2041/2041/1955 2042/2042/1956 2044/2044/1958
f 2045/2045/1833 2041/2041/1955 2044/2044/1958
f 2046/2046/1838 2045/2045/1833 2044/2044/1958
f 2047/2047/1959 2044/2044/1958 2042/2042/1956
f 2048/2048/1960 2046/2046/1838 2044/2044/1958
f 2048/2048/1960 2044/2044/1958 2047/2047/1959
f 2048/2048/1960 2049/2049/1961 2046/2046/1838
f 2049/2049/1961 2050/2050/1839 2046/2046/1838
f 2051/2051/1962 2042/2042/1956 2043/2043/1957
f 2051/2051/1962 2047/2047/1959 2042/2042/1956
f 2049/2049/1961 2048/2048/1960 2052/2052/1963
f 2052/2052/1963 2048/2048/1960 2047/2047/1959
f 2049/2049/1961 2053/2053/1964 2050/2050/1839
f 2053/2053/1964 2054/2054/1840 2050/2050/1839
f 2054/2054/1840 2053/2053/1964 2055/2055/1852
f 2053/2053/1964 2056/2056/1965 2055/2055/1852
f 2057/2057/1966 2055/2055/1852 2056/2056/1965
f 2053/2053/1964 2049/2049/1961 2058/2058/1967
f 2053/2053/1964 2058/2058/1967 2056/2056/1965
f 2059/2059/1968 2057/2057/1966 2056/2056/1965
f 2057/2057/1966 2059/2059/1968 2060/2060/1969
f 2059/2059/1968 2056/2056/1965 2061/2061/1970
f 2058/2058/1967 2061/2061/1970 2056/2056/1965
f 2049/2049/1961 2062/2062/1971 2058/2058/1967
f 2062/2062/1971 2049/2049/1961 2052/2052/1963
f 2063/2063/1972 2058/2058/1967 2062/2062/1971
f 2058/2058/1967 2063/2063/1972 2061/2061/1970
f 2064/2064/1973 2059/2059/1968 2061/2061/1970
f 2064/2064/1973 2060/2060/1969 2059/2059/1968
f 2062/2062/1971 2052/2052/1963 2065/2065/1974
f 2065/2065/1974 2063/2063/1972 2062/2062/1971
f 2064/2064/1973 2061/2061/1970 2066/2066/1975
f 2063/2063/1972 2066/2066/1975 2061/2061/1970
f 2060/2060/1969 2064/2064/1973 2067/2067/1976
f 2067/2067/1976 2064/2064/1973 2066/2066/1975
f 2063/2063/1972 2068/2068/1977 2066/2066/1975
f 2063/2063/1972 2065/2065/1974 2068/2068/1977
f 2052/2052/1963 2069/2069/1978 2065/2065/1974
f 2052/2052/1963 2047/2047/1959 2069/2069/1978
f 2067/2067/1976 2066/2066/1975 2070/2070/1979
f 2068/2068/1977 2070/2070/1979 2066/2066/1975
f 2060/2060/1969 2067/2067/1976 2071/2071/1980
f 2071/2071/1980 2067/2067/1976 2070/2070/1979
f 2065/2065/1974 2072/2072/1981 2068/2068/1977
f 2065/2065/1974 2069/2069/1978 2072/2072/1981
f 2047/2047/1959 2073/2073/1982 2069/2069/1978
f 2073/2073/1982 2047/2047/1959 2051/2051/1962
f 2071/2071/1980 2074/2074/1983 2060/2060/1969
f 2075/2075/1850 2060/2060/1969 2074/2074/1983
f 2075/2075/1850 2074/2074/1983 2076/2076/1984
f 2074/2074/1983 2071/2071/1980 2077/2077/1985
f 2074/2074/1983 2077/2077/1985 2076/2076/1984
f 2071/2071/1980 2070/2070/1979 2077/2077/1985
f 2078/2078/1846 2076/2076/1984 2077/2077/1985
f 2068/2068/1977 2079/2079/1986 2070/2070/1979
f 2079/2079/1986 2077/2077/1985 2070/2070/1979
f 2079/2079/1986 2078/2078/1846 2077/2077/1985
f 2068/2068/1977 2072/2072/1981 2079/2079/1986
f 2078/2078/1846 2079/2079/1986 2080/2080/1987
f 2072/2072/1981 2080/2080/1987 2079/2079/1986
f 2081/2081/1988 2078/2078/1846 2080/2080/1987
f 2072/2072/1981 2082/2082/1989 2080/2080/1987
f 2069/2069/1978 2082/2082/1989 2072/2072/1981
f 2069/2069/1978 2073/2073/1982 2082/2082/1989
f 2081/2081/1988 2080/2080/1987 2083/2083/1990
f 2082/2082/1989 2083/2083/1990 2080/2080/1987
f 2084/2084/1991 2083/2083/1990 2082/2082/1989
f 2085/2085/1823 2081/2081/1988 2083/2083/1990
f 2085/2085/1823 2083/2083/1990 2084/2084/1991
f 2086/2086/1822 2085/2085/1823 2084/2084/1991
f 2086/2086/1822 2084/2084/1991 2087/2087/1813
f 2073/2073/1982 2088/2088/1992 2082/2082/1989
f 2088/2088/1992 2084/2084/1991 2082/2082/1989
f 2084/2084/1991 2089/2089/1993 2087/2087/1813
f 2090/2090/1812 2087/2087/1813 2089/2089/1993
f 2073/2073/1982 2091/2091/1994 2088/2088/1992
f 2091/2091/1994 2073/2073/1982 2051/2051/1962
f 2088/2088/1992 2092/2092/1995 2084/2084/1991
f 2091/2091/1994 2092/2092/1995 2088/2088/1992
f 2092/2092/1995 2089/2089/1993 2084/2084/1991
f 2091/2091/1994 2051/2051/1962 2093/2093/1996
f 2092/2092/1995 2091/2091/1994 2093/2093/1996
f 2051/2051/1962 2043/2043/1957 2093/2093/1996
f 2092/2092/1995 2094/2094/1997 2089/2089/1993
f 2094/2094/1997 2092/2092/1995 2093/2093/1996
f 2095/2095/1998 2090/2090/1812 2089/2089/1993
f 2094/2094/1997 2095/2095/1998 2089/2089/1993
f 2093/2093/1996 2043/2043/1957 2096/2096/1999
f 2093/2093/1996 2096/2096/1999 2094/2094/1997
f 2095/2095/1998 2097/2097/2000 2090/2090/1812
f 2097/2097/2000 2098/2098/1803 2090/2090/1812
f 2099/2099/1798 2098/2098/1803 2097/2097/2000
f 2094/2094/1997 2100/2100/2001 2095/2095/1998
f 2100/2100/2001 2097/2097/2000 2095/2095/1998
f 2096/2096/1999 2100/2100/2001 2094/2094/1997
f 2101/2101/2002 2099/2099/1798 2097/2097/2000
f 2097/2097/2000 2100/2100/2001 2101/2101/2002
f 2102/2102/1796 2099/2099/1798 2101/2101/2002
f 2100/2100/2001 2103/2103/2003 2101/2101/2002
f 2100/2100/2001 2096/2096/1999 2103/2103/2003
f 2043/2043/1957 2104/2104/2004 2096/2096/1999
f 2104/2104/2004 2043/2043/1957 1997/1997/1912
f 2105/2105/2005 2102/2102/1796 2101/2101/2002
f 2105/2105/2005 2101/2101/2002 2103/2103/2003
f 2096/2096/1999 2106/2106/2006 2103/2103/2003
f 2106/2106/2006 2096/2096/1999 2104/2104/2004
f 2105/2105/2005 2103/2103/2003 2106/2106/2006
f 2104/2104/2004 1997/1997/1912 2107/2107/2007
f 1993/1993/1908 2107/2107/2007 1997/1997/1912
f 2105/2105/2005 2108/2108/2008 2102/2102/1796
f 2108/2108/2008 2109/2109/1790 2102/2102/1796
f 2106/2106/2006 2104/2104/2004 2110/2110/2009
f 2110/2110/2009 2104/2104/2004 2107/2107/2007
f 2110/2110/2009 2107/2107/2007 2111/2111/2010
f 2111/2111/2010 2107/2107/2007 2112/2112/2011
f 1993/1993/1908 2112/2112/2011 2107/2107/2007
f 1993/1993/1908 1994/1994/1909 2112/2112/2011
f 2108/2108/2008 2113/2113/2012 2109/2109/1790
f 2113/2113/2012 2114/2114/1786 2109/2109/1790
f 2115/2115/2013 2114/2114/1786 2113/2113/2012
f 2116/2116/2014 2115/2115/2013 2113/2113/2012
f 2116/2116/2014 2113/2113/2012 2117/2117/2015
f 2117/2117/2015 2113/2113/2012 2108/2108/2008
f 2118/2118/2016 2116/2116/2014 2117/2117/2015
f 2119/2119/2017 2117/2117/2015 2108/2108/2008
f 2119/2119/2017 2108/2108/2008 2105/2105/2005
f 2118/2118/2016 2117/2117/2015 2120/2120/2018
f 2120/2120/2018 2117/2117/2015 2119/2119/2017
f 2121/2121/2019 2118/2118/2016 2120/2120/2018
f 2122/2122/2020 2119/2119/2017 2105/2105/2005
f 2122/2122/2020 2105/2105/2005 2106/2106/2006
f 2123/2123/2021 2120/2120/2018 2119/2119/2017
f 2123/2123/2021 2119/2119/2017 2122/2122/2020
f 2121/2121/2019 2120/2120/2018 2124/2124/2022
f 2124/2124/2022 2120/2120/2018 2123/2123/2021
f 2125/2125/2023 2121/2121/2019 2124/2124/2022
f 2126/2126/2024 2122/2122/2020 2106/2106/2006
f 2126/2126/2024 2106/2106/2006 2110/2110/2009
f 2126/2126/2024 2110/2110/2009 2127/2127/2025
f 2128/2128/2026 2122/2122/2020 2126/2126/2024
f 2128/2128/2026 2123/2123/2021 2122/2122/2020
f 2127/2127/2025 2128/2128/2026 2126/2126/2024
f 2129/2129/2027 2128/2128/2026 2127/2127/2025
f 2130/2130/2028 2123/2123/2021 2128/2128/2026
f 2130/2130/2028 2124/2124/2022 2123/2123/2021
f 2129/2129/2027 2130/2130/2028 2128/2128/2026
f 2125/2125/2023 2124/2124/2022 2131/2131/2029
f 2131/2131/2029 2124/2124/2022 2130/2130/2028
f 2132/2132/2030 2125/2125/2023 2131/2131/2029
f 2133/2133/2031 2131/2131/2029 2130/2130/2028
f 2133/2133/2031 2130/2130/2028 2129/2129/2027
f 2132/2132/2030 2131/2131/2029 2134/2134/2032
f 2134/2134/2032 2131/2131/2029 2133/2133/2031
f 2135/2135/2033 2132/2132/2030 2134/2134/2032
f 2135/2135/2033 2134/2134/2032 2136/2136/2034
f 2134/2134/2032 2137/2137/2035 2136/2136/2034
f 1892/1892/1807 2136/2136/2034 2137/2137/2035
f 2138/2138/2036 2134/2134/2032 2133/2133/2031
f 2134/2134/2032 2138/2138/2036 2137/2137/2035
f 2139/2139/2037 1892/1892/1807 2137/2137/2035
f 1892/1892/1807 2139/2139/2037 1890/1890/1805
f 2139/2139/2037 2137/2137/2035 2140/2140/2038
f 2138/2138/2036 2140/2140/2038 2137/2137/2035
f 2138/2138/2036 2133/2133/2031 2141/2141/2039
f 2141/2141/2039 2133/2133/2031 2129/2129/2027
f 1890/1890/1805 2139/2139/2037 2142/2142/2040
f 2142/2142/2040 2139/2139/2037 2140/2140/2038
f 2140/2140/2038 2138/2138/2036 2143/2143/2041
f 2143/2143/2041 2138/2138/2036 2141/2141/2039
f 2144/2144/2042 1890/1890/1805 2142/2142/2040
f 1890/1890/1805 2144/2144/2042 1894/1894/1809
f 2140/2140/2038 2145/2145/2043 2142/2142/2040
f 2145/2145/2043 2140/2140/2038 2143/2143/2041
f 2144/2144/2042 2146/2146/2044 1894/1894/1809
f 2146/2146/2044 1901/1901/1816 1894/1894/1809
f 2144/2144/2042 2142/2142/2040 2147/2147/2045
f 2145/2145/2043 2147/2147/2045 2142/2142/2040
f 2146/2146/2044 2144/2144/2042 2147/2147/2045
f 1901/1901/1816 2146/2146/2044 2148/2148/2046
f 1903/1903/1818 1901/1901/1816 2148/2148/2046
f 2145/2145/2043 2149/2149/2047 2147/2147/2045
f 2149/2149/2047 2145/2145/2043 2143/2143/2041
f 2146/2146/2044 2147/2147/2045 2150/2150/2048
f 2148/2148/2046 2146/2146/2044 2150/2150/2048
f 2149/2149/2047 2150/2150/2048 2147/2147/2045
f 1903/1903/1818 2148/2148/2046 2151/2151/2049
f 1915/1915/1830 1903/1903/1818 2151/2151/2049
f 2148/2148/2046 2150/2150/2048 2152/2152/2050
f 2151/2151/2049 2148/2148/2046 2152/2152/2050
f 2149/2149/2047 2153/2153/2051 2150/2150/2048
f 2153/2153/2051 2152/2152/2050 2150/2150/2048
f 2154/2154/2052 2149/2149/2047 2143/2143/2041
f 2153/2153/2051 2149/2149/2047 2154/2154/2052
f 2155/2155/2053 2154/2154/2052 2143/2143/2041
f 2155/2155/2053 2143/2143/2041 2141/2141/2039
f 2156/2156/2054 2153/2153/2051 2154/2154/2052
f 2156/2156/2054 2154/2154/2052 2155/2155/2053
f 2157/2157/2055 2155/2155/2053 2141/2141/2039
f 2157/2157/2055 2141/2141/2039 2129/2129/2027
f 2153/2153/2051 2158/2158/2056 2152/2152/2050
f 2158/2158/2056 2153/2153/2051 2156/2156/2054
f 2159/2159/2057 2158/2158/2056 2156/2156/2054
f 2160/2160/2058 2156/2156/2054 2155/2155/2053
f 2160/2160/2058 2155/2155/2053 2157/2157/2055
f 2156/2156/2054 2160/2160/2058 2159/2159/2057
f 2161/2161/2059 2157/2157/2055 2129/2129/2027
f 2162/2162/2060 2160/2160/2058 2157/2157/2055
f 2162/2162/2060 2157/2157/2055 2161/2161/2059
f 2161/2161/2059 2129/2129/2027 2163/2163/2061
f 2163/2163/2061 2129/2129/2027 2127/2127/2025
f 2164/2164/2062 2161/2161/2059 2163/2163/2061
f 2164/2164/2062 2162/2162/2060 2161/2161/2059
f 2165/2165/2063 2163/2163/2061 2127/2127/2025
f 2165/2165/2063 2164/2164/2062 2163/2163/2061
f 2158/2158/2056 2166/2166/2064 2152/2152/2050
f 2158/2158/2056 2159/2159/2057 2167/2167/2065
f 2158/2158/2056 2167/2167/2065 2166/2166/2064
f 2168/2168/2066 2152/2152/2050 2166/2166/2064
f 2151/2151/2049 2152/2152/2050 2168/2168/2066
f 2167/2167/2065 2169/2169/2067 2166/2166/2064
f 2168/2168/2066 2166/2166/2064 2169/2169/2067
f 2169/2169/2067 2167/2167/2065 2170/2170/2068
f 2167/2167/2065 2171/2171/2069 2170/2170/2068
f 2159/2159/2057 2172/2172/2070 2167/2167/2065
f 2167/2167/2065 2172/2172/2070 2171/2171/2069
f 2164/2164/2062 2173/2173/2071 2162/2162/2060
f 2164/2164/2062 2165/2165/2063 2174/2174/2072
f 2173/2173/2071 2164/2164/2062 2174/2174/2072
f 2174/2174/2072 2175/2175/2073 2173/2173/2071
f 2173/2173/2071 2176/2176/2074 2162/2162/2060
f 2162/2162/2060 2176/2176/2074 2160/2160/2058
f 2160/2160/2058 2177/2177/2075 2159/2159/2057
f 2176/2176/2074 2177/2177/2075 2160/2160/2058
f 2178/2178/2076 2172/2172/2070 2159/2159/2057
f 2179/2179/2077 2159/2159/2057 2177/2177/2075
f 2178/2178/2076 2159/2159/2057 2179/2179/2077
f 2180/2180/2078 2177/2177/2075 2176/2176/2074
f 2180/2180/2078 2179/2179/2077 2177/2177/2075
f 2181/2181/2079 2176/2176/2074 2173/2173/2071
f 2181/2181/2079 2180/2180/2078 2176/2176/2074
f 2175/2175/2073 2182/2182/2080 2173/2173/2071
f 2182/2182/2080 2181/2181/2079 2173/2173/2071
f 2181/2181/2079 2182/2182/2080 2183/2183/2081
f 2183/2183/2081 2182/2182/2080 2175/2175/2073
f 2180/2180/2078 2181/2181/2079 2184/2184/2082
f 2184/2184/2082 2181/2181/2079 2183/2183/2081
f 2179/2179/2077 2180/2180/2078 2185/2185/2083
f 2185/2185/2083 2180/2180/2078 2184/2184/2082
f 2186/2186/2084 2179/2179/2077 2185/2185/2083
f 2178/2178/2076 2179/2179/2077 2186/2186/2084
f 2172/2172/2070 2178/2178/2076 2187/2187/2085
f 2172/2172/2070 2187/2187/2085 2171/2171/2069
f 2188/2188/2086 2185/2185/2083 2184/2184/2082
f 2186/2186/2084 2185/2185/2083 2188/2188/2086
f 2189/2189/2087 2178/2178/2076 2186/2186/2084
f 2178/2178/2076 2190/2190/2088 2187/2187/2085
f 2186/2186/2084 2191/2191/2089 2189/2189/2087
f 2191/2191/2089 2186/2186/2084 2188/2188/2086
f 2191/2191/2089 2192/2192/2090 2189/2189/2087
f 2192/2192/2090 2191/2191/2089 2193/2193/2091
f 2191/2191/2089 2194/2194/2092 2193/2193/2091
f 2191/2191/2089 2188/2188/2086 2194/2194/2092
f 2195/2195/2093 2193/2193/2091 2194/2194/2092
f 2196/2196/2094 2188/2188/2086 2184/2184/2082
f 2196/2196/2094 2184/2184/2082 2183/2183/2081
f 2197/2197/2095 2187/2187/2085 2190/2190/2088
f 2198/2198/2096 2197/2197/2095 2190/2190/2088
f 2197/2197/2095 2198/2198/2096 2199/2199/2097
f 2188/2188/2086 2200/2200/2098 2194/2194/2092
f 2200/2200/2098 2188/2188/2086 2196/2196/2094
f 2201/2201/2099 2195/2195/2093 2194/2194/2092
f 2201/2201/2099 2194/2194/2092 2200/2200/2098
f 2202/2202/2100 2195/2195/2093 2201/2201/2099
f 2197/2197/2095 2203/2203/2101 2187/2187/2085
f 2203/2203/2101 2171/2171/2069 2187/2187/2085
f 2204/2204/2102 2197/2197/2095 2199/2199/2097
f 2197/2197/2095 2204/2204/2102 2203/2203/2101
f 2204/2204/2102 2199/2199/2097 2205/2205/2103
f 2206/2206/2104 2202/2202/2100 2201/2201/2099
f 2207/2207/2105 2202/2202/2100 2206/2206/2104
f 2208/2208/2106 2201/2201/2099 2200/2200/2098
f 2206/2206/2104 2201/2201/2099 2208/2208/2106
f 2203/2203/2101 2209/2209/2107 2171/2171/2069
f 2209/2209/2107 2170/2170/2068 2171/2171/2069
f 2210/2210/2108 2204/2204/2102 2205/2205/2103
f 2210/2210/2108 2205/2205/2103 2211/2211/2109
f 2204/2204/2102 2212/2212/2110 2203/2203/2101
f 2203/2203/2101 2212/2212/2110 2209/2209/2107
f 2212/2212/2110 2204/2204/2102 2210/2210/2108
f 2213/2213/2111 2207/2207/2105 2206/2206/2104
f 2214/2214/2112 2207/2207/2105 2213/2213/2111
f 2215/2215/2113 2210/2210/2108 2211/2211/2109
f 2215/2215/2113 2211/2211/2109 2216/2216/2114
f 2217/2217/2115 2212/2212/2110 2210/2210/2108
f 2217/2217/2115 2210/2210/2108 2215/2215/2113
f 2218/2218/2116 2215/2215/2113 2216/2216/2114
f 2218/2218/2116 2216/2216/2114 2219/2219/2117
f 2212/2212/2110 2220/2220/2118 2209/2209/2107
f 2220/2220/2118 2212/2212/2110 2217/2217/2115
f 2221/2221/2119 2217/2217/2115 2215/2215/2113
f 2221/2221/2119 2215/2215/2113 2218/2218/2116
f 2222/2222/2120 2218/2218/2116 2219/2219/2117
f 2222/2222/2120 2219/2219/2117 2223/2223/2121
f 2224/2224/2122 2220/2220/2118 2217/2217/2115
f 2224/2224/2122 2217/2217/2115 2221/2221/2119
f 2225/2225/2123 2221/2221/2119 2218/2218/2116
f 2225/2225/2123 2218/2218/2116 2222/2222/2120
f 2226/2226/2124 2224/2224/2122 2221/2221/2119
f 2226/2226/2124 2221/2221/2119 2225/2225/2123
f 2220/2220/2118 2227/2227/2125 2209/2209/2107
f 2227/2227/2125 2228/2228/2126 2209/2209/2107
f 2229/2229/2127 2227/2227/2125 2220/2220/2118
f 2224/2224/2122 2229/2229/2127 2220/2220/2118
f 2230/2230/2128 2229/2229/2127 2224/2224/2122
f 2226/2226/2124 2230/2230/2128 2224/2224/2122
f 2209/2209/2107 2228/2228/2126 2170/2170/2068
f 2231/2231/2129 2230/2230/2128 2226/2226/2124
f 2228/2228/2126 2232/2232/1900 2170/2170/2068
f 2233/2233/2130 2231/2231/2129 2226/2226/2124
f 2233/2233/2130 2226/2226/2124 2225/2225/2123
f 2231/2231/2129 2233/2233/2130 2234/2234/2131
f 2233/2233/2130 2225/2225/2123 2235/2235/2132
f 2235/2235/2132 2225/2225/2123 2222/2222/2120
f 2233/2233/2130 2236/2236/2133 2234/2234/2131
f 2236/2236/2133 2233/2233/2130 2235/2235/2132
f 2235/2235/2132 2222/2222/2120 2237/2237/2134
f 2237/2237/2134 2222/2222/2120 2223/2223/2121
f 2234/2234/2131 2236/2236/2133 2238/2238/2135
f 2239/2239/2136 2234/2234/2131 2238/2238/2135
f 2236/2236/2133 2235/2235/2132 2240/2240/2137
f 2238/2238/2135 2236/2236/2133 2240/2240/2137
f 2240/2240/2137 2235/2235/2132 2237/2237/2134
f 2238/2238/2135 2241/2241/2138 2239/2239/2136
f 2241/2241/2138 2238/2238/2135 2240/2240/2137
f 2241/2241/2138 2242/2242/2139 2239/2239/2136
f 2243/2243/2140 2237/2237/2134 2223/2223/2121
f 2244/2244/2141 2243/2243/2140 2223/2223/2121
f 2245/2245/2142 2240/2240/2137 2237/2237/2134
f 2243/2243/2140 2245/2245/2142 2237/2237/2134
f 2245/2245/2142 2243/2243/2140 2244/2244/2141
f 2245/2245/2142 2241/2241/2138 2240/2240/2137
f 2241/2241/2138 2245/2245/2142 2244/2244/2141
f 2246/2246/2143 2241/2241/2138 2244/2244/2141
f 2242/2242/2139 2241/2241/2138 2246/2246/2143
f 2247/2247/2144 2242/2242/2139 2246/2246/2143
f 2248/2248/2139 2249/2249/2145 2250/2250/2146
f 2249/2249/2145 2251/2251/2147 2250/2250/2146
f 2249/2249/2145 2252/2252/2143 2251/2251/2147
f 2250/2250/2146 2251/2251/2147 2253/2253/2148
f 2254/2254/2131 2250/2250/2146 2253/2253/2148
f 2254/2254/2131 2253/2253/2148 2255/2255/2129
f 2252/2252/2143 2256/2256/2149 2251/2251/2147
f 2252/2252/2143 2257/2257/2141 2256/2256/2149
f 2253/2253/2148 2251/2251/2147 2258/2258/2150
f 2251/2251/2147 2256/2256/2149 2258/2258/2150
f 2257/2257/2141 2259/2259/2151 2256/2256/2149
f 2260/2260/2152 2259/2259/2151 2257/2257/2141
f 2260/2260/2152 2261/2261/2153 2259/2259/2151
f 2256/2256/2149 2259/2259/2151 2262/2262/2154
f 2261/2261/2153 2262/2262/2154 2259/2259/2151
f 2258/2258/2150 2256/2256/2149 2262/2262/2154
f 2261/2261/2153 2263/2263/2114 2262/2262/2154
f 2263/2263/2114 2264/2264/2155 2262/2262/2154
f 2258/2258/2150 2262/2262/2154 2264/2264/2155
f 2263/2263/2114 2265/2265/2156 2264/2264/2155
f 2253/2253/2148 2258/2258/2150 2266/2266/2157
f 2266/2266/2157 2258/2258/2150 2264/2264/2155
f 2265/2265/2156 2267/2267/2158 2264/2264/2155
f 2266/2266/2157 2264/2264/2155 2267/2267/2158
f 2265/2265/2156 2268/2268/2103 2267/2267/2158
f 2269/2269/2159 2253/2253/2148 2266/2266/2157
f 2253/2253/2148 2269/2269/2159 2255/2255/2129
f 2268/2268/2103 2270/2270/2160 2267/2267/2158
f 2268/2268/2103 2271/2271/2097 2270/2270/2160
f 2272/2272/2161 2266/2266/2157 2267/2267/2158
f 2269/2269/2159 2266/2266/2157 2272/2272/2161
f 2272/2272/2161 2267/2267/2158 2270/2270/2160
f 2269/2269/2159 2273/2273/2162 2255/2255/2129
f 2273/2273/2162 2269/2269/2159 2272/2272/2161
f 2273/2273/2162 2274/2274/2128 2255/2255/2129
f 2271/2271/2097 2275/2275/2163 2270/2270/2160
f 2275/2275/2163 2271/2271/2097 2276/2276/2096
f 2277/2277/2164 2272/2272/2161 2270/2270/2160
f 2273/2273/2162 2272/2272/2161 2277/2277/2164
f 2277/2277/2164 2270/2270/2160 2275/2275/2163
f 2273/2273/2162 2278/2278/2165 2274/2274/2128
f 2278/2278/2165 2273/2273/2162 2277/2277/2164
f 2278/2278/2165 2279/2279/2127 2274/2274/2128
f 2280/2280/2166 2277/2277/2164 2275/2275/2163
f 2278/2278/2165 2277/2277/2164 2280/2280/2166
f 2278/2278/2165 2281/2281/2167 2279/2279/2127
f 2281/2281/2167 2278/2278/2165 2280/2280/2166
f 2281/2281/2167 2282/2282/2125 2279/2279/2127
f 2283/2283/2168 2275/2275/2163 2276/2276/2096
f 2280/2280/2166 2275/2275/2163 2283/2283/2168
f 2281/2281/2167 2284/2284/2169 2282/2282/2125
f 2284/2284/2169 2285/2285/2170 2282/2282/2125
f 1985/1985/1900 2285/2285/2170 2284/2284/2169
f 2281/2281/2167 2280/2280/2166 2286/2286/2171
f 2284/2284/2169 2281/2281/2167 2286/2286/2171
f 2286/2286/2171 2280/2280/2166 2283/2283/2168
f 2287/2287/2172 1985/1985/1900 2284/2284/2169
f 2284/2284/2169 2286/2286/2171 2287/2287/2172
f 2287/2287/2172 1994/1994/1909 1985/1985/1900
f 2286/2286/2171 2288/2288/2173 2287/2287/2172
f 1994/1994/1909 2287/2287/2172 2288/2288/2173
f 2286/2286/2171 2283/2283/2168 2288/2288/2173
f 2112/2112/2011 1994/1994/1909 2288/2288/2173
f 2283/2283/2168 2276/2276/2096 2289/2289/2174
f 2283/2283/2168 2289/2289/2174 2288/2288/2173
f 2112/2112/2011 2288/2288/2173 2289/2289/2174
f 2276/2276/2096 2290/2290/2088 2289/2289/2174
f 2291/2291/2175 2112/2112/2011 2289/2289/2174
f 2291/2291/2175 2289/2289/2174 2290/2290/2088
f 2292/2292/2076 2291/2291/2175 2290/2290/2088
f 2291/2291/2175 2111/2111/2010 2112/2112/2011
f 2292/2292/2076 2293/2293/2176 2291/2291/2175
f 2293/2293/2176 2111/2111/2010 2291/2291/2175
f 2292/2292/2076 2294/2294/2087 2293/2293/2176
f 2294/2294/2087 2295/2295/2177 2293/2293/2176
f 2293/2293/2176 2295/2295/2177 2111/2111/2010
f 2295/2295/2177 2294/2294/2087 2296/2296/2090
f 2297/2297/2178 2295/2295/2177 2296/2296/2090
f 2297/2297/2178 2296/2296/2090 2298/2298/2179
f 2296/2296/2090 2299/2299/2180 2298/2298/2179
f 2300/2300/2181 2298/2298/2179 2299/2299/2180
f 2301/2301/2093 2300/2300/2181 2299/2299/2180
f 2302/2302/2182 2300/2300/2181 2301/2301/2093
f 2303/2303/2100 2302/2302/2182 2301/2301/2093
f 2302/2302/2182 2303/2303/2100 2304/2304/2183
f 2303/2303/2100 2305/2305/2105 2304/2304/2183
f 2306/2306/2184 2304/2304/2183 2305/2305/2105
f 2307/2307/2112 2306/2306/2184 2305/2305/2105
f 2306/2306/2184 2307/2307/2112 2308/2308/2185
f 2309/2309/2186 2306/2306/2184 2308/2308/2185
f 2308/2308/2185 2310/2310/2187 2309/2309/2186
f 2306/2306/2184 2311/2311/2188 2304/2304/2183
f 2306/2306/2184 2309/2309/2186 2311/2311/2188
f 2304/2304/2183 2312/2312/2189 2302/2302/2182
f 2311/2311/2188 2312/2312/2189 2304/2304/2183
f 2300/2300/2181 2302/2302/2182 2313/2313/2190
f 2312/2312/2189 2313/2313/2190 2302/2302/2182
f 2300/2300/2181 2314/2314/2191 2298/2298/2179
f 2314/2314/2191 2300/2300/2181 2313/2313/2190
f 2309/2309/2186 2315/2315/2192 2311/2311/2188
f 2309/2309/2186 2310/2310/2187 2315/2315/2192
f 2311/2311/2188 2316/2316/2193 2312/2312/2189
f 2316/2316/2193 2311/2311/2188 2315/2315/2192
f 2312/2312/2189 2317/2317/2194 2313/2313/2190
f 2316/2316/2193 2317/2317/2194 2312/2312/2189
f 2315/2315/2192 2310/2310/2187 2318/2318/2195
f 2318/2318/2195 2316/2316/2193 2315/2315/2192
f 2319/2319/2196 2318/2318/2195 2310/2310/2187
f 2310/2310/2187 2320/2320/2197 2319/2319/2196
f 2320/2320/2197 2321/2321/2198 2319/2319/2196
f 2322/2322/2199 2316/2316/2193 2318/2318/2195
f 2319/2319/2196 2322/2322/2199 2318/2318/2195
f 2316/2316/2193 2322/2322/2199 2317/2317/2194
f 2321/2321/2198 2322/2322/2199 2319/2319/2196
f 2317/2317/2194 2323/2323/2200 2313/2313/2190
f 2313/2313/2190 2323/2323/2200 2314/2314/2191
f 2322/2322/2199 2324/2324/2201 2317/2317/2194
f 2324/2324/2201 2322/2322/2199 2321/2321/2198
f 2317/2317/2194 2324/2324/2201 2323/2323/2200
f 2323/2323/2200 2325/2325/2202 2314/2314/2191
f 2324/2324/2201 2326/2326/2203 2323/2323/2200
f 2323/2323/2200 2326/2326/2203 2325/2325/2202
f 2327/2327/2204 2324/2324/2201 2321/2321/2198
f 2324/2324/2201 2328/2328/2205 2326/2326/2203
f 2327/2327/2204 2328/2328/2205 2324/2324/2201
f 2321/2321/2198 2329/2329/2206 2327/2327/2204
f 2327/2327/2204 2330/2330/2207 2328/2328/2205
f 2329/2329/2206 2330/2330/2207 2327/2327/2204
f 2331/2331/2208 2329/2329/2206 2321/2321/2198
f 2331/2331/2208 2321/2321/2198 2332/2332/2197
f 2329/2329/2206 2333/2333/2209 2330/2330/2207
f 2333/2333/2209 2329/2329/2206 2331/2331/2208
f 2334/2334/2210 2331/2331/2208 2332/2332/2197
f 2332/2332/2197 2335/2335/2187 2334/2334/2210
f 2334/2334/2210 2336/2336/2211 2331/2331/2208
f 2334/2334/2210 2335/2335/2187 2336/2336/2211
f 2337/2337/2212 2333/2333/2209 2331/2331/2208
f 2336/2336/2211 2337/2337/2212 2331/2331/2208
f 2338/2338/2213 2337/2337/2212 2336/2336/2211
f 2337/2337/2212 2338/2338/2213 2333/2333/2209
f 2336/2336/2211 2335/2335/2187 2339/2339/2214
f 2339/2339/2214 2338/2338/2213 2336/2336/2211
f 2339/2339/2214 2335/2335/2187 2340/2340/2215
f 2340/2340/2215 2335/2335/2187 2341/2341/2185
f 2341/2341/2185 2214/2214/2112 2340/2340/2215
f 2339/2339/2214 2340/2340/2215 2342/2342/2216
f 2214/2214/2112 2342/2342/2216 2340/2340/2215
f 2338/2338/2213 2339/2339/2214 2342/2342/2216
f 2342/2342/2216 2214/2214/2112 2213/2213/2111
f 2338/2338/2213 2342/2342/2216 2343/2343/2217
f 2338/2338/2213 2343/2343/2217 2333/2333/2209
f 2342/2342/2216 2213/2213/2111 2343/2343/2217
f 2333/2333/2209 2343/2343/2217 2344/2344/2218
f 2333/2333/2209 2344/2344/2218 2330/2330/2207
f 2343/2343/2217 2213/2213/2111 2345/2345/2219
f 2343/2343/2217 2345/2345/2219 2344/2344/2218
f 2213/2213/2111 2206/2206/2104 2345/2345/2219
f 2345/2345/2219 2206/2206/2104 2208/2208/2106
f 2346/2346/2220 2330/2330/2207 2344/2344/2218
f 2330/2330/2207 2346/2346/2220 2328/2328/2205
f 2344/2344/2218 2345/2345/2219 2347/2347/2221
f 2345/2345/2219 2208/2208/2106 2347/2347/2221
f 2347/2347/2221 2346/2346/2220 2344/2344/2218
f 2347/2347/2221 2208/2208/2106 2348/2348/2222
f 2208/2208/2106 2200/2200/2098 2348/2348/2222
f 2348/2348/2222 2200/2200/2098 2196/2196/2094
f 2347/2347/2221 2348/2348/2222 2349/2349/2223
f 2346/2346/2220 2347/2347/2221 2349/2349/2223
f 2348/2348/2222 2196/2196/2094 2350/2350/2224
f 2349/2349/2223 2348/2348/2222 2350/2350/2224
f 2350/2350/2224 2196/2196/2094 2183/2183/2081
f 2328/2328/2205 2346/2346/2220 2351/2351/2225
f 2328/2328/2205 2351/2351/2225 2326/2326/2203
f 2346/2346/2220 2349/2349/2223 2352/2352/2226
f 2351/2351/2225 2346/2346/2220 2352/2352/2226
f 2326/2326/2203 2351/2351/2225 2353/2353/2227
f 2351/2351/2225 2352/2352/2226 2353/2353/2227
f 2326/2326/2203 2353/2353/2227 2325/2325/2202
f 2352/2352/2226 2349/2349/2223 2354/2354/2228
f 2349/2349/2223 2350/2350/2224 2354/2354/2228
f 2352/2352/2226 2354/2354/2228 2353/2353/2227
f 2350/2350/2224 2183/2183/2081 2355/2355/2229
f 2354/2354/2228 2350/2350/2224 2355/2355/2229
f 2355/2355/2229 2183/2183/2081 2175/2175/2073
f 2354/2354/2228 2356/2356/2230 2353/2353/2227
f 2353/2353/2227 2356/2356/2230 2325/2325/2202
f 2354/2354/2228 2355/2355/2229 2356/2356/2230
f 2356/2356/2230 2357/2357/2231 2325/2325/2202
f 2325/2325/2202 2357/2357/2231 2314/2314/2191
f 2355/2355/2229 2358/2358/2232 2356/2356/2230
f 2355/2355/2229 2175/2175/2073 2358/2358/2232
f 2357/2357/2231 2356/2356/2230 2358/2358/2232
f 2357/2357/2231 2359/2359/2233 2314/2314/2191
f 2314/2314/2191 2359/2359/2233 2298/2298/2179
f 2297/2297/2178 2298/2298/2179 2359/2359/2233
f 2360/2360/2234 2357/2357/2231 2358/2358/2232
f 2358/2358/2232 2175/2175/2073 2360/2360/2234
f 2359/2359/2233 2357/2357/2231 2360/2360/2234
f 2361/2361/2235 2297/2297/2178 2359/2359/2233
f 2361/2361/2235 2359/2359/2233 2360/2360/2234
f 2175/2175/2073 2362/2362/2236 2360/2360/2234
f 2360/2360/2234 2362/2362/2236 2361/2361/2235
f 2175/2175/2073 2174/2174/2072 2362/2362/2236
f 2363/2363/2237 2297/2297/2178 2361/2361/2235
f 2362/2362/2236 2363/2363/2237 2361/2361/2235
f 2295/2295/2177 2297/2297/2178 2363/2363/2237
f 2174/2174/2072 2364/2364/2238 2362/2362/2236
f 2362/2362/2236 2364/2364/2238 2363/2363/2237
f 2174/2174/2072 2165/2165/2063 2364/2364/2238
f 2365/2365/2239 2295/2295/2177 2363/2363/2237
f 2364/2364/2238 2365/2365/2239 2363/2363/2237
f 2295/2295/2177 2365/2365/2239 2111/2111/2010
f 2165/2165/2063 2366/2366/2240 2364/2364/2238
f 2364/2364/2238 2366/2366/2240 2365/2365/2239
f 2366/2366/2240 2111/2111/2010 2365/2365/2239
f 2366/2366/2240 2165/2165/2063 2127/2127/2025
f 2366/2366/2240 2367/2367/2241 2111/2111/2010
f 2127/2127/2025 2367/2367/2241 2366/2366/2240
f 2367/2367/2241 2110/2110/2009 2111/2111/2010
f 2110/2110/2009 2367/2367/2241 2127/2127/2025
f 2368/2368/2242 2369/2369/2243 2370/2370/2244
f 2371/2371/2245 2368/2368/2242 2370/2370/2244
f 2371/2371/2245 2370/2370/2244 2372/2372/2246
f 2372/2372/2246 2370/2370/2244 2373/2373/2247
f 2368/2368/2242 2371/2371/2245 2374/2374/2248
f 2375/2375/2249 2368/2368/2242 2374/2374/2248
f 2376/2376/2250 2372/2372/2246 2373/2373/2247
f 2373/2373/2247 2377/2377/4 2376/2376/2250
f 2377/2377/4 2378/2378/2251 2376/2376/2250
f 2377/2377/4 2379/2379/2252 2378/2378/2251
f 2380/2380/2253 2371/2371/2245 2372/2372/2246
f 2371/2371/2245 2380/2380/2253 2374/2374/2248
f 2375/2375/2249 2374/2374/2248 2381/2381/2254
f 2382/2382/2255 2375/2375/2249 2381/2381/2254
f 2381/2381/2254 2374/2374/2248 2383/2383/2256
f 2380/2380/2253 2383/2383/2256 2374/2374/2248
f 2384/2384/2257 2381/2381/2254 2383/2383/2256
f 2372/2372/2246 2376/2376/2250 2385/2385/2258
f 2378/2378/2251 2385/2385/2258 2376/2376/2250
f 2372/2372/2246 2386/2386/2259 2380/2380/2253
f 2386/2386/2259 2372/2372/2246 2385/2385/2258
f 2384/2384/2257 2383/2383/2256 2387/2387/2260
f 2388/2388/2261 2384/2384/2257 2387/2387/2260
f 2380/2380/2253 2389/2389/2262 2383/2383/2256
f 2386/2386/2259 2389/2389/2262 2380/2380/2253
f 2389/2389/2262 2387/2387/2260 2383/2383/2256
f 2388/2388/2261 2387/2387/2260 2390/2390/2263
f 2391/2391/2264 2388/2388/2261 2390/2390/2263
f 2392/2392/2265 2391/2391/2264 2390/2390/2263
f 2389/2389/2262 2393/2393/2266 2387/2387/2260
f 2389/2389/2262 2386/2386/2259 2393/2393/2266
f 2393/2393/2266 2390/2390/2263 2387/2387/2260
f 2394/2394/2267 2392/2392/2265 2390/2390/2263
f 2390/2390/2263 2393/2393/2266 2394/2394/2267
f 2395/2395/2268 2392/2392/2265 2394/2394/2267
f 2386/2386/2259 2385/2385/2258 2396/2396/2269
f 2386/2386/2259 2396/2396/2269 2393/2393/2266
f 2393/2393/2266 2397/2397/2270 2394/2394/2267
f 2393/2393/2266 2396/2396/2269 2397/2397/2270
f 2398/2398/2271 2395/2395/2268 2394/2394/2267
f 2394/2394/2267 2397/2397/2270 2398/2398/2271
f 2396/2396/2269 2385/2385/2258 2399/2399/2272
f 2385/2385/2258 2378/2378/2251 2399/2399/2272
f 2395/2395/2268 2398/2398/2271 2400/2400/2273
f 2401/2401/2274 2395/2395/2268 2400/2400/2273
f 2397/2397/2270 2402/2402/2275 2398/2398/2271
f 2400/2400/2273 2398/2398/2271 2402/2402/2275
f 2396/2396/2269 2403/2403/2276 2397/2397/2270
f 2403/2403/2276 2396/2396/2269 2399/2399/2272
f 2397/2397/2270 2403/2403/2276 2402/2402/2275
f 2404/2404/2277 2399/2399/2272 2378/2378/2251
f 2379/2379/2252 2404/2404/2277 2378/2378/2251
f 2405/2405/2278 2404/2404/2277 2379/2379/2252
f 2406/2406/2279 2405/2405/2278 2379/2379/2252
f 2406/2406/2279 2407/2407/2280 2405/2405/2278
f 2408/2408/2281 2399/2399/2272 2404/2404/2277
f 2405/2405/2278 2408/2408/2281 2404/2404/2277
f 2407/2407/2280 2409/2409/2282 2405/2405/2278
f 2405/2405/2278 2409/2409/2282 2408/2408/2281
f 2407/2407/2280 2410/2410/2283 2409/2409/2282
f 2411/2411/2284 2403/2403/2276 2399/2399/2272
f 2411/2411/2284 2399/2399/2272 2408/2408/2281
f 2410/2410/2283 2412/2412/2285 2409/2409/2282
f 2410/2410/2283 2413/2413/2286 2412/2412/2285
f 2409/2409/2282 2414/2414/2287 2408/2408/2281
f 2409/2409/2282 2412/2412/2285 2414/2414/2287
f 2413/2413/2286 2415/2415/2288 2412/2412/2285
f 2413/2413/2286 2416/2416/2289 2415/2415/2288
f 2403/2403/2276 2411/2411/2284 2417/2417/2290
f 2403/2403/2276 2417/2417/2290 2402/2402/2275
f 2418/2418/2291 2411/2411/2284 2408/2408/2281
f 2418/2418/2291 2408/2408/2281 2414/2414/2287
f 2412/2412/2285 2419/2419/2292 2414/2414/2287
f 2412/2412/2285 2415/2415/2288 2419/2419/2292
f 2416/2416/2289 2420/2420/2293 2415/2415/2288
f 2421/2421/2294 2420/2420/2293 2416/2416/2289
f 2411/2411/2284 2422/2422/2295 2417/2417/2290
f 2411/2411/2284 2418/2418/2291 2422/2422/2295
f 2402/2402/2275 2417/2417/2290 2423/2423/2296
f 2423/2423/2296 2417/2417/2290 2422/2422/2295
f 2424/2424/2297 2418/2418/2291 2414/2414/2287
f 2424/2424/2297 2414/2414/2287 2419/2419/2292
f 2415/2415/2288 2425/2425/2298 2419/2419/2292
f 2415/2415/2288 2420/2420/2293 2425/2425/2298
f 2420/2420/2293 2421/2421/2294 2426/2426/2299
f 2421/2421/2294 2427/2427/2300 2426/2426/2299
f 2428/2428/2301 2402/2402/2275 2423/2423/2296
f 2428/2428/2301 2400/2400/2273 2402/2402/2275
f 2418/2418/2291 2429/2429/2302 2422/2422/2295
f 2418/2418/2291 2424/2424/2297 2429/2429/2302
f 2430/2430/2303 2424/2424/2297 2419/2419/2292
f 2430/2430/2303 2419/2419/2292 2425/2425/2298
f 2431/2431/2304 2426/2426/2299 2427/2427/2300
f 2432/2432/2305 2431/2431/2304 2427/2427/2300
f 2432/2432/2305 2433/2433/2306 2431/2431/2304
f 2433/2433/2306 2434/2434/2307 2431/2431/2304
f 2431/2431/2304 2434/2434/2307 2435/2435/2308
f 2431/2431/2304 2435/2435/2308 2426/2426/2299
f 2434/2434/2307 2436/2436/2309 2435/2435/2308
f 2435/2435/2308 2437/2437/2310 2426/2426/2299
f 2420/2420/2293 2426/2426/2299 2437/2437/2310
f 2435/2435/2308 2436/2436/2309 2438/2438/2311
f 2435/2435/2308 2438/2438/2311 2437/2437/2310
f 2436/2436/2309 2439/2439/2312 2438/2438/2311
f 2420/2420/2293 2440/2440/2313 2425/2425/2298
f 2440/2440/2313 2420/2420/2293 2437/2437/2310
f 2438/2438/2311 2441/2441/2314 2437/2437/2310
f 2440/2440/2313 2437/2437/2310 2441/2441/2314
f 2438/2438/2311 2439/2439/2312 2442/2442/2315
f 2438/2438/2311 2442/2442/2315 2441/2441/2314
f 2439/2439/2312 2443/2443/2316 2442/2442/2315
f 2444/2444/2317 2425/2425/2298 2440/2440/2313
f 2444/2444/2317 2430/2430/2303 2425/2425/2298
f 2445/2445/2318 2440/2440/2313 2441/2441/2314
f 2445/2445/2318 2444/2444/2317 2440/2440/2313
f 2442/2442/2315 2446/2446/2319 2441/2441/2314
f 2445/2445/2318 2441/2441/2314 2446/2446/2319
f 2442/2442/2315 2443/2443/2316 2447/2447/2320
f 2442/2442/2315 2447/2447/2320 2446/2446/2319
f 2443/2443/2316 2448/2448/2321 2447/2447/2320
f 2447/2447/2320 2448/2448/2321 2449/2449/2322
f 2448/2448/2321 2450/2450/2323 2449/2449/2322
f 2447/2447/2320 2451/2451/2324 2446/2446/2319
f 2451/2451/2324 2447/2447/2320 2449/2449/2322
f 2452/2452/2325 2445/2445/2318 2446/2446/2319
f 2452/2452/2325 2446/2446/2319 2451/2451/2324
f 2444/2444/2317 2445/2445/2318 2453/2453/2326
f 2445/2445/2318 2452/2452/2325 2453/2453/2326
f 2430/2430/2303 2444/2444/2317 2454/2454/2327
f 2444/2444/2317 2453/2453/2326 2454/2454/2327
f 2449/2449/2322 2450/2450/2323 2455/2455/2328
f 2450/2450/2323 2456/2456/2329 2455/2455/2328
f 2457/2457/2330 2451/2451/2324 2449/2449/2322
f 2457/2457/2330 2449/2449/2322 2455/2455/2328
f 2458/2458/2331 2452/2452/2325 2451/2451/2324
f 2458/2458/2331 2451/2451/2324 2457/2457/2330
f 2459/2459/2332 2453/2453/2326 2452/2452/2325
f 2458/2458/2331 2459/2459/2332 2452/2452/2325
f 2454/2454/2327 2453/2453/2326 2459/2459/2332
f 2430/2430/2303 2454/2454/2327 2460/2460/2333
f 2424/2424/2297 2430/2430/2303 2460/2460/2333
f 2424/2424/2297 2460/2460/2333 2429/2429/2302
f 2455/2455/2328 2456/2456/2329 2461/2461/2334
f 2456/2456/2329 2462/2462/2335 2461/2461/2334
f 2463/2463/2336 2458/2458/2331 2457/2457/2330
f 2458/2458/2331 2463/2463/2336 2459/2459/2332
f 2464/2464/2337 2457/2457/2330 2455/2455/2328
f 2464/2464/2337 2455/2455/2328 2461/2461/2334
f 2463/2463/2336 2457/2457/2330 2464/2464/2337
f 2465/2465/2338 2454/2454/2327 2459/2459/2332
f 2454/2454/2327 2465/2465/2338 2460/2460/2333
f 2429/2429/2302 2460/2460/2333 2466/2466/2339
f 2465/2465/2338 2466/2466/2339 2460/2460/2333
f 2461/2461/2334 2462/2462/2335 2467/2467/2340
f 2462/2462/2335 2468/2468/2341 2467/2467/2340
f 2463/2463/2336 2469/2469/2342 2459/2459/2332
f 2459/2459/2332 2469/2469/2342 2465/2465/2338
f 2470/2470/2343 2463/2463/2336 2464/2464/2337
f 2469/2469/2342 2463/2463/2336 2470/2470/2343
f 2471/2471/2344 2464/2464/2337 2461/2461/2334
f 2461/2461/2334 2467/2467/2340 2471/2471/2344
f 2469/2469/2342 2472/2472/2345 2465/2465/2338
f 2466/2466/2339 2465/2465/2338 2472/2472/2345
f 2473/2473/2346 2429/2429/2302 2466/2466/2339
f 2422/2422/2295 2429/2429/2302 2473/2473/2346
f 2470/2470/2343 2464/2464/2337 2474/2474/2347
f 2464/2464/2337 2471/2471/2344 2474/2474/2347
f 2475/2475/2348 2469/2469/2342 2470/2470/2343
f 2472/2472/2345 2469/2469/2342 2475/2475/2348
f 2470/2470/2343 2474/2474/2347 2475/2475/2348
f 2476/2476/2349 2466/2466/2339 2472/2472/2345
f 2466/2466/2339 2476/2476/2349 2473/2473/2346
f 2477/2477/2350 2422/2422/2295 2473/2473/2346
f 2477/2477/2350 2423/2423/2296 2422/2422/2295
f 2478/2478/2351 2472/2472/2345 2475/2475/2348
f 2476/2476/2349 2472/2472/2345 2478/2478/2351
f 2476/2476/2349 2479/2479/2352 2473/2473/2346
f 2477/2477/2350 2473/2473/2346 2479/2479/2352
f 2423/2423/2296 2477/2477/2350 2480/2480/2353
f 2480/2480/2353 2477/2477/2350 2479/2479/2352
f 2479/2479/2352 2476/2476/2349 2481/2481/2354
f 2481/2481/2354 2476/2476/2349 2478/2478/2351
f 2475/2475/2348 2482/2482/2355 2478/2478/2351
f 2474/2474/2347 2482/2482/2355 2475/2475/2348
f 2483/2483/2356 2423/2423/2296 2480/2480/2353
f 2423/2423/2296 2483/2483/2356 2428/2428/2301
f 2480/2480/2353 2479/2479/2352 2484/2484/2357
f 2484/2484/2357 2479/2479/2352 2481/2481/2354
f 2478/2478/2351 2485/2485/2358 2481/2481/2354
f 2482/2482/2355 2485/2485/2358 2478/2478/2351
f 2483/2483/2356 2486/2486/2359 2428/2428/2301
f 2428/2428/2301 2486/2486/2359 2400/2400/2273
f 2483/2483/2356 2480/2480/2353 2487/2487/2360
f 2487/2487/2360 2480/2480/2353 2484/2484/2357
f 2481/2481/2354 2488/2488/2361 2484/2484/2357
f 2485/2485/2358 2488/2488/2361 2481/2481/2354
f 2486/2486/2359 2489/2489/2362 2400/2400/2273
f 2401/2401/2274 2400/2400/2273 2489/2489/2362
f 2490/2490/2363 2401/2401/2274 2489/2489/2362
f 2486/2486/2359 2483/2483/2356 2491/2491/2364
f 2491/2491/2364 2483/2483/2356 2487/2487/2360
f 2484/2484/2357 2492/2492/2365 2487/2487/2360
f 2488/2488/2361 2492/2492/2365 2484/2484/2357
f 2489/2489/2362 2486/2486/2359 2493/2493/2366
f 2493/2493/2366 2486/2486/2359 2491/2491/2364
f 2489/2489/2362 2494/2494/2367 2490/2490/2363
f 2494/2494/2367 2489/2489/2362 2493/2493/2366
f 2494/2494/2367 2495/2495/2368 2490/2490/2363
f 2487/2487/2360 2496/2496/2369 2491/2491/2364
f 2492/2492/2365 2496/2496/2369 2487/2487/2360
f 2491/2491/2364 2497/2497/2370 2493/2493/2366
f 2496/2496/2369 2497/2497/2370 2491/2491/2364
f 2494/2494/2367 2498/2498/2371 2495/2495/2368
f 2498/2498/2371 2499/2499/2372 2495/2495/2368
f 2494/2494/2367 2493/2493/2366 2500/2500/2373
f 2497/2497/2370 2500/2500/2373 2493/2493/2366
f 2498/2498/2371 2494/2494/2367 2500/2500/2373
f 2499/2499/2372 2498/2498/2371 2501/2501/2374
f 2502/2502/2375 2499/2499/2372 2501/2501/2374
f 2498/2498/2371 2500/2500/2373 2503/2503/2376
f 2501/2501/2374 2498/2498/2371 2503/2503/2376
f 2497/2497/2370 2504/2504/2377 2500/2500/2373
f 2504/2504/2377 2503/2503/2376 2500/2500/2373
f 2496/2496/2369 2505/2505/2378 2497/2497/2370
f 2505/2505/2378 2504/2504/2377 2497/2497/2370
f 2492/2492/2365 2506/2506/2379 2496/2496/2369
f 2506/2506/2379 2505/2505/2378 2496/2496/2369
f 2507/2507/2380 2506/2506/2379 2492/2492/2365
f 2488/2488/2361 2507/2507/2380 2492/2492/2365
f 2508/2508/2381 2507/2507/2380 2488/2488/2361
f 2485/2485/2358 2508/2508/2381 2488/2488/2361
f 2509/2509/2382 2508/2508/2381 2485/2485/2358
f 2482/2482/2355 2509/2509/2382 2485/2485/2358
f 2510/2510/2383 2509/2509/2382 2482/2482/2355
f 2474/2474/2347 2510/2510/2383 2482/2482/2355
f 2510/2510/2383 2474/2474/2347 2511/2511/2384
f 2474/2474/2347 2471/2471/2344 2511/2511/2384
f 2467/2467/2340 2511/2511/2384 2471/2471/2344
f 2510/2510/2383 2512/2512/2385 2509/2509/2382
f 2512/2512/2385 2510/2510/2383 2511/2511/2384
f 2509/2509/2382 2513/2513/2386 2508/2508/2381
f 2512/2512/2385 2513/2513/2386 2509/2509/2382
f 2508/2508/2381 2514/2514/2387 2507/2507/2380
f 2513/2513/2386 2514/2514/2387 2508/2508/2381
f 2507/2507/2380 2515/2515/2388 2506/2506/2379
f 2514/2514/2387 2515/2515/2388 2507/2507/2380
f 2511/2511/2384 2467/2467/2340 2516/2516/2389
f 2516/2516/2389 2512/2512/2385 2511/2511/2384
f 2512/2512/2385 2517/2517/2390 2513/2513/2386
f 2517/2517/2390 2512/2512/2385 2516/2516/2389
f 2513/2513/2386 2518/2518/2391 2514/2514/2387
f 2517/2517/2390 2518/2518/2391 2513/2513/2386
f 2467/2467/2340 2519/2519/2392 2516/2516/2389
f 2467/2467/2340 2468/2468/2341 2519/2519/2392
f 2468/2468/2341 2520/2520/2393 2519/2519/2392
f 2521/2521/2394 2517/2517/2390 2516/2516/2389
f 2516/2516/2389 2519/2519/2392 2521/2521/2394
f 2519/2519/2392 2520/2520/2393 2522/2522/2395
f 2519/2519/2392 2522/2522/2395 2521/2521/2394
f 2520/2520/2393 2523/2523/2396 2522/2522/2395
f 2522/2522/2395 2523/2523/2396 2524/2524/2397
f 2522/2522/2395 2524/2524/2397 2521/2521/2394
f 2523/2523/2396 2525/2525/2398 2524/2524/2397
f 2517/2517/2390 2521/2521/2394 2526/2526/2399
f 2517/2517/2390 2526/2526/2399 2518/2518/2391
f 2518/2518/2391 2527/2527/2400 2514/2514/2387
f 2514/2514/2387 2527/2527/2400 2515/2515/2388
f 2524/2524/2397 2528/2528/2401 2521/2521/2394
f 2521/2521/2394 2528/2528/2401 2526/2526/2399
f 2524/2524/2397 2525/2525/2398 2529/2529/2402
f 2525/2525/2398 2530/2530/2403 2529/2529/2402
f 2526/2526/2399 2531/2531/2404 2518/2518/2391
f 2518/2518/2391 2531/2531/2404 2527/2527/2400
f 2528/2528/2401 2524/2524/2397 2532/2532/2405
f 2524/2524/2397 2529/2529/2402 2532/2532/2405
f 2529/2529/2402 2530/2530/2403 2533/2533/2406
f 2529/2529/2402 2533/2533/2406 2532/2532/2405
f 2530/2530/2403 2534/2534/2407 2533/2533/2406
f 2535/2535/2408 2526/2526/2399 2528/2528/2401
f 2526/2526/2399 2535/2535/2408 2531/2531/2404
f 2532/2532/2405 2535/2535/2408 2528/2528/2401
f 2533/2533/2406 2534/2534/2407 2536/2536/2409
f 2536/2536/2409 2537/2537/2410 2533/2533/2406
f 2534/2534/2407 2538/2538/2411 2536/2536/2409
f 2536/2536/2409 2538/2538/2411 2539/2539/2412
f 2537/2537/2410 2536/2536/2409 2539/2539/2412
f 2538/2538/2411 2540/2540/2413 2539/2539/2412
f 2533/2533/2406 2541/2541/2414 2532/2532/2405
f 2537/2537/2410 2541/2541/2414 2533/2533/2406
f 2532/2532/2405 2541/2541/2414 2542/2542/2415
f 2535/2535/2408 2532/2532/2405 2542/2542/2415
f 2542/2542/2415 2541/2541/2414 2537/2537/2410
f 2535/2535/2408 2543/2543/2416 2531/2531/2404
f 2535/2535/2408 2542/2542/2415 2543/2543/2416
f 2539/2539/2412 2540/2540/2413 2544/2544/2417
f 2540/2540/2413 2545/2545/2418 2544/2544/2417
f 2544/2544/2417 2545/2545/2418 2546/2546/2419
f 2545/2545/2418 2547/2547/2420 2546/2546/2419
f 2539/2539/2412 2544/2544/2417 2548/2548/2421
f 2544/2544/2417 2546/2546/2419 2548/2548/2421
f 2549/2549/2422 2537/2537/2410 2539/2539/2412
f 2549/2549/2422 2539/2539/2412 2548/2548/2421
f 2549/2549/2422 2550/2550/2423 2537/2537/2410
f 2549/2549/2422 2548/2548/2421 2550/2550/2423
f 2551/2551/2424 2542/2542/2415 2537/2537/2410
f 2550/2550/2423 2551/2551/2424 2537/2537/2410
f 2531/2531/2404 2543/2543/2416 2552/2552/2425
f 2531/2531/2404 2552/2552/2425 2527/2527/2400
f 2542/2542/2415 2553/2553/2426 2543/2543/2416
f 2542/2542/2415 2551/2551/2424 2553/2553/2426
f 2546/2546/2419 2547/2547/2420 2554/2554/2427
f 2547/2547/2420 2555/2555/2428 2554/2554/2427
f 2554/2554/2427 2555/2555/2428 2556/2556/2429
f 2555/2555/2428 2557/2557/2430 2556/2556/2429
f 2546/2546/2419 2554/2554/2427 2558/2558/2431
f 2554/2554/2427 2556/2556/2429 2558/2558/2431
f 2556/2556/2429 2557/2557/2430 2559/2559/2432
f 2557/2557/2430 2560/2560/2433 2559/2559/2432
f 2527/2527/2400 2552/2552/2425 2561/2561/2434
f 2527/2527/2400 2561/2561/2434 2515/2515/2388
f 2562/2562/2435 2546/2546/2419 2558/2558/2431
f 2546/2546/2419 2562/2562/2435 2548/2548/2421
f 2563/2563/2436 2548/2548/2421 2562/2562/2435
f 2548/2548/2421 2563/2563/2436 2550/2550/2423
f 2556/2556/2429 2564/2564/2437 2558/2558/2431
f 2556/2556/2429 2559/2559/2432 2564/2564/2437
f 2562/2562/2435 2558/2558/2431 2565/2565/2438
f 2565/2565/2438 2563/2563/2436 2562/2562/2435
f 2559/2559/2432 2560/2560/2433 2566/2566/2439
f 2560/2560/2433 2567/2567/2440 2566/2566/2439
f 2515/2515/2388 2561/2561/2434 2568/2568/2441
f 2515/2515/2388 2568/2568/2441 2506/2506/2379
f 2506/2506/2379 2568/2568/2441 2505/2505/2378
f 2568/2568/2441 2569/2569/2442 2505/2505/2378
f 2505/2505/2378 2569/2569/2442 2504/2504/2377
f 2561/2561/2434 2570/2570/2443 2568/2568/2441
f 2568/2568/2441 2570/2570/2443 2569/2569/2442
f 2569/2569/2442 2571/2571/2444 2504/2504/2377
f 2504/2504/2377 2571/2571/2444 2503/2503/2376
f 2566/2566/2439 2567/2567/2440 2572/2572/2445
f 2567/2567/2440 2573/2573/2446 2572/2572/2445
f 2561/2561/2434 2574/2574/2447 2570/2570/2443
f 2552/2552/2425 2574/2574/2447 2561/2561/2434
f 2570/2570/2443 2575/2575/2448 2569/2569/2442
f 2569/2569/2442 2575/2575/2448 2571/2571/2444
f 2571/2571/2444 2576/2576/2449 2503/2503/2376
f 2501/2501/2374 2503/2503/2376 2576/2576/2449
f 2572/2572/2445 2573/2573/2446 2577/2577/2450
f 2573/2573/2446 2578/2578/2451 2577/2577/2450
f 2574/2574/2447 2579/2579/2452 2570/2570/2443
f 2570/2570/2443 2579/2579/2452 2575/2575/2448
f 2552/2552/2425 2580/2580/2453 2574/2574/2447
f 2543/2543/2416 2580/2580/2453 2552/2552/2425
f 2543/2543/2416 2553/2553/2426 2580/2580/2453
f 2575/2575/2448 2581/2581/2454 2571/2571/2444
f 2571/2571/2444 2581/2581/2454 2576/2576/2449
f 2582/2582/2455 2501/2501/2374 2576/2576/2449
f 2502/2502/2375 2501/2501/2374 2582/2582/2455
f 2580/2580/2453 2583/2583/2456 2574/2574/2447
f 2574/2574/2447 2583/2583/2456 2579/2579/2452
f 2553/2553/2426 2584/2584/2457 2580/2580/2453
f 2580/2580/2453 2584/2584/2457 2583/2583/2456
f 2579/2579/2452 2585/2585/2458 2575/2575/2448
f 2575/2575/2448 2585/2585/2458 2581/2581/2454
f 2581/2581/2454 2586/2586/2459 2576/2576/2449
f 2582/2582/2455 2576/2576/2449 2586/2586/2459
f 2583/2583/2456 2587/2587/2460 2579/2579/2452
f 2579/2579/2452 2587/2587/2460 2585/2585/2458
f 2553/2553/2426 2588/2588/2461 2584/2584/2457
f 2551/2551/2424 2588/2588/2461 2553/2553/2426
f 2584/2584/2457 2589/2589/2462 2583/2583/2456
f 2583/2583/2456 2589/2589/2462 2587/2587/2460
f 2586/2586/2459 2581/2581/2454 2590/2590/2463
f 2585/2585/2458 2590/2590/2463 2581/2581/2454
f 2588/2588/2461 2591/2591/2464 2584/2584/2457
f 2584/2584/2457 2591/2591/2464 2589/2589/2462
f 2588/2588/2461 2551/2551/2424 2592/2592/2465
f 2551/2551/2424 2550/2550/2423 2592/2592/2465
f 2591/2591/2464 2588/2588/2461 2593/2593/2466
f 2588/2588/2461 2592/2592/2465 2593/2593/2466
f 2592/2592/2465 2550/2550/2423 2594/2594/2467
f 2550/2550/2423 2563/2563/2436 2594/2594/2467
f 2593/2593/2466 2592/2592/2465 2595/2595/2468
f 2592/2592/2465 2594/2594/2467 2595/2595/2468
f 2594/2594/2467 2563/2563/2436 2596/2596/2469
f 2563/2563/2436 2565/2565/2438 2596/2596/2469
f 2595/2595/2468 2594/2594/2467 2597/2597/2470
f 2594/2594/2467 2596/2596/2469 2597/2597/2470
f 2591/2591/2464 2598/2598/2471 2589/2589/2462
f 2591/2591/2464 2593/2593/2466 2599/2599/2472
f 2598/2598/2471 2591/2591/2464 2599/2599/2472
f 2593/2593/2466 2595/2595/2468 2600/2600/2473
f 2599/2599/2472 2593/2593/2466 2600/2600/2473
f 2595/2595/2468 2597/2597/2470 2601/2601/2474
f 2600/2600/2473 2595/2595/2468 2601/2601/2474
f 2589/2589/2462 2598/2598/2471 2602/2602/2475
f 2598/2598/2471 2603/2603/2476 2602/2602/2475
f 2589/2589/2462 2602/2602/2475 2587/2587/2460
f 2598/2598/2471 2599/2599/2472 2604/2604/2477
f 2603/2603/2476 2598/2598/2471 2604/2604/2477
f 2599/2599/2472 2600/2600/2473 2605/2605/2478
f 2604/2604/2477 2599/2599/2472 2605/2605/2478
f 2587/2587/2460 2602/2602/2475 2606/2606/2479
f 2587/2587/2460 2606/2606/2479 2585/2585/2458
f 2602/2602/2475 2607/2607/2480 2606/2606/2479
f 2602/2602/2475 2603/2603/2476 2607/2607/2480
f 2585/2585/2458 2606/2606/2479 2608/2608/2481
f 2608/2608/2481 2606/2606/2479 2607/2607/2480
f 2590/2590/2463 2585/2585/2458 2608/2608/2481
f 2608/2608/2481 2607/2607/2480 2609/2609/2482
f 2590/2590/2463 2608/2608/2481 2609/2609/2482
f 2605/2605/2478 2600/2600/2473 2610/2610/2483
f 2600/2600/2473 2601/2601/2474 2610/2610/2483
f 2611/2611/2484 2607/2607/2480 2603/2603/2476
f 2607/2607/2480 2611/2611/2484 2609/2609/2482
f 2611/2611/2484 2603/2603/2476 2612/2612/2485
f 2609/2609/2482 2611/2611/2484 2612/2612/2485
f 2613/2613/2486 2590/2590/2463 2609/2609/2482
f 2613/2613/2486 2586/2586/2459 2590/2590/2463
f 2614/2614/2487 2609/2609/2482 2612/2612/2485
f 2609/2609/2482 2614/2614/2487 2613/2613/2486
f 2615/2615/2488 2586/2586/2459 2613/2613/2486
f 2615/2615/2488 2582/2582/2455 2586/2586/2459
f 2614/2614/2487 2616/2616/2489 2613/2613/2486
f 2616/2616/2489 2615/2615/2488 2613/2613/2486
f 2617/2617/2490 2582/2582/2455 2615/2615/2488
f 2617/2617/2490 2502/2502/2375 2582/2582/2455
f 2618/2618/2491 2615/2615/2488 2616/2616/2489
f 2618/2618/2491 2617/2617/2490 2615/2615/2488
f 2619/2619/2492 2616/2616/2489 2614/2614/2487
f 2619/2619/2492 2618/2618/2491 2616/2616/2489
f 2612/2612/2485 2620/2620/2493 2614/2614/2487
f 2620/2620/2493 2619/2619/2492 2614/2614/2487
f 2619/2619/2492 2620/2620/2493 2621/2621/2494
f 2620/2620/2493 2612/2612/2485 2621/2621/2494
f 2618/2618/2491 2619/2619/2492 2622/2622/2495
f 2622/2622/2495 2619/2619/2492 2621/2621/2494
f 2617/2617/2490 2618/2618/2491 2623/2623/2496
f 2623/2623/2496 2618/2618/2491 2622/2622/2495
f 2502/2502/2375 2617/2617/2490 2624/2624/2497
f 2624/2624/2497 2617/2617/2490 2623/2623/2496
f 2622/2622/2495 2621/2621/2494 2625/2625/2498
f 2623/2623/2496 2622/2622/2495 2625/2625/2498
f 2626/2626/2499 2621/2621/2494 2612/2612/2485
f 2621/2621/2494 2626/2626/2499 2625/2625/2498
f 2627/2627/2500 2623/2623/2496 2625/2625/2498
f 2624/2624/2497 2623/2623/2496 2627/2627/2500
f 2628/2628/2501 2502/2502/2375 2624/2624/2497
f 2629/2629/2372 2502/2502/2375 2628/2628/2501
f 2630/2630/2502 2626/2626/2499 2612/2612/2485
f 2603/2603/2476 2630/2630/2502 2612/2612/2485
f 2631/2631/2503 2630/2630/2502 2603/2603/2476
f 2630/2630/2502 2631/2631/2503 2626/2626/2499
f 2603/2603/2476 2604/2604/2477 2631/2631/2503
f 2632/2632/2504 2625/2625/2498 2626/2626/2499
f 2627/2627/2500 2625/2625/2498 2632/2632/2504
f 2633/2633/2505 2624/2624/2497 2627/2627/2500
f 2628/2628/2501 2624/2624/2497 2633/2633/2505
f 2634/2634/2506 2629/2629/2372 2628/2628/2501
f 2629/2629/2372 2634/2634/2506 2635/2635/2368
f 2631/2631/2503 2604/2604/2477 2636/2636/2507
f 2604/2604/2477 2605/2605/2478 2636/2636/2507
f 2631/2631/2503 2637/2637/2508 2626/2626/2499
f 2636/2636/2507 2637/2637/2508 2631/2631/2503
f 2637/2637/2508 2632/2632/2504 2626/2626/2499
f 2636/2636/2507 2605/2605/2478 2638/2638/2509
f 2636/2636/2507 2638/2638/2509 2637/2637/2508
f 2638/2638/2509 2632/2632/2504 2637/2637/2508
f 2605/2605/2478 2610/2610/2483 2638/2638/2509
f 2639/2639/2510 2627/2627/2500 2632/2632/2504
f 2632/2632/2504 2638/2638/2509 2639/2639/2510
f 2627/2627/2500 2639/2639/2510 2633/2633/2505
f 2640/2640/2511 2628/2628/2501 2633/2633/2505
f 2634/2634/2506 2628/2628/2501 2640/2640/2511
f 2638/2638/2509 2610/2610/2483 2641/2641/2512
f 2638/2638/2509 2641/2641/2512 2639/2639/2510
f 2639/2639/2510 2642/2642/2513 2633/2633/2505
f 2633/2633/2505 2642/2642/2513 2640/2640/2511
f 2639/2639/2510 2641/2641/2512 2642/2642/2513
f 2610/2610/2483 2643/2643/2514 2641/2641/2512
f 2610/2610/2483 2601/2601/2474 2643/2643/2514
f 2641/2641/2512 2644/2644/2515 2642/2642/2513
f 2641/2641/2512 2643/2643/2514 2644/2644/2515
f 2642/2642/2513 2645/2645/2516 2640/2640/2511
f 2642/2642/2513 2644/2644/2515 2645/2645/2516
f 2646/2646/2517 2634/2634/2506 2640/2640/2511
f 2640/2640/2511 2645/2645/2516 2646/2646/2517
f 2601/2601/2474 2647/2647/2518 2643/2643/2514
f 2601/2601/2474 2597/2597/2470 2647/2647/2518
f 2643/2643/2514 2648/2648/2519 2644/2644/2515
f 2643/2643/2514 2647/2647/2518 2648/2648/2519
f 2644/2644/2515 2649/2649/2520 2645/2645/2516
f 2644/2644/2515 2648/2648/2519 2649/2649/2520
f 2597/2597/2470 2650/2650/2521 2647/2647/2518
f 2597/2597/2470 2596/2596/2469 2650/2650/2521
f 2647/2647/2518 2651/2651/2522 2648/2648/2519
f 2647/2647/2518 2650/2650/2521 2651/2651/2522
f 2596/2596/2469 2652/2652/2523 2650/2650/2521
f 2596/2596/2469 2565/2565/2438 2652/2652/2523
f 2653/2653/2524 2634/2634/2506 2646/2646/2517
f 2634/2634/2506 2653/2653/2524 2635/2635/2368
f 2635/2635/2368 2653/2653/2524 2654/2654/2363
f 2645/2645/2516 2655/2655/2525 2646/2646/2517
f 2645/2645/2516 2649/2649/2520 2655/2655/2525
f 2648/2648/2519 2656/2656/2526 2649/2649/2520
f 2648/2648/2519 2651/2651/2522 2656/2656/2526
f 2650/2650/2521 2657/2657/2527 2651/2651/2522
f 2650/2650/2521 2652/2652/2523 2657/2657/2527
f 2565/2565/2438 2658/2658/2528 2652/2652/2523
f 2558/2558/2431 2658/2658/2528 2565/2565/2438
f 2658/2658/2528 2558/2558/2431 2564/2564/2437
f 2659/2659/2529 2653/2653/2524 2646/2646/2517
f 2646/2646/2517 2655/2655/2525 2659/2659/2529
f 2649/2649/2520 2660/2660/2530 2655/2655/2525
f 2649/2649/2520 2656/2656/2526 2660/2660/2530
f 2651/2651/2522 2661/2661/2531 2656/2656/2526
f 2651/2651/2522 2657/2657/2527 2661/2661/2531
f 2652/2652/2523 2662/2662/2532 2657/2657/2527
f 2652/2652/2523 2658/2658/2528 2662/2662/2532
f 2663/2663/2533 2658/2658/2528 2564/2564/2437
f 2658/2658/2528 2663/2663/2533 2662/2662/2532
f 2657/2657/2527 2662/2662/2532 2664/2664/2534
f 2657/2657/2527 2664/2664/2534 2661/2661/2531
f 2656/2656/2526 2661/2661/2531 2665/2665/2535
f 2656/2656/2526 2665/2665/2535 2660/2660/2530
f 2655/2655/2525 2660/2660/2530 2666/2666/2536
f 2655/2655/2525 2666/2666/2536 2659/2659/2529
f 2663/2663/2533 2564/2564/2437 2667/2667/2537
f 2559/2559/2432 2667/2667/2537 2564/2564/2437
f 2662/2662/2532 2663/2663/2533 2668/2668/2538
f 2662/2662/2532 2668/2668/2538 2664/2664/2534
f 2661/2661/2531 2664/2664/2534 2669/2669/2539
f 2661/2661/2531 2669/2669/2539 2665/2665/2535
f 2660/2660/2530 2665/2665/2535 2670/2670/2540
f 2660/2660/2530 2670/2670/2540 2666/2666/2536
f 2671/2671/2541 2663/2663/2533 2667/2667/2537
f 2663/2663/2533 2671/2671/2541 2668/2668/2538
f 2667/2667/2537 2559/2559/2432 2672/2672/2542
f 2559/2559/2432 2566/2566/2439 2672/2672/2542
f 2664/2664/2534 2668/2668/2538 2673/2673/2543
f 2664/2664/2534 2673/2673/2543 2669/2669/2539
f 2665/2665/2535 2669/2669/2539 2674/2674/2544
f 2665/2665/2535 2674/2674/2544 2670/2670/2540
f 2675/2675/2545 2671/2671/2541 2667/2667/2537
f 2672/2672/2542 2675/2675/2545 2667/2667/2537
f 2676/2676/2546 2672/2672/2542 2566/2566/2439
f 2672/2672/2542 2676/2676/2546 2675/2675/2545
f 2572/2572/2445 2676/2676/2546 2566/2566/2439
f 2668/2668/2538 2671/2671/2541 2677/2677/2547
f 2668/2668/2538 2677/2677/2547 2673/2673/2543
f 2671/2671/2541 2675/2675/2545 2677/2677/2547
f 2669/2669/2539 2673/2673/2543 2678/2678/2548
f 2669/2669/2539 2678/2678/2548 2674/2674/2544
f 2673/2673/2543 2677/2677/2547 2679/2679/2549
f 2673/2673/2543 2679/2679/2549 2678/2678/2548
f 2677/2677/2547 2675/2675/2545 2680/2680/2550
f 2677/2677/2547 2680/2680/2550 2679/2679/2549
f 2676/2676/2546 2681/2681/2551 2675/2675/2545
f 2675/2675/2545 2681/2681/2551 2680/2680/2550
f 2682/2682/2552 2676/2676/2546 2572/2572/2445
f 2577/2577/2450 2682/2682/2552 2572/2572/2445
f 2683/2683/2553 2681/2681/2551 2676/2676/2546
f 2682/2682/2552 2683/2683/2553 2676/2676/2546
f 2684/2684/2554 2680/2680/2550 2681/2681/2551
f 2683/2683/2553 2684/2684/2554 2681/2681/2551
f 2685/2685/2555 2679/2679/2549 2680/2680/2550
f 2684/2684/2554 2685/2685/2555 2680/2680/2550
f 2686/2686/2556 2678/2678/2548 2679/2679/2549
f 2685/2685/2555 2686/2686/2556 2679/2679/2549
f 2686/2686/2556 2687/2687/2557 2678/2678/2548
f 2687/2687/2557 2674/2674/2544 2678/2678/2548
f 2687/2687/2557 2688/2688/2558 2674/2674/2544
f 2688/2688/2558 2670/2670/2540 2674/2674/2544
f 2688/2688/2558 2689/2689/2559 2670/2670/2540
f 2689/2689/2559 2666/2666/2536 2670/2670/2540
f 2689/2689/2559 2690/2690/2560 2666/2666/2536
f 2690/2690/2560 2659/2659/2529 2666/2666/2536
f 2690/2690/2560 2691/2691/2561 2659/2659/2529
f 2691/2691/2561 2653/2653/2524 2659/2659/2529
f 2653/2653/2524 2691/2691/2561 2654/2654/2363
f 2692/2692/2274 2654/2654/2363 2691/2691/2561
f 2693/2693/2562 2692/2692/2274 2691/2691/2561
f 2691/2691/2561 2690/2690/2560 2693/2693/2562
f 2694/2694/2268 2692/2692/2274 2693/2693/2562
f 2690/2690/2560 2689/2689/2559 2695/2695/2563
f 2690/2690/2560 2695/2695/2563 2693/2693/2562
f 2696/2696/2564 2689/2689/2559 2688/2688/2558
f 2689/2689/2559 2696/2696/2564 2695/2695/2563
f 2697/2697/2565 2688/2688/2558 2687/2687/2557
f 2697/2697/2565 2696/2696/2564 2688/2688/2558
f 2693/2693/2562 2695/2695/2563 2698/2698/2566
f 2698/2698/2566 2695/2695/2563 2696/2696/2564
f 2699/2699/2567 2694/2694/2268 2693/2693/2562
f 2699/2699/2567 2693/2693/2562 2698/2698/2566
f 2700/2700/2568 2697/2697/2565 2687/2687/2557
f 2687/2687/2557 2686/2686/2556 2700/2700/2568
f 2696/2696/2564 2697/2697/2565 2701/2701/2569
f 2701/2701/2569 2697/2697/2565 2700/2700/2568
f 2694/2694/2268 2699/2699/2567 2702/2702/2570
f 2703/2703/2265 2694/2694/2268 2702/2702/2570
f 2686/2686/2556 2704/2704/2571 2700/2700/2568
f 2704/2704/2571 2686/2686/2556 2685/2685/2555
f 2705/2705/2572 2698/2698/2566 2696/2696/2564
f 2705/2705/2572 2696/2696/2564 2701/2701/2569
f 2698/2698/2566 2706/2706/2573 2699/2699/2567
f 2706/2706/2573 2702/2702/2570 2699/2699/2567
f 2703/2703/2265 2702/2702/2570 2707/2707/2574
f 2708/2708/2264 2703/2703/2265 2707/2707/2574
f 2709/2709/2261 2708/2708/2264 2707/2707/2574
f 2705/2705/2572 2710/2710/2575 2698/2698/2566
f 2710/2710/2575 2706/2706/2573 2698/2698/2566
f 2711/2711/2576 2707/2707/2574 2702/2702/2570
f 2706/2706/2573 2711/2711/2576 2702/2702/2570
f 2712/2712/2577 2709/2709/2261 2707/2707/2574
f 2707/2707/2574 2711/2711/2576 2712/2712/2577
f 2713/2713/2257 2709/2709/2261 2712/2712/2577
f 2714/2714/2578 2713/2713/2257 2712/2712/2577
f 2715/2715/2254 2713/2713/2257 2714/2714/2578
f 2716/2716/2579 2710/2710/2575 2705/2705/2572
f 2701/2701/2569 2716/2716/2579 2705/2705/2572
f 2710/2710/2575 2717/2717/2580 2706/2706/2573
f 2717/2717/2580 2711/2711/2576 2706/2706/2573
f 2711/2711/2576 2718/2718/2581 2712/2712/2577
f 2712/2712/2577 2718/2718/2581 2714/2714/2578
f 2719/2719/2582 2718/2718/2581 2711/2711/2576
f 2717/2717/2580 2719/2719/2582 2711/2711/2576
f 2717/2717/2580 2710/2710/2575 2720/2720/2583
f 2710/2710/2575 2716/2716/2579 2720/2720/2583
f 2718/2718/2581 2721/2721/2584 2714/2714/2578
f 2718/2718/2581 2719/2719/2582 2721/2721/2584
f 2722/2722/2585 2715/2715/2254 2714/2714/2578
f 2714/2714/2578 2721/2721/2584 2722/2722/2585
f 2723/2723/2586 2719/2719/2582 2717/2717/2580
f 2723/2723/2586 2717/2717/2580 2720/2720/2583
f 2722/2722/2585 2724/2724/2587 2715/2715/2254
f 2724/2724/2587 2725/2725/2588 2715/2715/2254
f 2726/2726/2589 2724/2724/2587 2722/2722/2585
f 2727/2727/2590 2726/2726/2589 2722/2722/2585
f 2721/2721/2584 2727/2727/2590 2722/2722/2585
f 2719/2719/2582 2728/2728/2591 2721/2721/2584
f 2727/2727/2590 2721/2721/2584 2728/2728/2591
f 2728/2728/2591 2719/2719/2582 2723/2723/2586
f 2729/2729/2592 2727/2727/2590 2728/2728/2591
f 2729/2729/2592 2728/2728/2591 2730/2730/2593
f 2728/2728/2591 2731/2731/2594 2730/2730/2593
f 2731/2731/2594 2728/2728/2591 2723/2723/2586
f 2732/2732/2595 2730/2730/2593 2731/2731/2594
f 2723/2723/2586 2733/2733/2596 2731/2731/2594
f 2733/2733/2596 2732/2732/2595 2731/2731/2594
f 2733/2733/2596 2723/2723/2586 2720/2720/2583
f 2734/2734/2597 2732/2732/2595 2733/2733/2596
f 2720/2720/2583 2735/2735/2598 2733/2733/2596
f 2735/2735/2598 2734/2734/2597 2733/2733/2596
f 2720/2720/2583 2736/2736/2599 2735/2735/2598
f 2720/2720/2583 2716/2716/2579 2736/2736/2599
f 2735/2735/2598 2737/2737/2600 2734/2734/2597
f 2736/2736/2599 2737/2737/2600 2735/2735/2598
f 2737/2737/2600 2738/2738/2601 2734/2734/2597
f 2739/2739/2602 2738/2738/2601 2737/2737/2600
f 2740/2740/2603 2739/2739/2602 2737/2737/2600
f 2740/2740/2603 2737/2737/2600 2736/2736/2599
f 2741/2741/2604 2739/2739/2602 2740/2740/2603
f 2716/2716/2579 2742/2742/2605 2736/2736/2599
f 2742/2742/2605 2716/2716/2579 2701/2701/2569
f 2743/2743/2606 2741/2741/2604 2740/2740/2603
f 2744/2744/2607 2741/2741/2604 2743/2743/2606
f 2745/2745/2608 2740/2740/2603 2736/2736/2599
f 2736/2736/2599 2742/2742/2605 2745/2745/2608
f 2743/2743/2606 2740/2740/2603 2745/2745/2608
f 2746/2746/2609 2742/2742/2605 2701/2701/2569
f 2746/2746/2609 2701/2701/2569 2700/2700/2568
f 2746/2746/2609 2700/2700/2568 2704/2704/2571
f 2747/2747/2610 2744/2744/2607 2743/2743/2606
f 2748/2748/2611 2744/2744/2607 2747/2747/2610
f 2742/2742/2605 2749/2749/2612 2745/2745/2608
f 2749/2749/2612 2742/2742/2605 2746/2746/2609
f 2750/2750/2613 2743/2743/2606 2745/2745/2608
f 2747/2747/2610 2743/2743/2606 2750/2750/2613
f 2745/2745/2608 2749/2749/2612 2750/2750/2613
f 2751/2751/2614 2746/2746/2609 2704/2704/2571
f 2751/2751/2614 2749/2749/2612 2746/2746/2609
f 2752/2752/2615 2748/2748/2611 2747/2747/2610
f 2752/2752/2615 2753/2753/2616 2748/2748/2611
f 2749/2749/2612 2754/2754/2617 2750/2750/2613
f 2754/2754/2617 2749/2749/2612 2751/2751/2614
f 2755/2755/2618 2747/2747/2610 2750/2750/2613
f 2752/2752/2615 2747/2747/2610 2755/2755/2618
f 2750/2750/2613 2754/2754/2617 2755/2755/2618
f 2704/2704/2571 2756/2756/2619 2751/2751/2614
f 2756/2756/2619 2704/2704/2571 2685/2685/2555
f 2685/2685/2555 2684/2684/2554 2756/2756/2619
f 2757/2757/2620 2754/2754/2617 2751/2751/2614
f 2756/2756/2619 2757/2757/2620 2751/2751/2614
f 2684/2684/2554 2758/2758/2621 2756/2756/2619
f 2757/2757/2620 2756/2756/2619 2758/2758/2621
f 2684/2684/2554 2683/2683/2553 2758/2758/2621
f 2754/2754/2617 2759/2759/2622 2755/2755/2618
f 2759/2759/2622 2754/2754/2617 2757/2757/2620
f 2753/2753/2616 2752/2752/2615 2760/2760/2623
f 2761/2761/2624 2753/2753/2616 2760/2760/2623
f 2762/2762/2625 2752/2752/2615 2755/2755/2618
f 2755/2755/2618 2759/2759/2622 2762/2762/2625
f 2763/2763/2626 2759/2759/2622 2757/2757/2620
f 2763/2763/2626 2757/2757/2620 2758/2758/2621
f 2683/2683/2553 2764/2764/2627 2758/2758/2621
f 2764/2764/2627 2683/2683/2553 2682/2682/2552
f 2765/2765/2628 2759/2759/2622 2763/2763/2626
f 2759/2759/2622 2765/2765/2628 2762/2762/2625
f 2763/2763/2626 2758/2758/2621 2766/2766/2629
f 2758/2758/2621 2764/2764/2627 2766/2766/2629
f 2766/2766/2629 2765/2765/2628 2763/2763/2626
f 2767/2767/2630 2764/2764/2627 2682/2682/2552
f 2766/2766/2629 2764/2764/2627 2767/2767/2630
f 2767/2767/2630 2682/2682/2552 2577/2577/2450
f 2752/2752/2615 2762/2762/2625 2768/2768/2631
f 2760/2760/2623 2752/2752/2615 2768/2768/2631
f 2765/2765/2628 2766/2766/2629 2769/2769/2632
f 2769/2769/2632 2766/2766/2629 2767/2767/2630
f 2770/2770/2633 2767/2767/2630 2577/2577/2450
f 2767/2767/2630 2770/2770/2633 2769/2769/2632
f 2577/2577/2450 2578/2578/2451 2770/2770/2633
f 2578/2578/2451 2771/2771/2634 2770/2770/2633
f 2762/2762/2625 2765/2765/2628 2772/2772/2635
f 2772/2772/2635 2765/2765/2628 2769/2769/2632
f 2768/2768/2631 2762/2762/2625 2772/2772/2635
f 2770/2770/2633 2773/2773/2636 2769/2769/2632
f 2770/2770/2633 2771/2771/2634 2773/2773/2636
f 2769/2769/2632 2773/2773/2636 2772/2772/2635
f 2771/2771/2634 2774/2774/2637 2773/2773/2636
f 2773/2773/2636 2775/2775/2638 2772/2772/2635
f 2773/2773/2636 2774/2774/2637 2775/2775/2638
f 2772/2772/2635 2775/2775/2638 2768/2768/2631
f 2774/2774/2637 2776/2776/2639 2775/2775/2638
f 2775/2775/2638 2777/2777/2640 2768/2768/2631
f 2775/2775/2638 2776/2776/2639 2777/2777/2640
f 2768/2768/2631 2777/2777/2640 2760/2760/2623
f 2776/2776/2639 2778/2778/2641 2777/2777/2640
f 2777/2777/2640 2779/2779/2642 2760/2760/2623
f 2777/2777/2640 2778/2778/2641 2779/2779/2642
f 2760/2760/2623 2779/2779/2642 2761/2761/2624
f 2778/2778/2641 2780/2780/2643 2779/2779/2642
f 2779/2779/2642 2781/2781/2644 2761/2761/2624
f 2779/2779/2642 2780/2780/2643 2781/2781/2644
f 2780/2780/2643 2782/2782/2645 2781/2781/2644
f 2783/2783/2646 2784/2784/2647 2785/2785/2648
f 2786/2786/2649 2783/2783/2646 2785/2785/2648
f 2787/2787/2650 2788/2788/2651 2789/2789/2652
f 2788/2788/2651 2790/2790/2653 2789/2789/2652
f 2789/2789/2652 2790/2790/2653 2791/2791/2654
f 2790/2790/2653 2792/2792/2655 2791/2791/2654
f 2791/2791/2654 2792/2792/2655 2793/2793/2656
f 2792/2792/2655 2794/2794/2657 2793/2793/2656
f 2792/2792/2655 2795/2795/2658 2794/2794/2657
f 2795/2795/2658 2796/2796/2659 2794/2794/2657
f 2790/2790/2653 2797/2797/2660 2792/2792/2655
f 2797/2797/2660 2795/2795/2658 2792/2792/2655
f 2788/2788/2651 2798/2798/2661 2790/2790/2653
f 2798/2798/2661 2797/2797/2660 2790/2790/2653
f 2796/2796/2659 2795/2795/2658 2799/2799/2662
f 2795/2795/2658 2797/2797/2660 2800/2800/2663
f 2799/2799/2662 2795/2795/2658 2800/2800/2663
f 2797/2797/2660 2798/2798/2661 2801/2801/2664
f 2800/2800/2663 2797/2797/2660 2801/2801/2664
f 2802/2802/2665 2796/2796/2659 2799/2799/2662
f 2803/2803/2666 2796/2796/2659 2802/2802/2665
f 2803/2803/2666 2802/2802/2665 2804/2804/2667
f 2805/2805/2668 2803/2803/2666 2804/2804/2667
f 2804/2804/2667 2802/2802/2665 2806/2806/2669
f 2802/2802/2665 2799/2799/2662 2806/2806/2669
f 2806/2806/2669 2799/2799/2662 2807/2807/2670
f 2799/2799/2662 2800/2800/2663 2807/2807/2670
f 2807/2807/2670 2800/2800/2663 2808/2808/2671
f 2800/2800/2663 2801/2801/2664 2808/2808/2671
f 2808/2808/2671 2801/2801/2664 2809/2809/2672
f 2801/2801/2664 2810/2810/2673 2809/2809/2672
f 2801/2801/2664 2798/2798/2661 2810/2810/2673
f 2809/2809/2672 2810/2810/2673 2811/2811/2648
f 2798/2798/2661 2812/2812/2674 2810/2810/2673
f 2812/2812/2674 2798/2798/2661 2788/2788/2651
f 2810/2810/2673 2813/2813/2675 2811/2811/2648
f 2810/2810/2673 2812/2812/2674 2813/2813/2675
f 2811/2811/2648 2813/2813/2675 2814/2814/2649
f 2815/2815/2676 2812/2812/2674 2788/2788/2651
f 2815/2815/2676 2788/2788/2651 2816/2816/2677
f 2817/2817/2678 2815/2815/2676 2816/2816/2677
f 2813/2813/2675 2818/2818/2679 2814/2814/2649
f 2814/2814/2649 2818/2818/2679 2819/2819/2680
f 2812/2812/2674 2820/2820/2681 2813/2813/2675
f 2820/2820/2681 2812/2812/2674 2815/2815/2676
f 2813/2813/2675 2820/2820/2681 2818/2818/2679
f 2821/2821/2682 2815/2815/2676 2817/2817/2678
f 2821/2821/2682 2820/2820/2681 2815/2815/2676
f 2822/2822/2683 2821/2821/2682 2817/2817/2678
f 2818/2818/2679 2823/2823/2684 2819/2819/2680
f 2819/2819/2680 2823/2823/2684 2824/2824/2685
f 2820/2820/2681 2825/2825/2686 2818/2818/2679
f 2825/2825/2686 2820/2820/2681 2821/2821/2682
f 2818/2818/2679 2825/2825/2686 2823/2823/2684
f 2826/2826/2687 2821/2821/2682 2822/2822/2683
f 2826/2826/2687 2825/2825/2686 2821/2821/2682
f 2827/2827/2688 2826/2826/2687 2822/2822/2683
f 2823/2823/2684 2828/2828/2689 2824/2824/2685
f 2824/2824/2685 2828/2828/2689 2829/2829/2690
f 2825/2825/2686 2830/2830/2691 2823/2823/2684
f 2830/2830/2691 2825/2825/2686 2826/2826/2687
f 2823/2823/2684 2830/2830/2691 2828/2828/2689
f 2831/2831/2692 2826/2826/2687 2827/2827/2688
f 2831/2831/2692 2830/2830/2691 2826/2826/2687
f 2832/2832/2693 2831/2831/2692 2827/2827/2688
f 2828/2828/2689 2833/2833/2694 2829/2829/2690
f 2829/2829/2690 2833/2833/2694 2834/2834/2695
f 2830/2830/2691 2835/2835/2696 2828/2828/2689
f 2835/2835/2696 2830/2830/2691 2831/2831/2692
f 2828/2828/2689 2835/2835/2696 2833/2833/2694
f 2836/2836/2697 2831/2831/2692 2832/2832/2693
f 2834/2834/2695 2836/2836/2697 2832/2832/2693
f 2833/2833/2694 2836/2836/2697 2834/2834/2695
f 2836/2836/2697 2835/2835/2696 2831/2831/2692
f 2833/2833/2694 2835/2835/2696 2836/2836/2697
f 2837/2837/2698 2838/2838/2699 2839/2839/2700
f 2839/2839/2700 2838/2838/2699 2840/2840/2701
f 2841/2841/2702 2839/2839/2700 2840/2840/2701
f 2840/2840/2701 2842/2842/2703 2841/2841/2702
f 2843/2843/2704 2839/2839/2700 2841/2841/2702
f 2839/2839/2700 2843/2843/2704 2844/2844/2705
f 2842/2842/2703 2845/2845/2706 2841/2841/2702
f 2841/2841/2702 2845/2845/2706 2843/2843/2704
f 2843/2843/2704 2846/2846/2707 2844/2844/2705
f 2844/2844/2705 2846/2846/2707 2847/2847/2708
f 2846/2846/2707 2848/2848/2709 2847/2847/2708
f 2849/2849/2710 2848/2848/2709 2846/2846/2707
f 2846/2846/2707 2843/2843/2704 2850/2850/2711
f 2845/2845/2706 2850/2850/2711 2843/2843/2704
f 2851/2851/2712 2849/2849/2710 2846/2846/2707
f 2851/2851/2712 2846/2846/2707 2850/2850/2711
f 2852/2852/2713 2849/2849/2710 2851/2851/2712
f 2852/2852/2713 2851/2851/2712 2850/2850/2711
f 2853/2853/2714 2852/2852/2713 2850/2850/2711
f 2850/2850/2711 2845/2845/2706 2853/2853/2714
f 2852/2852/2713 2853/2853/2714 2854/2854/2715
f 2845/2845/2706 2842/2842/2703 2855/2855/2716
f 2845/2845/2706 2855/2855/2716 2853/2853/2714
f 2842/2842/2703 2856/2856/2717 2855/2855/2716
f 2857/2857/2718 2855/2855/2716 2856/2856/2717
f 2853/2853/2714 2855/2855/2716 2857/2857/2718
f 2858/2858/2719 2857/2857/2718 2856/2856/2717
f 2853/2853/2714 2859/2859/2720 2854/2854/2715
f 2859/2859/2720 2853/2853/2714 2857/2857/2718
f 2860/2860/2721 2854/2854/2715 2859/2859/2720
f 2861/2861/2722 2857/2857/2718 2858/2858/2719
f 2857/2857/2718 2861/2861/2722 2859/2859/2720
f 2862/2862/2723 2861/2861/2722 2858/2858/2719
f 2863/2863/2724 2860/2860/2721 2859/2859/2720
f 2861/2861/2722 2863/2863/2724 2859/2859/2720
f 2864/2864/2725 2860/2860/2721 2863/2863/2724
f 2865/2865/2726 2861/2861/2722 2862/2862/2723
f 2865/2865/2726 2863/2863/2724 2861/2861/2722
f 2864/2864/2725 2865/2865/2726 2862/2862/2723
f 2865/2865/2726 2864/2864/2725 2863/2863/2724
f 2866/2866/2727 2867/2867/2728 2868/2868/2729
f 2866/2866/2727 2869/2869/2730 2867/2867/2728
f 2870/2870/2731 2867/2867/2728 2869/2869/2730
f 2871/2871/2732 2870/2870/2731 2869/2869/2730
f 2871/2871/2732 2869/2869/2730 2872/2872/2733
f 2873/2873/2734 2871/2871/2732 2872/2872/2733
f 2871/2871/2732 2873/2873/2734 2874/2874/2735
f 2870/2870/2731 2871/2871/2732 2875/2875/2736
f 2875/2875/2736 2871/2871/2732 2874/2874/2735
f 2876/2876/2737 2870/2870/2731 2875/2875/2736
f 2875/2875/2736 2874/2874/2735 2877/2877/2738
f 2876/2876/2737 2875/2875/2736 2877/2877/2738
f 2874/2874/2735 2878/2878/2739 2877/2877/2738
f 2879/2879/2740 2876/2876/2737 2877/2877/2738
f 2878/2878/2739 2880/2880/2741 2877/2877/2738
f 2879/2879/2740 2877/2877/2738 2881/2881/2742
f 2880/2880/2741 2881/2881/2742 2877/2877/2738
f 2882/2882/2743 2879/2879/2740 2881/2881/2742
f 2881/2881/2742 2880/2880/2741 2883/2883/2744
f 2883/2883/2744 2882/2882/2743 2881/2881/2742
f 2884/2884/2745 2885/2885/2746 2886/2886/2747
f 2885/2885/2746 2887/2887/2748 2886/2886/2747
f 2886/2886/2747 2887/2887/2748 2888/2888/2698
f 2887/2887/2748 2885/2885/2746 2889/2889/2749
f 2890/2890/2750 2887/2887/2748 2889/2889/2749
f 2890/2890/2750 2889/2889/2749 2891/2891/2751
f 2889/2889/2749 2892/2892/2752 2891/2891/2751
f 2893/2893/2729 2891/2891/2751 2892/2892/2752
f 2893/2893/2729 2894/2894/2753 2891/2891/2751
f 2895/2895/2754 2893/2893/2729 2892/2892/2752
f 2894/2894/2753 2893/2893/2729 2896/2896/2728
f 2891/2891/2751 2897/2897/2755 2890/2890/2750
f 2894/2894/2753 2897/2897/2755 2891/2891/2751
f 2890/2890/2750 2898/2898/2756 2887/2887/2748
f 2897/2897/2755 2898/2898/2756 2890/2890/2750
f 2887/2887/2748 2899/2899/2757 2888/2888/2698
f 2898/2898/2756 2899/2899/2757 2887/2887/2748
f 2899/2899/2757 2898/2898/2756 2900/2900/2758
f 2899/2899/2757 2900/2900/2758 2888/2888/2698
f 2898/2898/2756 2897/2897/2755 2901/2901/2759
f 2898/2898/2756 2901/2901/2759 2900/2900/2758
f 2897/2897/2755 2894/2894/2753 2902/2902/2760
f 2897/2897/2755 2902/2902/2760 2901/2901/2759
f 2896/2896/2728 2903/2903/2761 2894/2894/2753
f 2904/2904/2762 2903/2903/2761 2896/2896/2728
f 2905/2905/2731 2904/2904/2762 2896/2896/2728
f 2906/2906/2763 2904/2904/2762 2905/2905/2731
f 2907/2907/2737 2906/2906/2763 2905/2905/2731
f 2908/2908/2764 2906/2906/2763 2907/2907/2737
f 2909/2909/2740 2908/2908/2764 2907/2907/2737
f 2910/2910/2765 2908/2908/2764 2909/2909/2740
f 2911/2911/2766 2910/2910/2765 2909/2909/2740
f 2910/2910/2765 2911/2911/2766 2912/2912/2767
f 2911/2911/2766 2913/2913/2744 2912/2912/2767
f 2910/2910/2765 2914/2914/2768 2908/2908/2764
f 2910/2910/2765 2912/2912/2767 2914/2914/2768
f 2906/2906/2763 2908/2908/2764 2915/2915/2769
f 2914/2914/2768 2915/2915/2769 2908/2908/2764
f 2906/2906/2763 2916/2916/2770 2904/2904/2762
f 2916/2916/2770 2906/2906/2763 2915/2915/2769
f 2912/2912/2767 2913/2913/2744 2917/2917/2771
f 2913/2913/2744 2918/2918/2741 2917/2917/2771
f 2914/2914/2768 2912/2912/2767 2919/2919/2772
f 2919/2919/2772 2912/2912/2767 2917/2917/2771
f 2917/2917/2771 2918/2918/2741 2920/2920/2773
f 2917/2917/2771 2920/2920/2773 2919/2919/2772
f 2918/2918/2741 2921/2921/2774 2920/2920/2773
f 2914/2914/2768 2919/2919/2772 2922/2922/2775
f 2915/2915/2769 2914/2914/2768 2922/2922/2775
f 2920/2920/2773 2922/2922/2775 2919/2919/2772
f 2923/2923/2776 2920/2920/2773 2921/2921/2774
f 2922/2922/2775 2920/2920/2773 2923/2923/2776
f 2924/2924/2735 2923/2923/2776 2921/2921/2774
f 2924/2924/2735 2925/2925/2734 2923/2923/2776
f 2915/2915/2769 2922/2922/2775 2926/2926/2777
f 2916/2916/2770 2915/2915/2769 2926/2926/2777
f 2926/2926/2777 2922/2922/2775 2923/2923/2776
f 2925/2925/2734 2927/2927/2778 2923/2923/2776
f 2926/2926/2777 2923/2923/2776 2927/2927/2778
f 2925/2925/2734 2928/2928/2733 2927/2927/2778
f 2916/2916/2770 2926/2926/2777 2929/2929/2779
f 2916/2916/2770 2929/2929/2779 2904/2904/2762
f 2904/2904/2762 2929/2929/2779 2903/2903/2761
f 2930/2930/2780 2926/2926/2777 2927/2927/2778
f 2926/2926/2777 2930/2930/2780 2929/2929/2779
f 2928/2928/2733 2931/2931/2781 2927/2927/2778
f 2930/2930/2780 2927/2927/2778 2931/2931/2781
f 2930/2930/2780 2932/2932/2782 2929/2929/2779
f 2932/2932/2782 2930/2930/2780 2931/2931/2781
f 2932/2932/2782 2931/2931/2781 2933/2933/2783
f 2928/2928/2733 2934/2934/2784 2931/2931/2781
f 2934/2934/2784 2933/2933/2783 2931/2931/2781
f 2934/2934/2784 2928/2928/2733 2935/2935/2785
f 2935/2935/2785 2936/2936/2786 2934/2934/2784
f 2933/2933/2783 2934/2934/2784 2936/2936/2786
f 2935/2935/2785 2937/2937/2787 2936/2936/2786
f 2937/2937/2787 2938/2938/2788 2936/2936/2786
f 2938/2938/2788 2939/2939/2789 2936/2936/2786
f 2939/2939/2789 2940/2940/2790 2936/2936/2786
f 2933/2933/2783 2936/2936/2786 2940/2940/2790
f 2940/2940/2790 2939/2939/2789 2941/2941/2791
f 2932/2932/2782 2942/2942/2792 2929/2929/2779
f 2929/2929/2779 2942/2942/2792 2903/2903/2761
f 2943/2943/2793 2940/2940/2790 2941/2941/2791
f 2943/2943/2793 2941/2941/2791 2944/2944/2794
f 2942/2942/2792 2932/2932/2782 2945/2945/2795
f 2945/2945/2795 2932/2932/2782 2933/2933/2783
f 2903/2903/2761 2942/2942/2792 2946/2946/2796
f 2946/2946/2796 2942/2942/2792 2945/2945/2795
f 2947/2947/2797 2933/2933/2783 2940/2940/2790
f 2947/2947/2797 2940/2940/2790 2943/2943/2793
f 2948/2948/2798 2943/2943/2793 2944/2944/2794
f 2944/2944/2794 2949/2949/2799 2948/2948/2798
f 2949/2949/2799 2950/2950/2800 2948/2948/2798
f 2951/2951/2801 2903/2903/2761 2946/2946/2796
f 2903/2903/2761 2951/2951/2801 2894/2894/2753
f 2946/2946/2796 2952/2952/2802 2951/2951/2801
f 2952/2952/2802 2894/2894/2753 2951/2951/2801
f 2952/2952/2802 2946/2946/2796 2945/2945/2795
f 2894/2894/2753 2952/2952/2802 2902/2902/2760
f 2953/2953/2803 2945/2945/2795 2933/2933/2783
f 2952/2952/2802 2945/2945/2795 2953/2953/2803
f 2947/2947/2797 2953/2953/2803 2933/2933/2783
f 2902/2902/2760 2952/2952/2802 2953/2953/2803
f 2954/2954/2804 2947/2947/2797 2943/2943/2793
f 2954/2954/2804 2943/2943/2793 2948/2948/2798
f 2953/2953/2803 2947/2947/2797 2954/2954/2804
f 2902/2902/2760 2953/2953/2803 2955/2955/2805
f 2955/2955/2805 2953/2953/2803 2954/2954/2804
f 2901/2901/2759 2902/2902/2760 2955/2955/2805
f 2956/2956/2806 2954/2954/2804 2948/2948/2798
f 2955/2955/2805 2954/2954/2804 2956/2956/2806
f 2956/2956/2806 2948/2948/2798 2950/2950/2800
f 2901/2901/2759 2955/2955/2805 2957/2957/2807
f 2900/2900/2758 2901/2901/2759 2957/2957/2807
f 2958/2958/2808 2955/2955/2805 2956/2956/2806
f 2957/2957/2807 2955/2955/2805 2958/2958/2808
f 2959/2959/2809 2956/2956/2806 2950/2950/2800
f 2956/2956/2806 2959/2959/2809 2958/2958/2808
f 2957/2957/2807 2958/2958/2808 2960/2960/2810
f 2959/2959/2809 2960/2960/2810 2958/2958/2808
f 2959/2959/2809 2950/2950/2800 2961/2961/2811
f 2959/2959/2809 2961/2961/2811 2960/2960/2810
f 2961/2961/2811 2950/2950/2800 2962/2962/2812
f 2900/2900/2758 2957/2957/2807 2963/2963/2813
f 2963/2963/2813 2957/2957/2807 2960/2960/2810
f 2961/2961/2811 2962/2962/2812 2964/2964/2814
f 2962/2962/2812 2965/2965/2815 2964/2964/2814
f 2961/2961/2811 2966/2966/2816 2960/2960/2810
f 2963/2963/2813 2960/2960/2810 2966/2966/2816
f 2961/2961/2811 2964/2964/2814 2966/2966/2816
f 2967/2967/2817 2900/2900/2758 2963/2963/2813
f 2900/2900/2758 2967/2967/2817 2888/2888/2698
f 2964/2964/2814 2965/2965/2815 2968/2968/2818
f 2965/2965/2815 2969/2969/2819 2968/2968/2818
f 2970/2970/2820 2963/2963/2813 2966/2966/2816
f 2963/2963/2813 2970/2970/2820 2967/2967/2817
f 2888/2888/2698 2967/2967/2817 2971/2971/2821
f 2970/2970/2820 2971/2971/2821 2967/2967/2817
f 2972/2972/2699 2888/2888/2698 2971/2971/2821
f 2964/2964/2814 2973/2973/2822 2966/2966/2816
f 2970/2970/2820 2966/2966/2816 2973/2973/2822
f 2964/2964/2814 2968/2968/2818 2973/2973/2822
f 2974/2974/2823 2968/2968/2818 2969/2969/2819
f 2975/2975/2713 2974/2974/2823 2969/2969/2819
f 2972/2972/2699 2971/2971/2821 2976/2976/2824
f 2977/2977/2701 2972/2972/2699 2976/2976/2824
f 2970/2970/2820 2978/2978/2825 2971/2971/2821
f 2978/2978/2825 2970/2970/2820 2973/2973/2822
f 2978/2978/2825 2976/2976/2824 2971/2971/2821
f 2968/2968/2818 2979/2979/2826 2973/2973/2822
f 2978/2978/2825 2973/2973/2822 2979/2979/2826
f 2968/2968/2818 2974/2974/2823 2979/2979/2826
f 2977/2977/2701 2976/2976/2824 2980/2980/2827
f 2981/2981/2703 2977/2977/2701 2980/2980/2827
f 2978/2978/2825 2982/2982/2828 2976/2976/2824
f 2982/2982/2828 2978/2978/2825 2979/2979/2826
f 2982/2982/2828 2980/2980/2827 2976/2976/2824
f 2981/2981/2703 2980/2980/2827 2983/2983/2829
f 2984/2984/2830 2981/2981/2703 2983/2983/2829
f 2982/2982/2828 2979/2979/2826 2985/2985/2831
f 2974/2974/2823 2985/2985/2831 2979/2979/2826
f 2982/2982/2828 2986/2986/2832 2980/2980/2827
f 2986/2986/2832 2982/2982/2828 2985/2985/2831
f 2986/2986/2832 2983/2983/2829 2980/2980/2827
f 2984/2984/2830 2983/2983/2829 2987/2987/2833
f 2988/2988/2834 2984/2984/2830 2987/2987/2833
f 2987/2987/2833 2989/2989/2723 2988/2988/2834
f 2990/2990/2835 2985/2985/2831 2974/2974/2823
f 2986/2986/2832 2985/2985/2831 2990/2990/2835
f 2983/2983/2829 2986/2986/2832 2991/2991/2836
f 2987/2987/2833 2983/2983/2829 2991/2991/2836
f 2991/2991/2836 2986/2986/2832 2990/2990/2835
f 2989/2989/2723 2987/2987/2833 2992/2992/2837
f 2987/2987/2833 2991/2991/2836 2992/2992/2837
f 2989/2989/2723 2992/2992/2837 2993/2993/2838
f 2992/2992/2837 2991/2991/2836 2994/2994/2839
f 2992/2992/2837 2994/2994/2839 2993/2993/2838
f 2991/2991/2836 2990/2990/2835 2994/2994/2839
f 2993/2993/2838 2994/2994/2839 2995/2995/2721
f 2995/2995/2721 2994/2994/2839 2996/2996/2840
f 2997/2997/2841 2990/2990/2835 2974/2974/2823
f 2994/2994/2839 2990/2990/2835 2997/2997/2841
f 2994/2994/2839 2997/2997/2841 2996/2996/2840
f 2997/2997/2841 2974/2974/2823 2975/2975/2713
f 2996/2996/2840 2997/2997/2841 2975/2975/2713
f 2998/2998/2842 2999/2999/2842 3000/3000/2842
f 3001/3001/2842 2998/2998/2842 3000/3000/2842
f 3002/3002/2843 3003/3003/2843 3004/3004/2843
f 3005/3005/2843 3002/3002/2843 3004/3004/2843
f 3006/3006/2844 3007/3007/2844 3008/3008/2844
f 3009/3009/2844 3006/3006/2844 3008/3008/2844
f 3010/3010/2845 3011/3011/2845 3012/3012/2845
f 3013/3013/2845 3010/3010/2845 3012/3012/2845
f 3014/3014/2846 3015/3015/2846 3016/3016/2846
f 3017/3017/2846 3014/3014/2846 3016/3016/2846
f 3018/3018/2847 3019/3019/2847 3020/3020/2847
f 3021/3021/2847 3018/3018/2847 3020/3020/2847
f 3022/3022/2848 3023/3023/2848 3024/3024/2848
f 3025/3025/2848 3022/3022/2848 3024/3024/2848
f 3026/3026/2849 3027/3027/2850 3028/3028/2851
f 3029/3029/2852 3026/3026/2849 3028/3028/2851
f 3030/3030/2853 3026/3026/2849 3029/3029/2852
f 3029/3029/2852 3028/3028/2851 3031/3031/2854
f 3028/3028/2851 3032/3032/2855 3031/3031/2854
f 3033/3033/2856 3030/3030/2853 3029/3029/2852
f 3034/3034/2857 3030/3030/2853 3033/3033/2856
f 3029/3029/2852 3031/3031/2854 3035/3035/2858
f 3033/3033/2856 3029/3029/2852 3035/3035/2858
f 3035/3035/2858 3031/3031/2854 3036/3036/2859
f 3031/3031/2854 3032/3032/2855 3037/3037/2860
f 3031/3031/2854 3037/3037/2860 3036/3036/2859
f 3032/3032/2855 3038/3038/2861 3037/3037/2860
f 3037/3037/2860 3038/3038/2861 3039/3039/2862
f 3037/3037/2860 3039/3039/2862 3036/3036/2859
f 3038/3038/2861 3040/3040/2863 3039/3039/2862
f 3041/3041/2864 3034/3034/2857 3033/3033/2856
f 3034/3034/2857 3041/3041/2864 3042/3042/2865
f 3033/3033/2856 3035/3035/2858 3043/3043/2866
f 3041/3041/2864 3033/3033/2856 3043/3043/2866
f 3039/3039/2862 3040/3040/2863 3044/3044/2867
f 3040/3040/2863 3045/3045/2868 3044/3044/2867
f 3041/3041/2864 3046/3046/2869 3042/3042/2865
f 3041/3041/2864 3043/3043/2866 3046/3046/2869
f 3042/3042/2865 3046/3046/2869 3047/3047/2870
f 3048/3048/2871 3042/3042/2865 3047/3047/2870
f 3049/3049/2872 3048/3048/2871 3047/3047/2870
f 3043/3043/2866 3035/3035/2858 3050/3050/2873
f 3035/3035/2858 3036/3036/2859 3050/3050/2873
f 3043/3043/2866 3051/3051/2874 3046/3046/2869
f 3047/3047/2870 3046/3046/2869 3051/3051/2874
f 3039/3039/2862 3044/3044/2867 3052/3052/2875
f 3039/3039/2862 3052/3052/2875 3036/3036/2859
f 3044/3044/2867 3045/3045/2868 3053/3053/2876
f 3045/3045/2868 3054/3054/2877 3053/3053/2876
f 3053/3053/2876 3054/3054/2877 3055/3055/2878
f 3044/3044/2867 3056/3056/2879 3052/3052/2875
f 3044/3044/2867 3053/3053/2876 3056/3056/2879
f 3036/3036/2859 3052/3052/2875 3057/3057/2880
f 3057/3057/2880 3052/3052/2875 3056/3056/2879
f 3043/3043/2866 3050/3050/2873 3058/3058/2881
f 3051/3051/2874 3043/3043/2866 3058/3058/2881
f 3050/3050/2873 3036/3036/2859 3059/3059/2882
f 3036/3036/2859 3057/3057/2880 3059/3059/2882
f 3058/3058/2881 3050/3050/2873 3060/3060/2883
f 3050/3050/2873 3059/3059/2882 3060/3060/2883
f 3061/3061/2884 3053/3053/2876 3055/3055/2878
f 3053/3053/2876 3062/3062/2885 3056/3056/2879
f 3053/3053/2876 3061/3061/2884 3062/3062/2885
f 3061/3061/2884 3055/3055/2878 3063/3063/2886
f 3055/3055/2878 3064/3064/2887 3063/3063/2886
f 3063/3063/2886 3064/3064/2887 3065/3065/2888
f 3066/3066/2889 3057/3057/2880 3056/3056/2879
f 3066/3066/2889 3056/3056/2879 3062/3062/2885
f 3061/3061/2884 3067/3067/2890 3062/3062/2885
f 3061/3061/2884 3063/3063/2886 3067/3067/2890
f 3059/3059/2882 3057/3057/2880 3068/3068/2891
f 3069/3069/2892 3057/3057/2880 3066/3066/2889
f 3057/3057/2880 3069/3069/2892 3068/3068/2891
f 3070/3070/2893 3066/3066/2889 3062/3062/2885
f 3069/3069/2892 3066/3066/2889 3070/3070/2893
f 3062/3062/2885 3067/3067/2890 3071/3071/2894
f 3070/3070/2893 3062/3062/2885 3071/3071/2894
f 3059/3059/2882 3068/3068/2891 3072/3072/2895
f 3060/3060/2883 3059/3059/2882 3072/3072/2895
f 3073/3073/2896 3063/3063/2886 3065/3065/2888
f 3063/3063/2886 3074/3074/2897 3067/3067/2890
f 3063/3063/2886 3073/3073/2896 3074/3074/2897
f 3075/3075/2898 3071/3071/2894 3067/3067/2890
f 3074/3074/2897 3075/3075/2898 3067/3067/2890
f 3070/3070/2893 3071/3071/2894 3076/3076/2899
f 3076/3076/2899 3071/3071/2894 3075/3075/2898
f 3077/3077/2900 3076/3076/2899 3075/3075/2898
f 3075/3075/2898 3074/3074/2897 3078/3078/2901
f 3073/3073/2896 3078/3078/2901 3074/3074/2897
f 3079/3079/2902 3078/3078/2901 3073/3073/2896
f 3080/3080/2903 3075/3075/2898 3078/3078/2901
f 3078/3078/2901 3079/3079/2902 3080/3080/2903
f 3079/3079/2902 3081/3081/2904 3080/3080/2903
f 3082/3082/2905 3081/3081/2904 3079/3079/2902
f 3073/3073/2896 3065/3065/2888 3083/3083/2906
f 3083/3083/2906 3079/3079/2902 3073/3073/2896
f 3065/3065/2888 3084/3084/2907 3083/3083/2906
f 3085/3085/2908 3070/3070/2893 3076/3076/2899
f 3085/3085/2908 3069/3069/2892 3070/3070/2893
f 3085/3085/2908 3076/3076/2899 3086/3086/2909
f 3087/3087/2910 3083/3083/2906 3084/3084/2907
f 3083/3083/2906 3087/3087/2910 3079/3079/2902
f 3088/3088/2911 3087/3087/2910 3084/3084/2907
f 3087/3087/2910 3088/3088/2911 3089/3089/2912
f 3090/3090/2913 3082/3082/2905 3079/3079/2902
f 3087/3087/2910 3090/3090/2913 3079/3079/2902
f 3091/3091/2914 3087/3087/2910 3089/3089/2912
f 3090/3090/2913 3087/3087/2910 3091/3091/2914
f 3089/3089/2912 3092/3092/2915 3091/3091/2914
f 3082/3082/2905 3090/3090/2913 3093/3093/2916
f 3093/3093/2916 3090/3090/2913 3091/3091/2914
f 3094/3094/2917 3082/3082/2905 3093/3093/2916
f 3092/3092/2915 3095/3095/2918 3091/3091/2914
f 3091/3091/2914 3095/3095/2918 3093/3093/2916
f 3096/3096/2919 3095/3095/2918 3092/3092/2915
f 3093/3093/2916 3097/3097/2920 3094/3094/2917
f 3095/3095/2918 3097/3097/2920 3093/3093/2916
f 3097/3097/2920 3095/3095/2918 3096/3096/2919
f 3097/3097/2920 3098/3098/2921 3094/3094/2917
f 3098/3098/2921 3097/3097/2920 3096/3096/2919
f 3099/3099/2922 3100/3100/2923 3101/3101/2924
f 3100/3100/2923 3102/3102/2925 3101/3101/2924
f 3102/3102/2925 3103/3103/2926 3101/3101/2924
f 3101/3101/2924 3103/3103/2926 3104/3104/2927
f 3103/3103/2926 3105/3105/2928 3104/3104/2927
f 3105/3105/2928 3103/3103/2926 3106/3106/2929
f 3103/3103/2926 3107/3107/2930 3106/3106/2929
f 3107/3107/2930 3103/3103/2926 3102/3102/2925
f 3108/3108/2931 3106/3106/2929 3107/3107/2930
f 3109/3109/2932 3102/3102/2925 3100/3100/2923
f 3109/3109/2932 3107/3107/2930 3102/3102/2925
f 3110/3110/2933 3108/3108/2931 3107/3107/2930
f 3107/3107/2930 3109/3109/2932 3110/3110/2933
f 3111/3111/2934 3108/3108/2931 3110/3110/2933
f 3112/3112/2935 3109/3109/2932 3100/3100/2923
f 3113/3113/2936 3112/3112/2935 3100/3100/2923
f 3114/3114/2937 3111/3111/2934 3110/3110/2933
f 3115/3115/2938 3111/3111/2934 3114/3114/2937
f 3109/3109/2932 3116/3116/2939 3110/3110/2933
f 3109/3109/2932 3112/3112/2935 3116/3116/2939
f 3110/3110/2933 3116/3116/2939 3114/3114/2937
f 3112/3112/2935 3113/3113/2936 3117/3117/2940
f 3112/3112/2935 3117/3117/2940 3116/3116/2939
f 3113/3113/2936 3118/3118/2941 3117/3117/2940
f 3119/3119/2942 3115/3115/2938 3114/3114/2937
f 3120/3120/2943 3115/3115/2938 3119/3119/2942
f 3116/3116/2939 3121/3121/2944 3114/3114/2937
f 3116/3116/2939 3117/3117/2940 3121/3121/2944
f 3114/3114/2937 3121/3121/2944 3119/3119/2942
f 3117/3117/2940 3118/3118/2941 3122/3122/2945
f 3117/3117/2940 3122/3122/2945 3121/3121/2944
f 3118/3118/2941 3123/3123/2946 3122/3122/2945
f 3124/3124/2947 3120/3120/2943 3119/3119/2942
f 3125/3125/2948 3120/3120/2943 3124/3124/2947
f 3121/3121/2944 3126/3126/2949 3119/3119/2942
f 3121/3121/2944 3122/3122/2945 3126/3126/2949
f 3119/3119/2942 3126/3126/2949 3124/3124/2947
f 3122/3122/2945 3123/3123/2946 3127/3127/2950
f 3122/3122/2945 3127/3127/2950 3126/3126/2949
f 3123/3123/2946 3128/3128/2951 3127/3127/2950
f 3129/3129/2952 3125/3125/2948 3124/3124/2947
f 3125/3125/2948 3129/3129/2952 3130/3130/2953
f 3126/3126/2949 3131/3131/2954 3124/3124/2947
f 3126/3126/2949 3127/3127/2950 3131/3131/2954
f 3124/3124/2947 3131/3131/2954 3129/3129/2952
f 3127/3127/2950 3128/3128/2951 3132/3132/2955
f 3127/3127/2950 3132/3132/2955 3131/3131/2954
f 3128/3128/2951 3133/3133/2956 3132/3132/2955
f 3131/3131/2954 3134/3134/2957 3129/3129/2952
f 3131/3131/2954 3132/3132/2955 3134/3134/2957
f 3132/3132/2955 3133/3133/2956 3135/3135/2958
f 3132/3132/2955 3135/3135/2958 3134/3134/2957
f 3133/3133/2956 3136/3136/2959 3135/3135/2958
f 3129/3129/2952 3137/3137/2960 3130/3130/2953
f 3129/3129/2952 3134/3134/2957 3137/3137/2960
f 3138/3138/2961 3134/3134/2957 3135/3135/2958
f 3134/3134/2957 3138/3138/2961 3137/3137/2960
f 3135/3135/2958 3136/3136/2959 3139/3139/2962
f 3139/3139/2962 3138/3138/2961 3135/3135/2958
f 3136/3136/2959 3140/3140/2963 3139/3139/2962
f 3130/3130/2953 3137/3137/2960 3141/3141/2964
f 3137/3137/2960 3138/3138/2961 3141/3141/2964
f 3142/3142/2965 3130/3130/2953 3141/3141/2964
f 3143/3143/2966 3139/3139/2962 3140/3140/2963
f 3144/3144/2967 3143/3143/2966 3140/3140/2963
f 3138/3138/2961 3139/3139/2962 3145/3145/2968
f 3138/3138/2961 3145/3145/2968 3141/3141/2964
f 3139/3139/2962 3143/3143/2966 3145/3145/2968
f 3143/3143/2966 3144/3144/2967 3146/3146/2969
f 3143/3143/2966 3146/3146/2969 3147/3147/2970
f 3144/3144/2967 3148/3148/2971 3146/3146/2969
f 3149/3149/2972 3145/3145/2968 3143/3143/2966
f 3147/3147/2970 3149/3149/2972 3143/3143/2966
f 3150/3150/2973 3141/3141/2964 3145/3145/2968
f 3149/3149/2972 3150/3150/2973 3145/3145/2968
f 3141/3141/2964 3151/3151/2974 3142/3142/2965
f 3141/3141/2964 3150/3150/2973 3151/3151/2974
f 3146/3146/2969 3148/3148/2971 3152/3152/2975
f 3148/3148/2971 3153/3153/2976 3152/3152/2975
f 3154/3154/2977 3149/3149/2972 3147/3147/2970
f 3150/3150/2973 3149/3149/2972 3154/3154/2977
f 3152/3152/2975 3153/3153/2976 3155/3155/2978
f 3153/3153/2976 3156/3156/2979 3155/3155/2978
f 3155/3155/2978 3156/3156/2979 3157/3157/2980
f 3156/3156/2979 3158/3158/2981 3157/3157/2980
f 3152/3152/2975 3155/3155/2978 3159/3159/2982
f 3159/3159/2982 3155/3155/2978 3157/3157/2980
f 3146/3146/2969 3152/3152/2975 3160/3160/2983
f 3160/3160/2983 3152/3152/2975 3159/3159/2982
f 3157/3157/2980 3158/3158/2981 3161/3161/2984
f 3158/3158/2981 3162/3162/2985 3161/3161/2984
f 3146/3146/2969 3163/3163/2986 3147/3147/2970
f 3163/3163/2986 3146/3146/2969 3160/3160/2983
f 3164/3164/2987 3159/3159/2982 3157/3157/2980
f 3157/3157/2980 3161/3161/2984 3164/3164/2987
f 3161/3161/2984 3162/3162/2985 3165/3165/2988
f 3162/3162/2985 3166/3166/2989 3165/3165/2988
f 3161/3161/2984 3167/3167/2990 3164/3164/2987
f 3167/3167/2990 3161/3161/2984 3165/3165/2988
f 3165/3165/2988 3166/3166/2989 3168/3168/2991
f 3166/3166/2989 3169/3169/2992 3168/3168/2991
f 3169/3169/2992 3170/3170/2993 3168/3168/2991
f 3171/3171/2994 3167/3167/2990 3165/3165/2988
f 3165/3165/2988 3168/3168/2991 3171/3171/2994
f 3170/3170/2993 3172/3172/2995 3168/3168/2991
f 3172/3172/2995 3170/3170/2993 3173/3173/2996
f 3168/3168/2991 3174/3174/2997 3171/3171/2994
f 3168/3168/2991 3172/3172/2995 3174/3174/2997
f 3167/3167/2990 3171/3171/2994 3175/3175/2998
f 3175/3175/2998 3171/3171/2994 3174/3174/2997
f 3164/3164/2987 3167/3167/2990 3176/3176/2999
f 3176/3176/2999 3167/3167/2990 3175/3175/2998
f 3177/3177/3000 3172/3172/2995 3173/3173/2996
f 3172/3172/2995 3177/3177/3000 3174/3174/2997
f 3178/3178/3001 3177/3177/3000 3173/3173/2996
f 3179/3179/3002 3178/3178/3001 3173/3173/2996
f 3179/3179/3002 3180/3180/3003 3178/3178/3001
f 3174/3174/2997 3177/3177/3000 3181/3181/3004
f 3177/3177/3000 3178/3178/3001 3181/3181/3004
f 3180/3180/3003 3181/3181/3004 3178/3178/3001
f 3181/3181/3004 3175/3175/2998 3174/3174/2997
f 3175/3175/2998 3181/3181/3004 3180/3180/3003
f 3182/3182/3005 3175/3175/2998 3180/3180/3003
f 3176/3176/2999 3175/3175/2998 3182/3182/3005
f 3183/3183/3006 3176/3176/2999 3182/3182/3005
f 3184/3184/3007 3164/3164/2987 3176/3176/2999
f 3184/3184/3007 3176/3176/2999 3183/3183/3006
f 3159/3159/2982 3164/3164/2987 3184/3184/3007
f 3185/3185/3008 3184/3184/3007 3183/3183/3006
f 3186/3186/3009 3159/3159/2982 3184/3184/3007
f 3186/3186/3009 3184/3184/3007 3185/3185/3008
f 3160/3160/2983 3159/3159/2982 3186/3186/3009
f 3187/3187/3010 3186/3186/3009 3185/3185/3008
f 3188/3188/3011 3160/3160/2983 3186/3186/3009
f 3188/3188/3011 3186/3186/3009 3187/3187/3010
f 3163/3163/2986 3160/3160/2983 3188/3188/3011
f 3189/3189/3012 3188/3188/3011 3187/3187/3010
f 3190/3190/3013 3163/3163/2986 3188/3188/3011
f 3190/3190/3013 3188/3188/3011 3189/3189/3012
f 3191/3191/3014 3190/3190/3013 3189/3189/3012
f 3147/3147/2970 3163/3163/2986 3190/3190/3013
f 3192/3192/3015 3190/3190/3013 3191/3191/3014
f 3192/3192/3015 3147/3147/2970 3190/3190/3013
f 3193/3193/3016 3192/3192/3015 3191/3191/3014
f 3194/3194/3017 3147/3147/2970 3192/3192/3015
f 3194/3194/3017 3154/3154/2977 3147/3147/2970
f 3195/3195/3018 3192/3192/3015 3193/3193/3016
f 3195/3195/3018 3194/3194/3017 3192/3192/3015
f 3196/3196/2909 3195/3195/3018 3193/3193/3016
f 3196/3196/2909 3197/3197/3019 3195/3195/3018
f 3197/3197/3019 3198/3198/3020 3195/3195/3018
f 3195/3195/3018 3198/3198/3020 3194/3194/3017
f 3198/3198/3020 3199/3199/3021 3194/3194/3017
f 3194/3194/3017 3200/3200/3022 3154/3154/2977
f 3194/3194/3017 3199/3199/3021 3200/3200/3022
f 3199/3199/3021 3198/3198/3020 3201/3201/3023
f 3198/3198/3020 3202/3202/2898 3201/3201/3023
f 3202/3202/2898 3203/3203/2903 3201/3201/3023
f 3201/3201/3023 3204/3204/3024 3199/3199/3021
f 3203/3203/2903 3205/3205/3025 3201/3201/3023
f 3201/3201/3023 3205/3205/3025 3204/3204/3024
f 3206/3206/3026 3205/3205/3025 3203/3203/2903
f 3207/3207/2904 3206/3206/3026 3203/3203/2903
f 3199/3199/3021 3208/3208/3027 3200/3200/3022
f 3204/3204/3024 3208/3208/3027 3199/3199/3021
f 3205/3205/3025 3206/3206/3026 3209/3209/3028
f 3205/3205/3025 3209/3209/3028 3204/3204/3024
f 3210/3210/3029 3206/3206/3026 3207/3207/2904
f 3211/3211/2905 3210/3210/3029 3207/3207/2904
f 3210/3210/3029 3211/3211/2905 3212/3212/2917
f 3213/3213/3030 3210/3210/3029 3212/3212/2917
f 3212/3212/2917 3214/3214/2921 3213/3213/3030
f 3206/3206/3026 3210/3210/3029 3215/3215/3031
f 3215/3215/3031 3210/3210/3029 3213/3213/3030
f 3214/3214/2921 3216/3216/3032 3213/3213/3030
f 3216/3216/3032 3214/3214/2921 3217/3217/3033
f 3213/3213/3030 3216/3216/3032 3218/3218/3034
f 3218/3218/3034 3215/3215/3031 3213/3213/3030
f 3219/3219/3035 3206/3206/3026 3215/3215/3031
f 3206/3206/3026 3219/3219/3035 3209/3209/3028
f 3215/3215/3031 3220/3220/3036 3219/3219/3035
f 3220/3220/3036 3215/3215/3031 3218/3218/3034
f 3216/3216/3032 3221/3221/3037 3218/3218/3034
f 3217/3217/3033 3221/3221/3037 3216/3216/3032
f 3209/3209/3028 3219/3219/3035 3222/3222/3038
f 3220/3220/3036 3222/3222/3038 3219/3219/3035
f 3218/3218/3034 3221/3221/3037 3223/3223/3039
f 3223/3223/3039 3220/3220/3036 3218/3218/3034
f 3221/3221/3037 3217/3217/3033 3224/3224/3040
f 3221/3221/3037 3224/3224/3040 3223/3223/3039
f 3225/3225/3041 3220/3220/3036 3223/3223/3039
f 3222/3222/3038 3220/3220/3036 3225/3225/3041
f 3226/3226/3042 3209/3209/3028 3222/3222/3038
f 3204/3204/3024 3209/3209/3028 3226/3226/3042
f 3223/3223/3039 3224/3224/3040 3227/3227/3043
f 3227/3227/3043 3225/3225/3041 3223/3223/3039
f 3224/3224/3040 3217/3217/3033 3228/3228/3044
f 3224/3224/3040 3228/3228/3044 3227/3227/3043
f 3229/3229/3045 3222/3222/3038 3225/3225/3041
f 3226/3226/3042 3222/3222/3038 3229/3229/3045
f 3230/3230/3046 3204/3204/3024 3226/3226/3042
f 3204/3204/3024 3230/3230/3046 3208/3208/3027
f 3231/3231/3047 3228/3228/3044 3217/3217/3033
f 3217/3217/3033 3232/3232/2915 3231/3231/3047
f 3231/3231/3047 3232/3232/2915 3233/3233/3048
f 3228/3228/3044 3231/3231/3047 3234/3234/3049
f 3234/3234/3049 3231/3231/3047 3233/3233/3048
f 3227/3227/3043 3228/3228/3044 3234/3234/3049
f 3233/3233/3048 3235/3235/2911 3234/3234/3049
f 3236/3236/3050 3225/3225/3041 3227/3227/3043
f 3234/3234/3049 3236/3236/3050 3227/3227/3043
f 3235/3235/2911 3236/3236/3050 3234/3234/3049
f 3229/3229/3045 3225/3225/3041 3236/3236/3050
f 3236/3236/3050 3235/3235/2911 3237/3237/3051
f 3237/3237/3051 3229/3229/3045 3236/3236/3050
f 3235/3235/2911 3238/3238/2907 3237/3237/3051
f 3239/3239/3052 3229/3229/3045 3237/3237/3051
f 3239/3239/3052 3226/3226/3042 3229/3229/3045
f 3230/3230/3046 3226/3226/3042 3239/3239/3052
f 3237/3237/3051 3238/3238/2907 3240/3240/3053
f 3240/3240/3053 3239/3239/3052 3237/3237/3051
f 3240/3240/3053 3241/3241/3054 3239/3239/3052
f 3238/3238/2907 3242/3242/2888 3240/3240/3053
f 3240/3240/3053 3242/3242/2888 3241/3241/3054
f 3242/3242/2888 3243/3243/2887 3241/3241/3054
f 3241/3241/3054 3243/3243/2887 3244/3244/2878
f 3245/3245/3055 3230/3230/3046 3239/3239/3052
f 3241/3241/3054 3245/3245/3055 3239/3239/3052
f 3246/3246/3056 3241/3241/3054 3244/3244/2878
f 3244/3244/2878 3247/3247/2877 3246/3246/3056
f 3248/3248/3057 3230/3230/3046 3245/3245/3055
f 3230/3230/3046 3248/3248/3057 3208/3208/3027
f 3249/3249/3058 3245/3245/3055 3241/3241/3054
f 3249/3249/3058 3248/3248/3057 3245/3245/3055
f 3246/3246/3056 3249/3249/3058 3241/3241/3054
f 3208/3208/3027 3248/3248/3057 3250/3250/3059
f 3248/3248/3057 3249/3249/3058 3250/3250/3059
f 3200/3200/3022 3208/3208/3027 3250/3250/3059
f 3251/3251/3060 3249/3249/3058 3246/3246/3056
f 3249/3249/3058 3251/3251/3060 3250/3250/3059
f 3247/3247/2877 3252/3252/3061 3246/3246/3056
f 3252/3252/3061 3251/3251/3060 3246/3246/3056
f 3200/3200/3022 3250/3250/3059 3253/3253/3062
f 3253/3253/3062 3250/3250/3059 3251/3251/3060
f 3254/3254/3063 3252/3252/3061 3247/3247/2877
f 3255/3255/2868 3254/3254/3063 3247/3247/2877
f 3255/3255/2868 3256/3256/2863 3254/3254/3063
f 3257/3257/3064 3251/3251/3060 3252/3252/3061
f 3254/3254/3063 3257/3257/3064 3252/3252/3061
f 3257/3257/3064 3253/3253/3062 3251/3251/3060
f 3256/3256/2863 3258/3258/3065 3254/3254/3063
f 3257/3257/3064 3254/3254/3063 3258/3258/3065
f 3256/3256/2863 3259/3259/2861 3258/3258/3065
f 3260/3260/3066 3257/3257/3064 3258/3258/3065
f 3253/3253/3062 3257/3257/3064 3260/3260/3066
f 3261/3261/3067 3200/3200/3022 3253/3253/3062
f 3200/3200/3022 3261/3261/3067 3154/3154/2977
f 3259/3259/2861 3262/3262/3068 3258/3258/3065
f 3258/3258/3065 3262/3262/3068 3260/3260/3066
f 3263/3263/3069 3253/3253/3062 3260/3260/3066
f 3253/3253/3062 3263/3263/3069 3261/3261/3067
f 3260/3260/3066 3262/3262/3068 3263/3263/3069
f 3154/3154/2977 3261/3261/3067 3264/3264/3070
f 3264/3264/3070 3150/3150/2973 3154/3154/2977
f 3265/3265/3071 3262/3262/3068 3259/3259/2861
f 3266/3266/2855 3265/3265/3071 3259/3259/2861
f 3261/3261/3067 3263/3263/3069 3267/3267/3072
f 3261/3261/3067 3267/3267/3072 3264/3264/3070
f 3264/3264/3070 3267/3267/3072 3268/3268/3073
f 3264/3264/3070 3268/3268/3073 3269/3269/3074
f 3269/3269/3074 3150/3150/2973 3264/3264/3070
f 3151/3151/2974 3150/3150/2973 3269/3269/3074
f 3270/3270/3075 3265/3265/3071 3266/3266/2855
f 3271/3271/2851 3270/3270/3075 3266/3266/2855
f 3271/3271/2851 3272/3272/3076 3270/3270/3075
f 3272/3272/3076 3273/3273/3077 3270/3270/3075
f 3270/3270/3075 3273/3273/3077 3274/3274/3078
f 3270/3270/3075 3274/3274/3078 3265/3265/3071
f 3273/3273/3077 3275/3275/3079 3274/3274/3078
f 3274/3274/3078 3276/3276/3080 3265/3265/3071
f 3265/3265/3071 3276/3276/3080 3262/3262/3068
f 3274/3274/3078 3275/3275/3079 3277/3277/3081
f 3274/3274/3078 3277/3277/3081 3276/3276/3080
f 3275/3275/3079 3278/3278/3082 3277/3277/3081
f 3276/3276/3080 3279/3279/3083 3262/3262/3068
f 3262/3262/3068 3279/3279/3083 3263/3263/3069
f 3277/3277/3081 3280/3280/3084 3276/3276/3080
f 3276/3276/3080 3280/3280/3084 3279/3279/3083
f 3277/3277/3081 3278/3278/3082 3281/3281/3085
f 3277/3277/3081 3281/3281/3085 3280/3280/3084
f 3278/3278/3082 3282/3282/3086 3281/3281/3085
f 3279/3279/3083 3283/3283/3087 3263/3263/3069
f 3263/3263/3069 3283/3283/3087 3267/3267/3072
f 3267/3267/3072 3283/3283/3087 3284/3284/3088
f 3279/3279/3083 3285/3285/3089 3283/3283/3087
f 3280/3280/3084 3285/3285/3089 3279/3279/3083
f 3285/3285/3089 3284/3284/3088 3283/3283/3087
f 3285/3285/3089 3286/3286/3090 3284/3284/3088
f 3280/3280/3084 3287/3287/3091 3285/3285/3089
f 3281/3281/3085 3287/3287/3091 3280/3280/3084
f 3287/3287/3091 3286/3286/3090 3285/3285/3089
f 3281/3281/3085 3282/3282/3086 3288/3288/3092
f 3281/3281/3085 3288/3288/3092 3287/3287/3091
f 3282/3282/3086 3289/3289/3093 3288/3288/3092
f 3288/3288/3092 3290/3290/3094 3287/3287/3091
f 3287/3287/3091 3290/3290/3094 3286/3286/3090
f 3288/3288/3092 3289/3289/3093 3291/3291/3095
f 3288/3288/3092 3291/3291/3095 3290/3290/3094
f 3289/3289/3093 3292/3292/3096 3291/3291/3095
f 3291/3291/3095 3292/3292/3096 3293/3293/3097
f 3294/3294/3098 3291/3291/3095 3293/3293/3097
f 3293/3293/3097 3049/3049/2872 3294/3294/3098
f 3291/3291/3095 3295/3295/3099 3290/3290/3094
f 3295/3295/3099 3291/3291/3095 3294/3294/3098
f 3049/3049/2872 3296/3296/3100 3294/3294/3098
f 3296/3296/3100 3049/3049/2872 3047/3047/2870
f 3294/3294/3098 3296/3296/3100 3297/3297/3101
f 3297/3297/3101 3295/3295/3099 3294/3294/3098
f 3290/3290/3094 3295/3295/3099 3298/3298/3102
f 3290/3290/3094 3298/3298/3102 3286/3286/3090
f 3296/3296/3100 3047/3047/2870 3299/3299/3103
f 3296/3296/3100 3299/3299/3103 3297/3297/3101
f 3295/3295/3099 3297/3297/3101 3300/3300/3104
f 3295/3295/3099 3300/3300/3104 3298/3298/3102
f 3047/3047/2870 3301/3301/3105 3299/3299/3103
f 3301/3301/3105 3047/3047/2870 3051/3051/2874
f 3302/3302/3106 3297/3297/3101 3299/3299/3103
f 3297/3297/3101 3302/3302/3106 3300/3300/3104
f 3303/3303/3107 3301/3301/3105 3051/3051/2874
f 3058/3058/2881 3303/3303/3107 3051/3051/2874
f 3299/3299/3103 3301/3301/3105 3304/3304/3108
f 3304/3304/3108 3302/3302/3106 3299/3299/3103
f 3301/3301/3105 3303/3303/3107 3304/3304/3108
f 3303/3303/3107 3058/3058/2881 3305/3305/3109
f 3058/3058/2881 3060/3060/2883 3305/3305/3109
f 3306/3306/3110 3302/3302/3106 3304/3304/3108
f 3302/3302/3106 3306/3306/3110 3300/3300/3104
f 3304/3304/3108 3303/3303/3107 3307/3307/3111
f 3303/3303/3107 3305/3305/3109 3307/3307/3111
f 3307/3307/3111 3306/3306/3110 3304/3304/3108
f 3305/3305/3109 3060/3060/2883 3308/3308/3112
f 3060/3060/2883 3072/3072/2895 3308/3308/3112
f 3307/3307/3111 3305/3305/3109 3309/3309/3113
f 3305/3305/3109 3308/3308/3112 3309/3309/3113
f 3310/3310/3114 3306/3306/3110 3307/3307/3111
f 3309/3309/3113 3310/3310/3114 3307/3307/3111
f 3306/3306/3110 3311/3311/3115 3300/3300/3104
f 3306/3306/3110 3310/3310/3114 3311/3311/3115
f 3311/3311/3115 3312/3312/3116 3300/3300/3104
f 3300/3300/3104 3312/3312/3116 3298/3298/3102
f 3310/3310/3114 3313/3313/3117 3311/3311/3115
f 3311/3311/3115 3313/3313/3117 3312/3312/3116
f 3312/3312/3116 3314/3314/3118 3298/3298/3102
f 3298/3298/3102 3314/3314/3118 3286/3286/3090
f 3315/3315/3119 3310/3310/3114 3309/3309/3113
f 3310/3310/3114 3315/3315/3119 3313/3313/3117
f 3315/3315/3119 3316/3316/3120 3313/3313/3117
f 3313/3313/3117 3317/3317/3121 3312/3312/3116
f 3312/3312/3116 3317/3317/3121 3314/3314/3118
f 3317/3317/3121 3313/3313/3117 3316/3316/3120
f 3314/3314/3118 3318/3318/3122 3286/3286/3090
f 3317/3317/3121 3319/3319/3123 3314/3314/3118
f 3314/3314/3118 3319/3319/3123 3318/3318/3122
f 3286/3286/3090 3318/3318/3122 3320/3320/3124
f 3286/3286/3090 3320/3320/3124 3284/3284/3088
f 3318/3318/3122 3321/3321/3125 3320/3320/3124
f 3319/3319/3123 3321/3321/3125 3318/3318/3122
f 3320/3320/3124 3322/3322/3126 3284/3284/3088
f 3321/3321/3125 3322/3322/3126 3320/3320/3124
f 3323/3323/3127 3315/3315/3119 3309/3309/3113
f 3316/3316/3120 3315/3315/3119 3324/3324/3128
f 3324/3324/3128 3315/3315/3119 3323/3323/3127
f 3309/3309/3113 3325/3325/3129 3323/3323/3127
f 3309/3309/3113 3308/3308/3112 3325/3325/3129
f 3326/3326/3130 3324/3324/3128 3323/3323/3127
f 3323/3323/3127 3325/3325/3129 3326/3326/3130
f 3324/3324/3128 3326/3326/3130 3327/3327/3131
f 3328/3328/3132 3324/3324/3128 3327/3327/3131
f 3329/3329/3133 3316/3316/3120 3324/3324/3128
f 3329/3329/3133 3324/3324/3128 3328/3328/3132
f 3330/3330/3134 3321/3321/3125 3319/3319/3123
f 3322/3322/3126 3321/3321/3125 3331/3331/3135
f 3321/3321/3125 3330/3330/3134 3331/3331/3135
f 3332/3332/3136 3331/3331/3135 3330/3330/3134
f 3333/3333/3137 3330/3330/3134 3319/3319/3123
f 3333/3333/3137 3319/3319/3123 3317/3317/3121
f 3334/3334/3138 3317/3317/3121 3316/3316/3120
f 3334/3334/3138 3333/3333/3137 3317/3317/3121
f 3329/3329/3133 3335/3335/3139 3316/3316/3120
f 3316/3316/3120 3336/3336/3140 3334/3334/3138
f 3316/3316/3120 3335/3335/3139 3336/3336/3140
f 3334/3334/3138 3337/3337/3141 3333/3333/3137
f 3336/3336/3140 3337/3337/3141 3334/3334/3138
f 3333/3333/3137 3338/3338/3142 3330/3330/3134
f 3337/3337/3141 3338/3338/3142 3333/3333/3137
f 3339/3339/3143 3332/3332/3136 3330/3330/3134
f 3338/3338/3142 3339/3339/3143 3330/3330/3134
f 3339/3339/3143 3338/3338/3142 3340/3340/3144
f 3339/3339/3143 3340/3340/3144 3332/3332/3136
f 3338/3338/3142 3337/3337/3141 3341/3341/3145
f 3338/3338/3142 3341/3341/3145 3340/3340/3144
f 3337/3337/3141 3336/3336/3140 3342/3342/3146
f 3337/3337/3141 3342/3342/3146 3341/3341/3145
f 3336/3336/3140 3343/3343/3147 3342/3342/3146
f 3336/3336/3140 3335/3335/3139 3343/3343/3147
f 3335/3335/3139 3329/3329/3133 3344/3344/3148
f 3344/3344/3148 3329/3329/3133 3328/3328/3132
f 3342/3342/3146 3345/3345/3149 3341/3341/3145
f 3342/3342/3146 3343/3343/3147 3345/3345/3149
f 3335/3335/3139 3346/3346/3150 3343/3343/3147
f 3347/3347/3151 3335/3335/3139 3344/3344/3148
f 3348/3348/3152 3343/3343/3147 3346/3346/3150
f 3343/3343/3147 3348/3348/3152 3345/3345/3149
f 3349/3349/3153 3348/3348/3152 3346/3346/3150
f 3348/3348/3152 3349/3349/3153 3350/3350/3154
f 3351/3351/3155 3348/3348/3152 3350/3350/3154
f 3345/3345/3149 3348/3348/3152 3351/3351/3155
f 3350/3350/3154 3352/3352/3156 3351/3351/3155
f 3345/3345/3149 3353/3353/3157 3341/3341/3145
f 3341/3341/3145 3353/3353/3157 3340/3340/3144
f 3344/3344/3148 3354/3354/3158 3347/3347/3151
f 3354/3354/3158 3355/3355/3159 3347/3347/3151
f 3355/3355/3159 3354/3354/3158 3356/3356/3160
f 3357/3357/3161 3345/3345/3149 3351/3351/3155
f 3345/3345/3149 3357/3357/3161 3353/3353/3157
f 3352/3352/3156 3358/3358/3162 3351/3351/3155
f 3351/3351/3155 3358/3358/3162 3357/3357/3161
f 3352/3352/3156 3359/3359/3163 3358/3358/3162
f 3360/3360/3164 3354/3354/3158 3344/3344/3148
f 3328/3328/3132 3360/3360/3164 3344/3344/3148
f 3354/3354/3158 3361/3361/3165 3356/3356/3160
f 3361/3361/3165 3354/3354/3158 3360/3360/3164
f 3356/3356/3160 3361/3361/3165 3362/3362/3166
f 3359/3359/3163 3363/3363/3167 3358/3358/3162
f 3359/3359/3163 3364/3364/3168 3363/3363/3167
f 3358/3358/3162 3365/3365/3169 3357/3357/3161
f 3358/3358/3162 3363/3363/3167 3365/3365/3169
f 3366/3366/3170 3360/3360/3164 3328/3328/3132
f 3327/3327/3131 3366/3366/3170 3328/3328/3132
f 3361/3361/3165 3367/3367/3171 3362/3362/3166
f 3362/3362/3166 3367/3367/3171 3368/3368/3172
f 3369/3369/3173 3361/3361/3165 3360/3360/3164
f 3369/3369/3173 3360/3360/3164 3366/3366/3170
f 3361/3361/3165 3369/3369/3173 3367/3367/3171
f 3364/3364/3168 3370/3370/3174 3363/3363/3167
f 3364/3364/3168 3371/3371/3175 3370/3370/3174
f 3367/3367/3171 3372/3372/3176 3368/3368/3172
f 3368/3368/3172 3372/3372/3176 3373/3373/3177
f 3369/3369/3173 3374/3374/3178 3367/3367/3171
f 3367/3367/3171 3374/3374/3178 3372/3372/3176
f 3372/3372/3176 3375/3375/3179 3373/3373/3177
f 3373/3373/3177 3375/3375/3179 3376/3376/3180
f 3377/3377/3181 3369/3369/3173 3366/3366/3170
f 3369/3369/3173 3377/3377/3181 3374/3374/3178
f 3374/3374/3178 3378/3378/3182 3372/3372/3176
f 3372/3372/3176 3378/3378/3182 3375/3375/3179
f 3375/3375/3179 3379/3379/3183 3376/3376/3180
f 3376/3376/3180 3379/3379/3183 3380/3380/3184
f 3377/3377/3181 3381/3381/3185 3374/3374/3178
f 3374/3374/3178 3381/3381/3185 3378/3378/3182
f 3378/3378/3182 3382/3382/3186 3375/3375/3179
f 3375/3375/3179 3382/3382/3186 3379/3379/3183
f 3381/3381/3185 3383/3383/3187 3378/3378/3182
f 3378/3378/3182 3383/3383/3187 3382/3382/3186
f 3384/3384/3188 3377/3377/3181 3366/3366/3170
f 3385/3385/3189 3384/3384/3188 3366/3366/3170
f 3384/3384/3188 3386/3386/3190 3377/3377/3181
f 3386/3386/3190 3381/3381/3185 3377/3377/3181
f 3386/3386/3190 3387/3387/3191 3381/3381/3185
f 3387/3387/3191 3383/3383/3187 3381/3381/3185
f 3385/3385/3189 3366/3366/3170 3327/3327/3131
f 3387/3387/3191 3388/3388/3192 3383/3383/3187
f 3389/3389/2965 3385/3385/3189 3327/3327/3131
f 3388/3388/3192 3390/3390/3193 3383/3383/3187
f 3383/3383/3187 3390/3390/3193 3382/3382/3186
f 3390/3390/3193 3388/3388/3192 3391/3391/3194
f 3382/3382/3186 3390/3390/3193 3392/3392/3195
f 3382/3382/3186 3392/3392/3195 3379/3379/3183
f 3393/3393/3196 3390/3390/3193 3391/3391/3194
f 3390/3390/3193 3393/3393/3196 3392/3392/3195
f 3379/3379/3183 3392/3392/3195 3394/3394/3197
f 3379/3379/3183 3394/3394/3197 3380/3380/3184
f 3393/3393/3196 3391/3391/3194 3395/3395/3198
f 3391/3391/3194 3396/3396/3199 3395/3395/3198
f 3392/3392/3195 3393/3393/3196 3397/3397/3200
f 3393/3393/3196 3395/3395/3198 3397/3397/3200
f 3392/3392/3195 3397/3397/3200 3394/3394/3197
f 3398/3398/3201 3395/3395/3198 3396/3396/3199
f 3395/3395/3198 3398/3398/3201 3397/3397/3200
f 3399/3399/3202 3398/3398/3201 3396/3396/3199
f 3394/3394/3197 3400/3400/3203 3380/3380/3184
f 3400/3400/3203 3401/3401/3204 3380/3380/3184
f 3397/3397/3200 3402/3402/3205 3394/3394/3197
f 3402/3402/3205 3400/3400/3203 3394/3394/3197
f 3400/3400/3203 3402/3402/3205 3401/3401/3204
f 3398/3398/3201 3402/3402/3205 3397/3397/3200
f 3402/3402/3205 3398/3398/3201 3401/3401/3204
f 3398/3398/3201 3403/3403/3206 3401/3401/3204
f 3398/3398/3201 3399/3399/3202 3403/3403/3206
f 3399/3399/3202 3404/3404/3207 3403/3403/3206
f 3405/3405/3208 3406/3406/3202 3407/3407/3209
f 3408/3408/3210 3405/3405/3208 3407/3407/3209
f 3409/3409/3206 3405/3405/3208 3408/3408/3210
f 3408/3408/3210 3407/3407/3209 3410/3410/3211
f 3407/3407/3209 3411/3411/3194 3410/3410/3211
f 3410/3410/3211 3411/3411/3194 3412/3412/3192
f 3413/3413/3212 3409/3409/3206 3408/3408/3210
f 3414/3414/3204 3409/3409/3206 3413/3413/3212
f 3408/3408/3210 3410/3410/3211 3415/3415/3213
f 3413/3413/3212 3408/3408/3210 3415/3415/3213
f 3416/3416/3214 3414/3414/3204 3413/3413/3212
f 3416/3416/3214 3417/3417/3215 3414/3414/3204
f 3418/3418/3216 3417/3417/3215 3416/3416/3214
f 3416/3416/3214 3413/3413/3212 3419/3419/3217
f 3419/3419/3217 3418/3418/3216 3416/3416/3214
f 3413/3413/3212 3415/3415/3213 3419/3419/3217
f 3420/3420/3177 3418/3418/3216 3419/3419/3217
f 3421/3421/3218 3420/3420/3177 3419/3419/3217
f 3419/3419/3217 3415/3415/3213 3421/3421/3218
f 3422/3422/3219 3420/3420/3177 3421/3421/3218
f 3415/3415/3213 3410/3410/3211 3423/3423/3220
f 3415/3415/3213 3423/3423/3220 3421/3421/3218
f 3424/3424/3221 3422/3422/3219 3421/3421/3218
f 3421/3421/3218 3423/3423/3220 3424/3424/3221
f 3425/3425/3166 3422/3422/3219 3424/3424/3221
f 3410/3410/3211 3426/3426/3222 3423/3423/3220
f 3426/3426/3222 3410/3410/3211 3412/3412/3192
f 3427/3427/3223 3425/3425/3166 3424/3424/3221
f 3428/3428/3160 3425/3425/3166 3427/3427/3223
f 3423/3423/3220 3429/3429/3224 3424/3424/3221
f 3423/3423/3220 3426/3426/3222 3429/3429/3224
f 3424/3424/3221 3429/3429/3224 3427/3427/3223
f 3430/3430/3225 3426/3426/3222 3412/3412/3192
f 3426/3426/3222 3430/3430/3225 3429/3429/3224
f 3431/3431/3191 3430/3430/3225 3412/3412/3192
f 3432/3432/3226 3428/3428/3160 3427/3427/3223
f 3428/3428/3160 3432/3432/3226 3433/3433/3159
f 3429/3429/3224 3434/3434/3227 3427/3427/3223
f 3429/3429/3224 3430/3430/3225 3434/3434/3227
f 3427/3427/3223 3434/3434/3227 3432/3432/3226
f 3435/3435/3228 3430/3430/3225 3431/3431/3191
f 3430/3430/3225 3435/3435/3228 3434/3434/3227
f 3436/3436/3190 3435/3435/3228 3431/3431/3191
f 3434/3434/3227 3437/3437/3229 3432/3432/3226
f 3434/3434/3227 3435/3435/3228 3437/3437/3229
f 3438/3438/3230 3435/3435/3228 3436/3436/3190
f 3435/3435/3228 3438/3438/3230 3437/3437/3229
f 3439/3439/3188 3438/3438/3230 3436/3436/3190
f 3432/3432/3226 3440/3440/3231 3433/3433/3159
f 3432/3432/3226 3437/3437/3229 3440/3440/3231
f 3437/3437/3229 3438/3438/3230 3441/3441/3232
f 3437/3437/3229 3441/3441/3232 3440/3440/3231
f 3442/3442/3233 3438/3438/3230 3439/3439/3188
f 3438/3438/3230 3442/3442/3233 3441/3441/3232
f 3443/3443/3234 3442/3442/3233 3439/3439/3188
f 3442/3442/3233 3443/3443/3234 3142/3142/2965
f 3444/3444/3235 3442/3442/3233 3142/3142/2965
f 3441/3441/3232 3442/3442/3233 3444/3444/3235
f 3151/3151/2974 3444/3444/3235 3142/3142/2965
f 3445/3445/3236 3441/3441/3232 3444/3444/3235
f 3444/3444/3235 3151/3151/2974 3445/3445/3236
f 3440/3440/3231 3441/3441/3232 3445/3445/3236
f 3151/3151/2974 3269/3269/3074 3445/3445/3236
f 3433/3433/3159 3440/3440/3231 3446/3446/3237
f 3446/3446/3237 3440/3440/3231 3445/3445/3236
f 3445/3445/3236 3269/3269/3074 3446/3446/3237
f 3447/3447/3151 3433/3433/3159 3446/3446/3237
f 3269/3269/3074 3448/3448/3238 3446/3446/3237
f 3446/3446/3237 3448/3448/3238 3447/3447/3151
f 3448/3448/3238 3449/3449/3139 3447/3447/3151
f 3268/3268/3073 3448/3448/3238 3269/3269/3074
f 3450/3450/3239 3449/3449/3139 3448/3448/3238
f 3268/3268/3073 3450/3450/3239 3448/3448/3238
f 3451/3451/3150 3449/3449/3139 3450/3450/3239
f 3452/3452/3240 3451/3451/3150 3450/3450/3239
f 3452/3452/3240 3450/3450/3239 3268/3268/3073
f 3451/3451/3150 3452/3452/3240 3453/3453/3153
f 3452/3452/3240 3454/3454/3241 3453/3453/3153
f 3453/3453/3153 3454/3454/3241 3455/3455/3242
f 3456/3456/3243 3453/3453/3153 3455/3455/3242
f 3455/3455/3242 3457/3457/3244 3456/3456/3243
f 3457/3457/3244 3458/3458/3156 3456/3456/3243
f 3457/3457/3244 3459/3459/3245 3458/3458/3156
f 3459/3459/3245 3460/3460/3163 3458/3458/3156
f 3460/3460/3163 3459/3459/3245 3461/3461/3246
f 3462/3462/3168 3460/3460/3163 3461/3461/3246
f 3461/3461/3246 3463/3463/3247 3462/3462/3168
f 3463/3463/3247 3464/3464/3175 3462/3462/3168
f 3464/3464/3175 3463/3463/3247 3465/3465/3248
f 3463/3463/3247 3466/3466/3249 3465/3465/3248
f 3467/3467/3250 3465/3465/3248 3466/3466/3249
f 3468/3468/3251 3463/3463/3247 3461/3461/3246
f 3466/3466/3249 3463/3463/3247 3468/3468/3251
f 3469/3469/3252 3461/3461/3246 3459/3459/3245
f 3469/3469/3252 3468/3468/3251 3461/3461/3246
f 3459/3459/3245 3457/3457/3244 3470/3470/3253
f 3470/3470/3253 3469/3469/3252 3459/3459/3245
f 3471/3471/3254 3457/3457/3244 3455/3455/3242
f 3457/3457/3244 3471/3471/3254 3470/3470/3253
f 3472/3472/3255 3466/3466/3249 3468/3468/3251
f 3467/3467/3250 3466/3466/3249 3472/3472/3255
f 3473/3473/3256 3468/3468/3251 3469/3469/3252
f 3468/3468/3251 3473/3473/3256 3472/3472/3255
f 3474/3474/3257 3469/3469/3252 3470/3470/3253
f 3474/3474/3257 3473/3473/3256 3469/3469/3252
f 3467/3467/3250 3472/3472/3255 3475/3475/3258
f 3473/3473/3256 3475/3475/3258 3472/3472/3255
f 3475/3475/3258 3476/3476/3259 3467/3467/3250
f 3477/3477/3260 3467/3467/3250 3476/3476/3259
f 3478/3478/3261 3477/3477/3260 3476/3476/3259
f 3473/3473/3256 3479/3479/3262 3475/3475/3258
f 3479/3479/3262 3476/3476/3259 3475/3475/3258
f 3479/3479/3262 3473/3473/3256 3474/3474/3257
f 3479/3479/3262 3478/3478/3261 3476/3476/3259
f 3480/3480/3263 3474/3474/3257 3470/3470/3253
f 3480/3480/3263 3470/3470/3253 3471/3471/3254
f 3481/3481/3264 3479/3479/3262 3474/3474/3257
f 3479/3479/3262 3481/3481/3264 3478/3478/3261
f 3481/3481/3264 3474/3474/3257 3480/3480/3263
f 3482/3482/3265 3480/3480/3263 3471/3471/3254
f 3483/3483/3266 3481/3481/3264 3480/3480/3263
f 3483/3483/3266 3480/3480/3263 3482/3482/3265
f 3481/3481/3264 3484/3484/3267 3478/3478/3261
f 3485/3485/3268 3481/3481/3264 3483/3483/3266
f 3485/3485/3268 3484/3484/3267 3481/3481/3264
f 3486/3486/3269 3478/3478/3261 3484/3484/3267
f 3487/3487/3270 3484/3484/3267 3485/3485/3268
f 3487/3487/3270 3486/3486/3269 3484/3484/3267
f 3486/3486/3269 3488/3488/3271 3478/3478/3261
f 3478/3478/3261 3488/3488/3271 3489/3489/3260
f 3490/3490/3272 3486/3486/3269 3487/3487/3270
f 3486/3486/3269 3490/3490/3272 3488/3488/3271
f 3488/3488/3271 3491/3491/3273 3489/3489/3260
f 3492/3492/3250 3489/3489/3260 3491/3491/3273
f 3493/3493/3274 3491/3491/3273 3488/3488/3271
f 3492/3492/3250 3491/3491/3273 3493/3493/3274
f 3490/3490/3272 3494/3494/3275 3488/3488/3271
f 3494/3494/3275 3493/3493/3274 3488/3488/3271
f 3494/3494/3275 3495/3495/3276 3493/3493/3274
f 3495/3495/3276 3494/3494/3275 3490/3490/3272
f 3492/3492/3250 3493/3493/3274 3496/3496/3277
f 3495/3495/3276 3496/3496/3277 3493/3493/3274
f 3492/3492/3250 3496/3496/3277 3497/3497/3278
f 3492/3492/3250 3497/3497/3278 3498/3498/3279
f 3371/3371/3175 3498/3498/3279 3497/3497/3278
f 3497/3497/3278 3496/3496/3277 3499/3499/3280
f 3499/3499/3280 3371/3371/3175 3497/3497/3278
f 3496/3496/3277 3495/3495/3276 3499/3499/3280
f 3371/3371/3175 3499/3499/3280 3370/3370/3174
f 3499/3499/3280 3495/3495/3276 3500/3500/3281
f 3500/3500/3281 3495/3495/3276 3490/3490/3272
f 3370/3370/3174 3499/3499/3280 3500/3500/3281
f 3500/3500/3281 3490/3490/3272 3501/3501/3282
f 3501/3501/3282 3490/3490/3272 3487/3487/3270
f 3370/3370/3174 3500/3500/3281 3502/3502/3283
f 3502/3502/3283 3500/3500/3281 3501/3501/3282
f 3363/3363/3167 3370/3370/3174 3502/3502/3283
f 3363/3363/3167 3502/3502/3283 3365/3365/3169
f 3487/3487/3270 3503/3503/3284 3501/3501/3282
f 3503/3503/3284 3487/3487/3270 3485/3485/3268
f 3502/3502/3283 3501/3501/3282 3504/3504/3285
f 3365/3365/3169 3502/3502/3283 3504/3504/3285
f 3503/3503/3284 3504/3504/3285 3501/3501/3282
f 3365/3365/3169 3504/3504/3285 3505/3505/3286
f 3357/3357/3161 3365/3365/3169 3505/3505/3286
f 3357/3357/3161 3505/3505/3286 3353/3353/3157
f 3505/3505/3286 3504/3504/3285 3506/3506/3287
f 3504/3504/3285 3503/3503/3284 3506/3506/3287
f 3353/3353/3157 3505/3505/3286 3507/3507/3288
f 3505/3505/3286 3506/3506/3287 3507/3507/3288
f 3353/3353/3157 3507/3507/3288 3340/3340/3144
f 3503/3503/3284 3485/3485/3268 3508/3508/3289
f 3508/3508/3289 3485/3485/3268 3483/3483/3266
f 3506/3506/3287 3503/3503/3284 3509/3509/3290
f 3503/3503/3284 3508/3508/3289 3509/3509/3290
f 3508/3508/3289 3483/3483/3266 3510/3510/3291
f 3509/3509/3290 3508/3508/3289 3510/3510/3291
f 3510/3510/3291 3483/3483/3266 3482/3482/3265
f 3506/3506/3287 3509/3509/3290 3511/3511/3292
f 3507/3507/3288 3506/3506/3287 3511/3511/3292
f 3511/3511/3292 3509/3509/3290 3510/3510/3291
f 3340/3340/3144 3507/3507/3288 3512/3512/3293
f 3507/3507/3288 3511/3511/3292 3512/3512/3293
f 3340/3340/3144 3512/3512/3293 3332/3332/3136
f 3513/3513/3294 3511/3511/3292 3510/3510/3291
f 3513/3513/3294 3510/3510/3291 3482/3482/3265
f 3512/3512/3293 3511/3511/3292 3513/3513/3294
f 3514/3514/3295 3513/3513/3294 3482/3482/3265
f 3514/3514/3295 3482/3482/3265 3471/3471/3254
f 3515/3515/3296 3512/3512/3293 3513/3513/3294
f 3332/3332/3136 3512/3512/3293 3515/3515/3296
f 3513/3513/3294 3514/3514/3295 3515/3515/3296
f 3516/3516/3297 3514/3514/3295 3471/3471/3254
f 3516/3516/3297 3471/3471/3254 3455/3455/3242
f 3455/3455/3242 3454/3454/3241 3516/3516/3297
f 3514/3514/3295 3517/3517/3298 3515/3515/3296
f 3332/3332/3136 3515/3515/3296 3517/3517/3298
f 3514/3514/3295 3516/3516/3297 3517/3517/3298
f 3454/3454/3241 3518/3518/3299 3516/3516/3297
f 3516/3516/3297 3518/3518/3299 3517/3517/3298
f 3519/3519/3300 3332/3332/3136 3517/3517/3298
f 3519/3519/3300 3517/3517/3298 3518/3518/3299
f 3331/3331/3135 3332/3332/3136 3519/3519/3300
f 3454/3454/3241 3520/3520/3301 3518/3518/3299
f 3520/3520/3301 3519/3519/3300 3518/3518/3299
f 3454/3454/3241 3452/3452/3240 3520/3520/3301
f 3521/3521/3302 3331/3331/3135 3519/3519/3300
f 3521/3521/3302 3519/3519/3300 3520/3520/3301
f 3322/3322/3126 3331/3331/3135 3521/3521/3302
f 3452/3452/3240 3522/3522/3303 3520/3520/3301
f 3522/3522/3303 3521/3521/3302 3520/3520/3301
f 3522/3522/3303 3452/3452/3240 3268/3268/3073
f 3523/3523/3304 3322/3322/3126 3521/3521/3302
f 3523/3523/3304 3521/3521/3302 3522/3522/3303
f 3268/3268/3073 3523/3523/3304 3522/3522/3303
f 3322/3322/3126 3523/3523/3304 3284/3284/3088
f 3524/3524/3305 3523/3523/3304 3268/3268/3073
f 3524/3524/3305 3284/3284/3088 3523/3523/3304
f 3267/3267/3072 3524/3524/3305 3268/3268/3073
f 3524/3524/3305 3267/3267/3072 3284/3284/3088
f 1912/1912/1827 1911/1911/1826 3525/3525/3306
f 1928/1928/1843 1912/1912/1827 3525/3525/3306
f 3525/3525/3306 1911/1911/1826 3526/3526/3307
f 1911/1911/1826 1915/1915/1830 3526/3526/3307
f 1928/1928/1843 3525/3525/3306 3527/3527/3308
f 1929/1929/1844 1928/1928/1843 3527/3527/3308
f 3526/3526/3307 1915/1915/1830 3528/3528/3309
f 1915/1915/1830 2151/2151/2049 3528/3528/3309
f 3525/3525/3306 3526/3526/3307 3529/3529/3310
f 3527/3527/3308 3525/3525/3306 3529/3529/3310
f 1929/1929/1844 3527/3527/3308 3530/3530/3311
f 3531/3531/1951 1929/1929/1844 3530/3530/3311
f 3528/3528/3309 2151/2151/2049 3532/3532/3312
f 3532/3532/3312 2151/2151/2049 2168/2168/2066
f 3526/3526/3307 3528/3528/3309 3533/3533/3313
f 3529/3529/3310 3526/3526/3307 3533/3533/3313
f 3527/3527/3308 3529/3529/3310 3534/3534/3314
f 3530/3530/3311 3527/3527/3308 3534/3534/3314
f 3531/3531/1951 3530/3530/3311 3535/3535/3315
f 3536/3536/1949 3531/3531/1951 3535/3535/3315
f 3532/3532/3312 2168/2168/2066 3537/3537/3316
f 3537/3537/3316 2168/2168/2066 2169/2169/2067
f 3528/3528/3309 3532/3532/3312 3538/3538/3317
f 3533/3533/3313 3528/3528/3309 3538/3538/3317
f 3538/3538/3317 3532/3532/3312 3537/3537/3316
f 3538/3538/3317 3539/3539/3318 3533/3533/3313
f 3529/3529/3310 3533/3533/3313 3540/3540/3319
f 3534/3534/3314 3529/3529/3310 3540/3540/3319
f 3539/3539/3318 3540/3540/3319 3533/3533/3313
f 3530/3530/3311 3534/3534/3314 3541/3541/3320
f 3535/3535/3315 3530/3530/3311 3541/3541/3320
f 3540/3540/3319 3542/3542/3321 3534/3534/3314
f 3542/3542/3321 3540/3540/3319 3539/3539/3318
f 3542/3542/3321 3541/3541/3320 3534/3534/3314
f 3536/3536/1949 3535/3535/3315 3543/3543/3322
f 3544/3544/1947 3536/3536/1949 3543/3543/3322
f 3545/3545/3323 3538/3538/3317 3537/3537/3316
f 3539/3539/3318 3538/3538/3317 3545/3545/3323
f 3535/3535/3315 3541/3541/3320 3546/3546/3324
f 3543/3543/3322 3535/3535/3315 3546/3546/3324
f 3543/3543/3322 3547/3547/3325 3544/3544/1947
f 3547/3547/3325 3548/3548/3326 3544/3544/1947
f 3541/3541/3320 3542/3542/3321 3549/3549/3327
f 3546/3546/3324 3541/3541/3320 3549/3549/3327
f 3546/3546/3324 3550/3550/3328 3543/3543/3322
f 3550/3550/3328 3547/3547/3325 3543/3543/3322
f 3547/3547/3325 3551/3551/3329 3548/3548/3326
f 3551/3551/3329 3552/3552/1943 3548/3548/3326
f 3553/3553/3330 3545/3545/3323 3537/3537/3316
f 3553/3553/3330 3537/3537/3316 2169/2169/2067
f 3554/3554/3331 3553/3553/3330 2169/2169/2067
f 2170/2170/2068 3554/3554/3331 2169/2169/2067
f 3555/3555/3332 3553/3553/3330 3554/3554/3331
f 3553/3553/3330 3555/3555/3332 3545/3545/3323
f 3556/3556/3333 3554/3554/3331 2170/2170/2068
f 3556/3556/3333 3555/3555/3332 3554/3554/3331
f 3557/3557/3334 3550/3550/3328 3546/3546/3324
f 3549/3549/3327 3557/3557/3334 3546/3546/3324
f 3550/3550/3328 3558/3558/3335 3547/3547/3325
f 3558/3558/3335 3551/3551/3329 3547/3547/3325
f 3551/3551/3329 3559/3559/3336 3552/3552/1943
f 3559/3559/3336 3560/3560/1941 3552/3552/1943
f 3561/3561/3337 3556/3556/3333 2170/2170/2068
f 3561/3561/3337 2170/2170/2068 2232/2232/1900
f 3562/3562/1888 3561/3561/3337 2232/2232/1900
f 3563/3563/3338 3561/3561/3337 3562/3562/1888
f 3556/3556/3333 3561/3561/3337 3563/3563/3338
f 3564/3564/1883 3563/3563/3338 3562/3562/1888
f 3565/3565/3339 3556/3556/3333 3563/3563/3338
f 3556/3556/3333 3565/3565/3339 3555/3555/3332
f 3566/3566/3340 3563/3563/3338 3564/3564/1883
f 3565/3565/3339 3563/3563/3338 3566/3566/3340
f 3567/3567/1878 3566/3566/3340 3564/3564/1883
f 3568/3568/3341 3566/3566/3340 3567/3567/1878
f 3569/3569/1873 3568/3568/3341 3567/3567/1878
f 3570/3570/3342 3565/3565/3339 3566/3566/3340
f 3570/3570/3342 3566/3566/3340 3568/3568/3341
f 3565/3565/3339 3571/3571/3343 3555/3555/3332
f 3571/3571/3343 3565/3565/3339 3570/3570/3342
f 3572/3572/3344 3568/3568/3341 3569/3569/1873
f 3573/3573/3345 3572/3572/3344 3569/3569/1873
f 3573/3573/3345 3574/3574/1866 3572/3572/3344
f 3575/3575/3346 3570/3570/3342 3568/3568/3341
f 3575/3575/3346 3568/3568/3341 3572/3572/3344
f 3576/3576/3347 3555/3555/3332 3571/3571/3343
f 3555/3555/3332 3576/3576/3347 3545/3545/3323
f 3577/3577/3348 3571/3571/3343 3570/3570/3342
f 3577/3577/3348 3570/3570/3342 3575/3575/3346
f 3578/3578/3349 3545/3545/3323 3576/3576/3347
f 3539/3539/3318 3545/3545/3323 3578/3578/3349
f 3579/3579/1898 3578/3578/3349 3576/3576/3347
f 3578/3578/3349 3580/3580/1906 3539/3539/3318
f 3581/3581/3350 3576/3576/3347 3571/3571/3343
f 3576/3576/3347 3581/3581/3350 3579/3579/1898
f 3581/3581/3350 3571/3571/3343 3577/3577/3348
f 3581/3581/3350 3582/3582/3351 3579/3579/1898
f 3580/3580/1906 3583/3583/3352 3539/3539/3318
f 3583/3583/3352 3542/3542/3321 3539/3539/3318
f 3580/3580/1906 3584/3584/1911 3583/3583/3352
f 3582/3582/3351 3581/3581/3350 3585/3585/3353
f 3585/3585/3353 3581/3581/3350 3577/3577/3348
f 3586/3586/1891 3582/3582/3351 3585/3585/3353
f 3542/3542/3321 3583/3583/3352 3587/3587/3354
f 3584/3584/1911 3587/3587/3354 3583/3583/3352
f 3549/3549/3327 3542/3542/3321 3587/3587/3354
f 3584/3584/1911 3588/3588/1914 3587/3587/3354
f 3587/3587/3354 3589/3589/3355 3549/3549/3327
f 3588/3588/1914 3589/3589/3355 3587/3587/3354
f 3588/3588/1914 3590/3590/1916 3589/3589/3355
f 3589/3589/3355 3557/3557/3334 3549/3549/3327
f 3590/3590/1916 3591/3591/3356 3589/3589/3355
f 3589/3589/3355 3591/3591/3356 3557/3557/3334
f 3590/3590/1916 3592/3592/1920 3591/3591/3356
f 3585/3585/3353 3577/3577/3348 3593/3593/3357
f 3593/3593/3357 3577/3577/3348 3575/3575/3346
f 3586/3586/1891 3585/3585/3353 3594/3594/3358
f 3594/3594/3358 3585/3585/3353 3593/3593/3357
f 3595/3595/1886 3586/3586/1891 3594/3594/3358
f 3591/3591/3356 3596/3596/3359 3557/3557/3334
f 3557/3557/3334 3596/3596/3359 3550/3550/3328
f 3596/3596/3359 3558/3558/3335 3550/3550/3328
f 3592/3592/1920 3597/3597/3360 3591/3591/3356
f 3591/3591/3356 3597/3597/3360 3596/3596/3359
f 3592/3592/1920 3598/3598/1924 3597/3597/3360
f 3593/3593/3357 3575/3575/3346 3599/3599/3361
f 3599/3599/3361 3575/3575/3346 3572/3572/3344
f 3594/3594/3358 3593/3593/3357 3600/3600/3362
f 3600/3600/3362 3593/3593/3357 3599/3599/3361
f 3595/3595/1886 3594/3594/3358 3601/3601/3363
f 3601/3601/3363 3594/3594/3358 3600/3600/3362
f 3602/3602/1881 3595/3595/1886 3601/3601/3363
f 3596/3596/3359 3603/3603/3364 3558/3558/3335
f 3597/3597/3360 3603/3603/3364 3596/3596/3359
f 3598/3598/1924 3604/3604/3365 3597/3597/3360
f 3597/3597/3360 3604/3604/3365 3603/3603/3364
f 3598/3598/1924 3605/3605/3366 3604/3604/3365
f 3599/3599/3361 3572/3572/3344 3606/3606/3367
f 3574/3574/1866 3606/3606/3367 3572/3572/3344
f 3600/3600/3362 3599/3599/3361 3607/3607/3368
f 3607/3607/3368 3599/3599/3361 3606/3606/3367
f 3606/3606/3367 3574/3574/1866 3608/3608/3369
f 3607/3607/3368 3606/3606/3367 3608/3608/3369
f 3574/3574/1866 3609/3609/1864 3608/3608/3369
f 3609/3609/1864 3610/3610/1863 3608/3608/3369
f 3603/3603/3364 3611/3611/3370 3558/3558/3335
f 3558/3558/3335 3611/3611/3370 3551/3551/3329
f 3611/3611/3370 3559/3559/3336 3551/3551/3329
f 3612/3612/3371 3600/3600/3362 3607/3607/3368
f 3601/3601/3363 3600/3600/3362 3612/3612/3371
f 3613/3613/3372 3607/3607/3368 3608/3608/3369
f 3612/3612/3371 3607/3607/3368 3613/3613/3372
f 3610/3610/1863 3614/3614/3373 3608/3608/3369
f 3613/3613/3372 3608/3608/3369 3614/3614/3373
f 3615/3615/1862 3614/3614/3373 3610/3610/1863
f 3614/3614/3373 3615/3615/1862 3616/3616/3374
f 3616/3616/3374 3613/3613/3372 3614/3614/3373
f 3616/3616/3374 3615/3615/1862 3617/3617/3375
f 3616/3616/3374 3617/3617/3375 3618/3618/3376
f 3616/3616/3374 3618/3618/3376 3613/3613/3372
f 3617/3617/3375 3619/3619/1858 3618/3618/3376
f 3620/3620/3377 3601/3601/3363 3612/3612/3371
f 3602/3602/1881 3601/3601/3363 3620/3620/3377
f 3621/3621/3378 3602/3602/1881 3620/3620/3377
f 3622/3622/3379 3612/3612/3371 3613/3613/3372
f 3620/3620/3377 3612/3612/3371 3622/3622/3379
f 3618/3618/3376 3622/3622/3379 3613/3613/3372
f 3621/3621/3378 3620/3620/3377 3623/3623/3380
f 3623/3623/3380 3620/3620/3377 3622/3622/3379
f 3623/3623/3380 3622/3622/3379 3618/3618/3376
f 3624/3624/1871 3621/3621/3378 3623/3623/3380
f 3625/3625/3381 3618/3618/3376 3619/3619/1858
f 3625/3625/3381 3623/3623/3380 3618/3618/3376
f 3623/3623/3380 3625/3625/3381 3624/3624/1871
f 3626/3626/3382 3625/3625/3381 3619/3619/1858
f 3625/3625/3381 3626/3626/3382 3624/3624/1871
f 3603/3603/3364 3627/3627/3383 3611/3611/3370
f 3604/3604/3365 3627/3627/3383 3603/3603/3364
f 3627/3627/3383 3628/3628/3384 3611/3611/3370
f 3611/3611/3370 3628/3628/3384 3559/3559/3336
f 3604/3604/3365 3629/3629/3385 3627/3627/3383
f 3605/3605/3366 3629/3629/3385 3604/3604/3365
f 3628/3628/3384 3630/3630/3386 3559/3559/3336
f 3559/3559/3336 3630/3630/3386 3560/3560/1941
f 3630/3630/3386 3631/3631/1940 3560/3560/1941
f 3627/3627/3383 3632/3632/3387 3628/3628/3384
f 3629/3629/3385 3632/3632/3387 3627/3627/3383
f 3633/3633/3388 3629/3629/3385 3605/3605/3366
f 3634/3634/3389 3633/3633/3388 3605/3605/3366
f 3633/3633/3388 3634/3634/3389 3635/3635/1931
f 3629/3629/3385 3633/3633/3388 3636/3636/3390
f 3632/3632/3387 3629/3629/3385 3636/3636/3390
f 3635/3635/1931 3636/3636/3390 3633/3633/3388
f 3630/3630/3386 3637/3637/3391 3631/3631/1940
f 3637/3637/3391 3638/3638/3392 3631/3631/1940
f 3638/3638/3392 3637/3637/3391 3639/3639/1937
f 3628/3628/3384 3640/3640/3393 3630/3630/3386
f 3632/3632/3387 3640/3640/3393 3628/3628/3384
f 3640/3640/3393 3637/3637/3391 3630/3630/3386
f 3636/3636/3390 3641/3641/3394 3632/3632/3387
f 3641/3641/3394 3640/3640/3393 3632/3632/3387
f 3641/3641/3394 3636/3636/3390 3635/3635/1931
f 3637/3637/3391 3640/3640/3393 3641/3641/3394
f 3637/3637/3391 3642/3642/3395 3639/3639/1937
f 3639/3639/1937 3642/3642/3395 3635/3635/1931
f 3642/3642/3395 3637/3637/3391 3641/3641/3394
f 3642/3642/3395 3641/3641/3394 3635/3635/1931
f 3069/3069/2892 3085/3085/2908 3643/3643/3396
f 3068/3068/2891 3069/3069/2892 3643/3643/3396
f 3643/3643/3396 3085/3085/2908 3644/3644/3397
f 3085/3085/2908 3086/3086/2909 3644/3644/3397
f 3068/3068/2891 3643/3643/3396 3645/3645/3398
f 3072/3072/2895 3068/3068/2891 3645/3645/3398
f 3643/3643/3396 3644/3644/3397 3646/3646/3399
f 3645/3645/3398 3643/3643/3396 3646/3646/3399
f 3644/3644/3397 3086/3086/2909 3647/3647/3400
f 3086/3086/2909 3648/3648/3016 3647/3647/3400
f 3072/3072/2895 3645/3645/3398 3649/3649/3401
f 3308/3308/3112 3072/3072/2895 3649/3649/3401
f 3645/3645/3398 3646/3646/3399 3650/3650/3402
f 3649/3649/3401 3645/3645/3398 3650/3650/3402
f 3646/3646/3399 3644/3644/3397 3651/3651/3403
f 3644/3644/3397 3647/3647/3400 3651/3651/3403
f 3647/3647/3400 3648/3648/3016 3652/3652/3404
f 3648/3648/3016 3653/3653/3014 3652/3652/3404
f 3308/3308/3112 3649/3649/3401 3654/3654/3405
f 3308/3308/3112 3654/3654/3405 3325/3325/3129
f 3654/3654/3405 3649/3649/3401 3655/3655/3406
f 3649/3649/3401 3650/3650/3402 3655/3655/3406
f 3656/3656/3407 3655/3655/3406 3650/3650/3402
f 3650/3650/3402 3646/3646/3399 3657/3657/3408
f 3646/3646/3399 3651/3651/3403 3657/3657/3408
f 3657/3657/3408 3656/3656/3407 3650/3650/3402
f 3325/3325/3129 3654/3654/3405 3658/3658/3409
f 3654/3654/3405 3655/3655/3406 3658/3658/3409
f 3325/3325/3129 3658/3658/3409 3326/3326/3130
f 3651/3651/3403 3647/3647/3400 3659/3659/3410
f 3647/3647/3400 3652/3652/3404 3659/3659/3410
f 3660/3660/3411 3657/3657/3408 3651/3651/3403
f 3657/3657/3408 3660/3660/3411 3656/3656/3407
f 3659/3659/3410 3660/3660/3411 3651/3651/3403
f 3655/3655/3406 3661/3661/3412 3658/3658/3409
f 3655/3655/3406 3656/3656/3407 3661/3661/3412
f 3658/3658/3409 3662/3662/3413 3326/3326/3130
f 3661/3661/3412 3662/3662/3413 3658/3658/3409
f 3662/3662/3413 3663/3663/3414 3326/3326/3130
f 3663/3663/3414 3327/3327/3131 3326/3326/3130
f 3662/3662/3413 3664/3664/3415 3663/3663/3414
f 3664/3664/3415 3662/3662/3413 3661/3661/3412
f 3663/3663/3414 3665/3665/3416 3327/3327/3131
f 3664/3664/3415 3665/3665/3416 3663/3663/3414
f 3665/3665/3416 3666/3666/3417 3327/3327/3131
f 3327/3327/3131 3666/3666/3417 3389/3389/2965
f 3666/3666/3417 3667/3667/2953 3389/3389/2965
f 3666/3666/3417 3668/3668/3418 3667/3667/2953
f 3666/3666/3417 3665/3665/3416 3668/3668/3418
f 3668/3668/3418 3669/3669/2948 3667/3667/2953
f 3665/3665/3416 3670/3670/3419 3668/3668/3418
f 3670/3670/3419 3665/3665/3416 3664/3664/3415
f 3668/3668/3418 3671/3671/3420 3669/3669/2948
f 3668/3668/3418 3670/3670/3419 3671/3671/3420
f 3671/3671/3420 3672/3672/2943 3669/3669/2948
f 3671/3671/3420 3673/3673/3421 3672/3672/2943
f 3673/3673/3421 3674/3674/2938 3672/3672/2943
f 3670/3670/3419 3675/3675/3422 3671/3671/3420
f 3671/3671/3420 3675/3675/3422 3673/3673/3421
f 3676/3676/3423 3670/3670/3419 3664/3664/3415
f 3670/3670/3419 3676/3676/3423 3675/3675/3422
f 3673/3673/3421 3677/3677/3424 3674/3674/2938
f 3677/3677/3424 3678/3678/3425 3674/3674/2938
f 3679/3679/2931 3678/3678/3425 3677/3677/3424
f 3675/3675/3422 3680/3680/3426 3673/3673/3421
f 3673/3673/3421 3680/3680/3426 3677/3677/3424
f 3664/3664/3415 3681/3681/3427 3676/3676/3423
f 3681/3681/3427 3664/3664/3415 3661/3661/3412
f 3676/3676/3423 3682/3682/3428 3675/3675/3422
f 3675/3675/3422 3682/3682/3428 3680/3680/3426
f 3661/3661/3412 3683/3683/3429 3681/3681/3427
f 3661/3661/3412 3656/3656/3407 3683/3683/3429
f 3683/3683/3429 3684/3684/2963 3681/3681/3427
f 3685/3685/2971 3683/3683/3429 3656/3656/3407
f 3681/3681/3427 3686/3686/3430 3676/3676/3423
f 3686/3686/3430 3681/3681/3427 3684/3684/2963
f 3676/3676/3423 3686/3686/3430 3682/3682/3428
f 3687/3687/3431 3686/3686/3430 3684/3684/2963
f 3688/3688/3432 3685/3685/2971 3656/3656/3407
f 3689/3689/2976 3685/3685/2971 3688/3688/3432
f 3660/3660/3411 3688/3688/3432 3656/3656/3407
f 3686/3686/3430 3687/3687/3431 3690/3690/3433
f 3686/3686/3430 3690/3690/3433 3682/3682/3428
f 3687/3687/3431 3691/3691/2956 3690/3690/3433
f 3692/3692/3434 3689/3689/2976 3688/3688/3432
f 3688/3688/3432 3660/3660/3411 3692/3692/3434
f 3693/3693/2979 3689/3689/2976 3692/3692/3434
f 3682/3682/3428 3690/3690/3433 3694/3694/3435
f 3682/3682/3428 3694/3694/3435 3680/3680/3426
f 3690/3690/3433 3691/3691/2956 3695/3695/3436
f 3690/3690/3433 3695/3695/3436 3694/3694/3435
f 3691/3691/2956 3696/3696/2951 3695/3695/3436
f 3660/3660/3411 3697/3697/3437 3692/3692/3434
f 3660/3660/3411 3659/3659/3410 3697/3697/3437
f 3698/3698/3438 3693/3693/2979 3692/3692/3434
f 3698/3698/3438 3692/3692/3434 3697/3697/3437
f 3699/3699/2981 3693/3693/2979 3698/3698/3438
f 3680/3680/3426 3694/3694/3435 3700/3700/3439
f 3680/3680/3426 3700/3700/3439 3677/3677/3424
f 3694/3694/3435 3695/3695/3436 3701/3701/3440
f 3694/3694/3435 3701/3701/3440 3700/3700/3439
f 3695/3695/3436 3696/3696/2951 3702/3702/3441
f 3695/3695/3436 3702/3702/3441 3701/3701/3440
f 3696/3696/2951 3703/3703/2946 3702/3702/3441
f 3659/3659/3410 3704/3704/3442 3697/3697/3437
f 3659/3659/3410 3652/3652/3404 3704/3704/3442
f 3705/3705/3443 3698/3698/3438 3697/3697/3437
f 3705/3705/3443 3697/3697/3437 3704/3704/3442
f 3706/3706/3444 3699/3699/2981 3698/3698/3438
f 3706/3706/3444 3698/3698/3438 3705/3705/3443
f 3707/3707/2985 3699/3699/2981 3706/3706/3444
f 3702/3702/3441 3703/3703/2946 3708/3708/3445
f 3703/3703/2946 3709/3709/2941 3708/3708/3445
f 3701/3701/3440 3702/3702/3441 3710/3710/3446
f 3702/3702/3441 3708/3708/3445 3710/3710/3446
f 3652/3652/3404 3711/3711/3447 3704/3704/3442
f 3652/3652/3404 3653/3653/3014 3711/3711/3447
f 3653/3653/3014 3712/3712/3012 3711/3711/3447
f 3713/3713/3448 3705/3705/3443 3704/3704/3442
f 3713/3713/3448 3704/3704/3442 3711/3711/3447
f 3714/3714/3449 3711/3711/3447 3712/3712/3012
f 3714/3714/3449 3713/3713/3448 3711/3711/3447
f 3715/3715/3450 3714/3714/3449 3712/3712/3012
f 3708/3708/3445 3709/3709/2941 3716/3716/3451
f 3709/3709/2941 3717/3717/2936 3716/3716/3451
f 3718/3718/3452 3705/3705/3443 3713/3713/3448
f 3718/3718/3452 3706/3706/3444 3705/3705/3443
f 3719/3719/3453 3714/3714/3449 3715/3715/3450
f 3720/3720/3008 3719/3719/3453 3715/3715/3450
f 3721/3721/3454 3713/3713/3448 3714/3714/3449
f 3721/3721/3454 3718/3718/3452 3713/3713/3448
f 3719/3719/3453 3721/3721/3454 3714/3714/3449
f 3722/3722/3455 3706/3706/3444 3718/3718/3452
f 3722/3722/3455 3707/3707/2985 3706/3706/3444
f 3723/3723/2989 3707/3707/2985 3722/3722/3455
f 3724/3724/3456 3719/3719/3453 3720/3720/3008
f 3725/3725/3006 3724/3724/3456 3720/3720/3008
f 3726/3726/3457 3721/3721/3454 3719/3719/3453
f 3724/3724/3456 3726/3726/3457 3719/3719/3453
f 3727/3727/3458 3718/3718/3452 3721/3721/3454
f 3727/3727/3458 3722/3722/3455 3718/3718/3452
f 3726/3726/3457 3727/3727/3458 3721/3721/3454
f 3728/3728/3459 3723/3723/2989 3722/3722/3455
f 3728/3728/3459 3722/3722/3455 3727/3727/3458
f 3729/3729/3460 3723/3723/2989 3728/3728/3459
f 3730/3730/3461 3724/3724/3456 3725/3725/3006
f 3731/3731/3005 3730/3730/3461 3725/3725/3006
f 3732/3732/3462 3726/3726/3457 3724/3724/3456
f 3730/3730/3461 3732/3732/3462 3724/3724/3456
f 3733/3733/3463 3727/3727/3458 3726/3726/3457
f 3733/3733/3463 3728/3728/3459 3727/3727/3458
f 3732/3732/3462 3733/3733/3463 3726/3726/3457
f 3734/3734/3464 3729/3729/3460 3728/3728/3459
f 3734/3734/3464 3728/3728/3459 3733/3733/3463
f 3735/3735/3465 3730/3730/3461 3731/3731/3005
f 3736/3736/3466 3735/3735/3465 3731/3731/3005
f 3735/3735/3465 3736/3736/3466 3737/3737/3002
f 3738/3738/3467 3732/3732/3462 3730/3730/3461
f 3735/3735/3465 3738/3738/3467 3730/3730/3461
f 3739/3739/3468 3733/3733/3463 3732/3732/3462
f 3738/3738/3467 3739/3739/3468 3732/3732/3462
f 3739/3739/3468 3734/3734/3464 3733/3733/3463
f 3734/3734/3464 3740/3740/3469 3729/3729/3460
f 3740/3740/3469 3741/3741/2993 3729/3729/3460
f 3741/3741/2993 3740/3740/3469 3742/3742/2996
f 3740/3740/3469 3734/3734/3464 3743/3743/3470
f 3734/3734/3464 3739/3739/3468 3743/3743/3470
f 3743/3743/3470 3742/3742/2996 3740/3740/3469
f 3738/3738/3467 3744/3744/3471 3739/3739/3468
f 3744/3744/3471 3743/3743/3470 3739/3739/3468
f 3738/3738/3467 3735/3735/3465 3744/3744/3471
f 3743/3743/3470 3744/3744/3471 3742/3742/2996
f 3745/3745/3472 3735/3735/3465 3737/3737/3002
f 3745/3745/3472 3737/3737/3002 3742/3742/2996
f 3735/3735/3465 3745/3745/3472 3744/3744/3471
f 3744/3744/3471 3745/3745/3472 3742/3742/2996
f 3677/3677/3424 3700/3700/3439 3746/3746/3473
f 3746/3746/3473 3679/3679/2931 3677/3677/3424
f 3700/3700/3439 3747/3747/3474 3746/3746/3473
f 3700/3700/3439 3701/3701/3440 3747/3747/3474
f 3701/3701/3440 3710/3710/3446 3747/3747/3474
f 3679/3679/2931 3746/3746/3473 3748/3748/3475
f 3746/3746/3473 3747/3747/3474 3748/3748/3475
f 3749/3749/2929 3679/3679/2931 3748/3748/3475
f 3750/3750/3476 3749/3749/2929 3748/3748/3475
f 3747/3747/3474 3710/3710/3446 3751/3751/3477
f 3747/3747/3474 3751/3751/3477 3748/3748/3475
f 3752/3752/3478 3750/3750/3476 3748/3748/3475
f 3748/3748/3475 3751/3751/3477 3752/3752/3478
f 3752/3752/3478 3753/3753/2927 3750/3750/3476
f 3753/3753/2927 3752/3752/3478 3754/3754/3479
f 3751/3751/3477 3754/3754/3479 3752/3752/3478
f 3753/3753/2927 3754/3754/3479 3755/3755/3480
f 3755/3755/3480 3754/3754/3479 3756/3756/3481
f 3756/3756/3481 3754/3754/3479 3751/3751/3477
f 3757/3757/3482 3755/3755/3480 3756/3756/3481
f 3710/3710/3446 3758/3758/3483 3751/3751/3477
f 3758/3758/3483 3756/3756/3481 3751/3751/3477
f 3710/3710/3446 3708/3708/3445 3758/3758/3483
f 3708/3708/3445 3716/3716/3451 3758/3758/3483
f 3758/3758/3483 3716/3716/3451 3756/3756/3481
f 3756/3756/3481 3759/3759/3484 3757/3757/3482
f 3716/3716/3451 3759/3759/3484 3756/3756/3481
f 3759/3759/3484 3760/3760/3485 3757/3757/3482
f 3759/3759/3484 3716/3716/3451 3717/3717/2936
f 3760/3760/3485 3759/3759/3484 3717/3717/2936
f 3761/3761/3486 3762/3762/3487 3763/3763/936
f 3763/3763/936 3762/3762/3487 3764/3764/3488
f 3765/3765/923 3762/3762/3487 3761/3761/3486
f 3764/3764/3488 3762/3762/3487 3766/3766/3489
f 3767/3767/918 3762/3762/3487 3765/3765/923
f 3766/3766/3489 3762/3762/3487 3768/3768/952
f 3769/3769/913 3762/3762/3487 3767/3767/918
f 3768/3768/952 3762/3762/3487 3770/3770/895
f 3771/3771/909 3762/3762/3487 3769/3769/913
f 3770/3770/895 3762/3762/3487 3772/3772/3490
f 3773/3773/3491 3762/3762/3487 3771/3771/909
f 3772/3772/3490 3762/3762/3487 3774/3774/899
f 3775/3775/3492 3762/3762/3487 3773/3773/3491
f 3774/3774/899 3762/3762/3487 3775/3775/3492
f 3776/3776/1114 3777/3777/3493 3778/3778/1119
f 3778/3778/1119 3777/3777/3493 3779/3779/1124
f 3780/3780/1110 3777/3777/3493 3776/3776/1114
f 3779/3779/1124 3777/3777/3493 3781/3781/1130
f 3782/3782/1106 3777/3777/3493 3780/3780/1110
f 3781/3781/1130 3777/3777/3493 3783/3783/3494
f 3784/3784/1105 3777/3777/3493 3782/3782/1106
f 3783/3783/3494 3777/3777/3493 3785/3785/1145
f 3786/3786/1169 3777/3777/3493 3784/3784/1105
f 3785/3785/1145 3777/3777/3493 3787/3787/1152
f 3788/3788/1165 3777/3777/3493 3786/3786/1169
f 3787/3787/1152 3777/3777/3493 3789/3789/1154
f 3790/3790/1160 3777/3777/3493 3788/3788/1165
f 3789/3789/1154 3777/3777/3493 3790/3790/1160
f 3791/3791/3495 3792/3792/1356 3793/3793/1354
f 3794/3794/3496 3791/3791/3495 3793/3793/1354
f 3792/3792/1356 3791/3791/3495 3795/3795/1360
f 3794/3794/3496 3793/3793/1354 3796/3796/1246
f 3791/3791/3495 3797/3797/3497 3795/3795/1360
f 3798/3798/3498 3795/3795/1360 3797/3797/3497
f 3798/3798/3498 3797/3797/3497 3799/3799/3499
f 3791/3791/3495 3800/3800/3500 3797/3797/3497
f 3791/3791/3495 3794/3794/3496 3800/3800/3500
f 3797/3797/3497 3801/3801/3501 3799/3799/3499
f 3800/3800/3500 3801/3801/3501 3797/3797/3497
f 3799/3799/3499 3801/3801/3501 3802/3802/1373
f 3803/3803/3502 3802/3802/1373 3801/3801/3501
f 3804/3804/1381 3803/3803/3502 3801/3801/3501
f 3800/3800/3500 3804/3804/1381 3801/3801/3501
f 3800/3800/3500 3794/3794/3496 3804/3804/1381
f 3794/3794/3496 3805/3805/3503 3804/3804/1381
f 3805/3805/3503 3794/3794/3496 3806/3806/1391
f 3794/3794/3496 3807/3807/3504 3806/3806/1391
f 3807/3807/3504 3794/3794/3496 3796/3796/1246
f 3808/3808/1397 3806/3806/1391 3807/3807/3504
f 3807/3807/3504 3796/3796/1246 3809/3809/3505
f 3809/3809/3505 3808/3808/1397 3807/3807/3504
f 3796/3796/1246 3810/3810/1240 3809/3809/3505
f 3809/3809/3505 3810/3810/1240 3811/3811/1237
f 3808/3808/1397 3809/3809/3505 3812/3812/3506
f 3813/3813/3507 3809/3809/3505 3811/3811/1237
f 3809/3809/3505 3813/3813/3507 3812/3812/3506
f 3811/3811/1237 3814/3814/3508 3813/3813/3507
f 3812/3812/3506 3813/3813/3507 3815/3815/3509
f 3814/3814/3508 3815/3815/3509 3813/3813/3507
f 3816/3816/3510 3812/3812/3506 3815/3815/3509
f 3814/3814/3508 3817/3817/3511 3815/3815/3509
f 3816/3816/3510 3815/3815/3509 3818/3818/1410
f 3817/3817/3511 3819/3819/3512 3815/3815/3509
f 3815/3815/3509 3819/3819/3512 3818/3818/1410
f 3819/3819/3512 3817/3817/3511 3820/3820/3513
f 3818/3818/1410 3819/3819/3512 3821/3821/3514
f 3821/3821/3514 3819/3819/3512 3820/3820/3513
f 3822/3822/1412 3818/3818/1410 3821/3821/3514
f 3820/3820/3513 3823/3823/1204 3821/3821/3514
f 3822/3822/1412 3821/3821/3514 3824/3824/3515
f 3823/3823/1204 3825/3825/3516 3821/3821/3514
f 3821/3821/3514 3825/3825/3516 3824/3824/3515
f 3823/3823/1204 3826/3826/3517 3825/3825/3516
f 3824/3824/3515 3825/3825/3516 3827/3827/3518
f 3826/3826/3517 3827/3827/3518 3825/3825/3516
f 3828/3828/3519 3824/3824/3515 3827/3827/3518
f 3826/3826/3517 3829/3829/3520 3827/3827/3518
f 3828/3828/3519 3827/3827/3518 3830/3830/3521
f 3831/3831/1421 3828/3828/3519 3830/3830/3521
f 3830/3830/3521 3832/3832/3522 3831/3831/1421
f 3833/3833/1195 3832/3832/3522 3830/3830/3521
f 3829/3829/3520 3833/3833/1195 3834/3834/3523
f 3829/3829/3520 3834/3834/3523 3827/3827/3518
f 3834/3834/3523 3833/3833/1195 3830/3830/3521
f 3834/3834/3523 3830/3830/3521 3827/3827/3518
f 3835/3835/1650 3836/3836/3524 3837/3837/1648
f 3836/3836/3524 3838/3838/3525 3837/3837/1648
f 3836/3836/3524 3835/3835/1650 3839/3839/1654
f 3837/3837/1648 3838/3838/3525 3840/3840/1542
f 3841/3841/3526 3836/3836/3524 3839/3839/1654
f 3839/3839/1654 3842/3842/3527 3841/3841/3526
f 3841/3841/3526 3842/3842/3527 3843/3843/3528
f 3844/3844/3529 3836/3836/3524 3841/3841/3526
f 3838/3838/3525 3836/3836/3524 3844/3844/3529
f 3845/3845/3530 3841/3841/3526 3843/3843/3528
f 3845/3845/3530 3844/3844/3529 3841/3841/3526
f 3845/3845/3530 3843/3843/3528 3846/3846/1667
f 3846/3846/1667 3847/3847/1671 3845/3845/3530
f 3847/3847/1671 3848/3848/1675 3845/3845/3530
f 3848/3848/1675 3844/3844/3529 3845/3845/3530
f 3838/3838/3525 3844/3844/3529 3848/3848/1675
f 3849/3849/3531 3838/3838/3525 3848/3848/1675
f 3838/3838/3525 3849/3849/3531 3850/3850/1685
f 3851/3851/3532 3838/3838/3525 3850/3850/1685
f 3838/3838/3525 3851/3851/3532 3840/3840/1542
f 3850/3850/1685 3852/3852/1691 3851/3851/3532
f 3840/3840/1542 3851/3851/3532 3853/3853/3533
f 3852/3852/1691 3853/3853/3533 3851/3851/3532
f 3854/3854/1536 3840/3840/1542 3853/3853/3533
f 3854/3854/1536 3853/3853/3533 3855/3855/1533
f 3853/3853/3533 3852/3852/1691 3856/3856/3534
f 3853/3853/3533 3857/3857/3535 3855/3855/1533
f 3857/3857/3535 3853/3853/3533 3856/3856/3534
f 3858/3858/3536 3855/3855/1533 3857/3857/3535
f 3857/3857/3535 3856/3856/3534 3859/3859/3537
f 3859/3859/3537 3858/3858/3536 3857/3857/3535
f 3856/3856/3534 3860/3860/3538 3859/3859/3537
f 3861/3861/3539 3858/3858/3536 3859/3859/3537
f 3859/3859/3537 3860/3860/3538 3862/3862/1703
f 3863/3863/3540 3861/3861/3539 3859/3859/3537
f 3863/3863/3540 3859/3859/3537 3862/3862/1703
f 3861/3861/3539 3863/3863/3540 3864/3864/3541
f 3863/3863/3540 3862/3862/1703 3865/3865/3542
f 3863/3863/3540 3865/3865/3542 3864/3864/3541
f 3862/3862/1703 3866/3866/1706 3865/3865/3542
f 3867/3867/1500 3864/3864/3541 3865/3865/3542
f 3865/3865/3542 3866/3866/1706 3868/3868/3543
f 3869/3869/3544 3867/3867/1500 3865/3865/3542
f 3869/3869/3544 3865/3865/3542 3868/3868/3543
f 3870/3870/3545 3867/3867/1500 3869/3869/3544
f 3869/3869/3544 3868/3868/3543 3871/3871/3546
f 3871/3871/3546 3870/3870/3545 3869/3869/3544
f 3868/3868/3543 3872/3872/3547 3871/3871/3546
f 3873/3873/3548 3870/3870/3545 3871/3871/3546
f 3871/3871/3546 3872/3872/3547 3874/3874/3549
f 3872/3872/3547 3875/3875/1715 3874/3874/3549
f 3876/3876/3550 3874/3874/3549 3875/3875/1715
f 3876/3876/3550 3877/3877/1490 3874/3874/3549
f 3877/3877/1490 3873/3873/3548 3878/3878/3551
f 3878/3878/3551 3873/3873/3548 3871/3871/3546
f 3877/3877/1490 3878/3878/3551 3874/3874/3549
f 3874/3874/3549 3878/3878/3551 3871/3871/3546
f 3879/3879/3552 3880/3880/3553 3881/3881/467
f 3882/3882/3554 3879/3879/3552 3881/3881/467
f 3881/3881/467 3880/3880/3553 3883/3883/474
f 3884/3884/3555 3879/3879/3552 3882/3882/3554
f 3885/3885/456 3884/3884/3555 3882/3882/3554
f 3880/3880/3553 3886/3886/3556 3883/3883/474
f 3883/3883/474 3886/3886/3556 3887/3887/3557
f 3888/3888/3558 3884/3884/3555 3885/3885/456
f 3889/3889/3559 3888/3888/3558 3885/3885/456
f 3886/3886/3556 3890/3890/3560 3887/3887/3557
f 3887/3887/3557 3890/3890/3560 3891/3891/593
f 3892/3892/3561 3888/3888/3558 3889/3889/3559
f 3893/3893/449 3892/3892/3561 3889/3889/3559
f 3890/3890/3560 3894/3894/3562 3891/3891/593
f 3891/3891/593 3894/3894/3562 3895/3895/595
f 3896/3896/3563 3892/3892/3561 3893/3893/449
f 3897/3897/3564 3896/3896/3563 3893/3893/449
f 3894/3894/3562 3898/3898/3565 3895/3895/595
f 3895/3895/595 3898/3898/3565 3899/3899/598
f 3900/3900/3566 3896/3896/3563 3897/3897/3564
f 3901/3901/3567 3900/3900/3566 3897/3897/3564
f 3898/3898/3565 3902/3902/3568 3899/3899/598
f 3899/3899/598 3902/3902/3568 3903/3903/3569
f 3904/3904/3570 3900/3900/3566 3901/3901/3567
f 3905/3905/446 3904/3904/3570 3901/3901/3567
f 3902/3902/3568 3906/3906/3571 3903/3903/3569
f 3903/3903/3569 3906/3906/3571 3907/3907/168
f 3908/3908/3572 3904/3904/3570 3905/3905/446
f 3909/3909/107 3908/3908/3572 3905/3905/446
f 3906/3906/3571 3910/3910/3573 3907/3907/168
f 3907/3907/168 3910/3910/3573 3911/3911/3574
f 3912/3912/3575 3908/3908/3572 3909/3909/107
f 3913/3913/3576 3912/3912/3575 3909/3909/107
f 3910/3910/3573 3914/3914/3577 3911/3911/3574
f 3911/3911/3574 3914/3914/3577 3915/3915/160
f 3916/3916/3578 3912/3912/3575 3913/3913/3576
f 3917/3917/116 3916/3916/3578 3913/3913/3576
f 3914/3914/3577 3918/3918/3579 3915/3915/160
f 3915/3915/160 3918/3918/3579 3919/3919/154
f 3920/3920/3580 3916/3916/3578 3917/3917/116
f 3921/3921/3581 3920/3920/3580 3917/3917/116
f 3918/3918/3579 3922/3922/3582 3919/3919/154
f 3919/3919/154 3922/3922/3582 3923/3923/3583
f 3924/3924/3584 3920/3920/3580 3921/3921/3581
f 3925/3925/124 3924/3924/3584 3921/3921/3581
f 3922/3922/3582 3926/3926/3585 3923/3923/3583
f 3923/3923/3583 3926/3926/3585 3927/3927/142
f 3928/3928/3586 3924/3924/3584 3925/3925/124
f 3929/3929/3587 3928/3928/3586 3925/3925/124
f 3926/3926/3585 3930/3930/3588 3927/3927/142
f 3927/3927/142 3930/3930/3588 3931/3931/139
f 3932/3932/3589 3928/3928/3586 3929/3929/3587
f 3933/3933/135 3932/3932/3589 3929/3929/3587
f 3931/3931/139 3934/3934/3590 3933/3933/135
f 3930/3930/3588 3934/3934/3590 3931/3931/139
f 3934/3934/3590 3932/3932/3589 3933/3933/135
f 3924/3924/3584 3935/3935/3591 3920/3920/3580
f 3928/3928/3586 3936/3936/3592 3924/3924/3584
f 3936/3936/3592 3935/3935/3591 3924/3924/3584
f 3932/3932/3589 3937/3937/3593 3928/3928/3586
f 3937/3937/3593 3936/3936/3592 3928/3928/3586
f 3934/3934/3590 3938/3938/3594 3932/3932/3589
f 3938/3938/3594 3937/3937/3593 3932/3932/3589
f 3930/3930/3588 3939/3939/3595 3934/3934/3590
f 3939/3939/3595 3938/3938/3594 3934/3934/3590
f 3926/3926/3585 3940/3940/3596 3930/3930/3588
f 3940/3940/3596 3939/3939/3595 3930/3930/3588
f 3935/3935/3591 3941/3941/3597 3920/3920/3580
f 3920/3920/3580 3941/3941/3597 3916/3916/3578
f 3942/3942/3598 3940/3940/3596 3926/3926/3585
f 3922/3922/3582 3942/3942/3598 3926/3926/3585
f 3941/3941/3597 3943/3943/3599 3916/3916/3578
f 3916/3916/3578 3943/3943/3599 3912/3912/3575
f 3944/3944/3600 3942/3942/3598 3922/3922/3582
f 3918/3918/3579 3944/3944/3600 3922/3922/3582
f 3943/3943/3599 3945/3945/3601 3912/3912/3575
f 3912/3912/3575 3945/3945/3601 3908/3908/3572
f 3946/3946/3602 3944/3944/3600 3918/3918/3579
f 3914/3914/3577 3946/3946/3602 3918/3918/3579
f 3945/3945/3601 3947/3947/3603 3908/3908/3572
f 3908/3908/3572 3947/3947/3603 3904/3904/3570
f 3948/3948/3604 3946/3946/3602 3914/3914/3577
f 3910/3910/3573 3948/3948/3604 3914/3914/3577
f 3947/3947/3603 3949/3949/3605 3904/3904/3570
f 3904/3904/3570 3949/3949/3605 3900/3900/3566
f 3950/3950/3606 3948/3948/3604 3910/3910/3573
f 3906/3906/3571 3950/3950/3606 3910/3910/3573
f 3949/3949/3605 3951/3951/3607 3900/3900/3566
f 3900/3900/3566 3951/3951/3607 3896/3896/3563
f 3952/3952/3608 3950/3950/3606 3906/3906/3571
f 3902/3902/3568 3952/3952/3608 3906/3906/3571
f 3951/3951/3607 3953/3953/3609 3896/3896/3563
f 3896/3896/3563 3953/3953/3609 3892/3892/3561
f 3954/3954/3610 3952/3952/3608 3902/3902/3568
f 3898/3898/3565 3954/3954/3610 3902/3902/3568
f 3953/3953/3609 3955/3955/3611 3892/3892/3561
f 3892/3892/3561 3955/3955/3611 3888/3888/3558
f 3956/3956/3612 3954/3954/3610 3898/3898/3565
f 3894/3894/3562 3956/3956/3612 3898/3898/3565
f 3955/3955/3611 3957/3957/3613 3888/3888/3558
f 3888/3888/3558 3957/3957/3613 3884/3884/3555
f 3958/3958/3614 3956/3956/3612 3894/3894/3562
f 3890/3890/3560 3958/3958/3614 3894/3894/3562
f 3957/3957/3613 3959/3959/3615 3884/3884/3555
f 3884/3884/3555 3959/3959/3615 3879/3879/3552
f 3960/3960/3616 3958/3958/3614 3890/3890/3560
f 3886/3886/3556 3960/3960/3616 3890/3890/3560
f 3959/3959/3615 3961/3961/3617 3879/3879/3552
f 3879/3879/3552 3961/3961/3617 3880/3880/3553
f 3880/3880/3553 3962/3962/3618 3886/3886/3556
f 3962/3962/3618 3960/3960/3616 3886/3886/3556
f 3961/3961/3617 3962/3962/3618 3880/3880/3553
f 3963/3963/3619 3957/3957/3613 3955/3955/3611
f 3964/3964/3620 3959/3959/3615 3957/3957/3613
f 3963/3963/3619 3964/3964/3620 3957/3957/3613
f 3965/3965/3621 3961/3961/3617 3959/3959/3615
f 3964/3964/3620 3965/3965/3621 3959/3959/3615
f 3966/3966/3622 3962/3962/3618 3961/3961/3617
f 3965/3965/3621 3966/3966/3622 3961/3961/3617
f 3967/3967/3623 3960/3960/3616 3962/3962/3618
f 3966/3966/3622 3967/3967/3623 3962/3962/3618
f 3968/3968/3624 3958/3958/3614 3960/3960/3616
f 3967/3967/3623 3968/3968/3624 3960/3960/3616
f 3969/3969/3625 3963/3963/3619 3955/3955/3611
f 3969/3969/3625 3955/3955/3611 3953/3953/3609
f 3968/3968/3624 3970/3970/3626 3958/3958/3614
f 3970/3970/3626 3956/3956/3612 3958/3958/3614
f 3971/3971/3627 3969/3969/3625 3953/3953/3609
f 3971/3971/3627 3953/3953/3609 3951/3951/3607
f 3970/3970/3626 3972/3972/3628 3956/3956/3612
f 3972/3972/3628 3954/3954/3610 3956/3956/3612
f 3973/3973/3629 3971/3971/3627 3951/3951/3607
f 3973/3973/3629 3951/3951/3607 3949/3949/3605
f 3972/3972/3628 3974/3974/3630 3954/3954/3610
f 3974/3974/3630 3952/3952/3608 3954/3954/3610
f 3975/3975/3631 3973/3973/3629 3949/3949/3605
f 3975/3975/3631 3949/3949/3605 3947/3947/3603
f 3974/3974/3630 3976/3976/3632 3952/3952/3608
f 3976/3976/3632 3950/3950/3606 3952/3952/3608
f 3977/3977/3633 3975/3975/3631 3947/3947/3603
f 3977/3977/3633 3947/3947/3603 3945/3945/3601
f 3976/3976/3632 3978/3978/3634 3950/3950/3606
f 3978/3978/3634 3948/3948/3604 3950/3950/3606
f 3979/3979/3635 3977/3977/3633 3945/3945/3601
f 3979/3979/3635 3945/3945/3601 3943/3943/3599
f 3978/3978/3634 3980/3980/3636 3948/3948/3604
f 3980/3980/3636 3946/3946/3602 3948/3948/3604
f 3981/3981/3637 3979/3979/3635 3943/3943/3599
f 3981/3981/3637 3943/3943/3599 3941/3941/3597
f 3980/3980/3636 3982/3982/3638 3946/3946/3602
f 3982/3982/3638 3944/3944/3600 3946/3946/3602
f 3983/3983/3639 3981/3981/3637 3941/3941/3597
f 3983/3983/3639 3941/3941/3597 3935/3935/3591
f 3982/3982/3638 3984/3984/3640 3944/3944/3600
f 3984/3984/3640 3942/3942/3598 3944/3944/3600
f 3985/3985/3641 3983/3983/3639 3935/3935/3591
f 3985/3985/3641 3935/3935/3591 3936/3936/3592
f 3984/3984/3640 3986/3986/3642 3942/3942/3598
f 3986/3986/3642 3940/3940/3596 3942/3942/3598
f 3987/3987/3643 3985/3985/3641 3936/3936/3592
f 3987/3987/3643 3936/3936/3592 3937/3937/3593
f 3986/3986/3642 3988/3988/3644 3940/3940/3596
f 3988/3988/3644 3939/3939/3595 3940/3940/3596
f 3989/3989/3645 3987/3987/3643 3937/3937/3593
f 3989/3989/3645 3937/3937/3593 3938/3938/3594
f 3990/3990/3646 3938/3938/3594 3939/3939/3595
f 3988/3988/3644 3990/3990/3646 3939/3939/3595
f 3990/3990/3646 3989/3989/3645 3938/3938/3594
f 3985/3985/3641 3991/3991/3647 3983/3983/3639
f 3987/3987/3643 3992/3992/3648 3985/3985/3641
f 3992/3992/3648 3991/3991/3647 3985/3985/3641
f 3989/3989/3645 3993/3993/3649 3987/3987/3643
f 3993/3993/3649 3992/3992/3648 3987/3987/3643
f 3992/3992/3648 3994/3994/3650 3991/3991/3647
f 3993/3993/3649 3994/3994/3650 3992/3992/3648
f 3991/3991/3647 3994/3994/3650 3995/3995/3651
f 3991/3991/3647 3995/3995/3651 3983/3983/3639
f 3996/3996/3652 3994/3994/3650 3993/3993/3649
f 3996/3996/3652 3993/3993/3649 3989/3989/3645
f 3990/3990/3646 3996/3996/3652 3989/3989/3645
f 3983/3983/3639 3995/3995/3651 3981/3981/3637
f 3997/3997/3653 3996/3996/3652 3990/3990/3646
f 3988/3988/3644 3997/3997/3653 3990/3990/3646
f 3997/3997/3653 3994/3994/3650 3996/3996/3652
f 3995/3995/3651 3998/3998/3654 3981/3981/3637
f 3995/3995/3651 3994/3994/3650 3998/3998/3654
f 3981/3981/3637 3998/3998/3654 3979/3979/3635
f 3999/3999/3655 3997/3997/3653 3988/3988/3644
f 3999/3999/3655 3994/3994/3650 3997/3997/3653
f 3986/3986/3642 3999/3999/3655 3988/3988/3644
f 3998/3998/3654 4000/4000/3656 3979/3979/3635
f 3998/3998/3654 3994/3994/3650 4000/4000/3656
f 3979/3979/3635 4000/4000/3656 3977/3977/3633
f 4001/4001/3657 3999/3999/3655 3986/3986/3642
f 4001/4001/3657 3994/3994/3650 3999/3999/3655
f 3984/3984/3640 4001/4001/3657 3986/3986/3642
f 4000/4000/3656 4002/4002/1 3977/3977/3633
f 4000/4000/3656 3994/3994/3650 4002/4002/1
f 3977/3977/3633 4002/4002/1 3975/3975/3631
f 4003/4003/3658 3994/3994/3650 4001/4001/3657
f 4003/4003/3658 4001/4001/3657 3984/3984/3640
f 4004/4004/3659 3994/3994/3650 4003/4003/3658
f 3982/3982/3638 4003/4003/3658 3984/3984/3640
f 4004/4004/3659 4003/4003/3658 3982/3982/3638
f 4002/4002/1 4005/4005/3660 3975/3975/3631
f 3980/3980/3636 4004/4004/3659 3982/3982/3638
f 3975/3975/3631 4005/4005/3660 3973/3973/3629
f 4006/4006/3661 4004/4004/3659 3980/3980/3636
f 4006/4006/3661 3994/3994/3650 4004/4004/3659
f 3978/3978/3634 4006/4006/3661 3980/3980/3636
f 4005/4005/3660 4007/4007/3662 3973/3973/3629
f 4005/4005/3660 3994/3994/3650 4007/4007/3662
f 3973/3973/3629 4007/4007/3662 3971/3971/3627
f 4008/4008/3663 4006/4006/3661 3978/3978/3634
f 4008/4008/3663 3994/3994/3650 4006/4006/3661
f 3976/3976/3632 4008/4008/3663 3978/3978/3634
f 4007/4007/3662 4009/4009/3664 3971/3971/3627
f 4007/4007/3662 3994/3994/3650 4009/4009/3664
f 3971/3971/3627 4009/4009/3664 3969/3969/3625
f 4010/4010/3665 4008/4008/3663 3976/3976/3632
f 4010/4010/3665 3994/3994/3650 4008/4008/3663
f 3974/3974/3630 4010/4010/3665 3976/3976/3632
f 4009/4009/3664 4011/4011/3666 3969/3969/3625
f 4009/4009/3664 3994/3994/3650 4011/4011/3666
f 4012/4012/3667 3994/3994/3650 4010/4010/3665
f 4012/4012/3667 4010/4010/3665 3974/3974/3630
f 4011/4011/3666 3994/3994/3650 4013/4013/3668
f 3969/3969/3625 4011/4011/3666 3963/3963/3619
f 4011/4011/3666 4013/4013/3668 3963/3963/3619
f 3972/3972/3628 4012/4012/3667 3974/3974/3630
f 3963/3963/3619 4013/4013/3668 3964/3964/3620
f 4014/4014/3669 4012/4012/3667 3972/3972/3628
f 4014/4014/3669 3994/3994/3650 4012/4012/3667
f 3970/3970/3626 4014/4014/3669 3972/3972/3628
f 4013/4013/3668 4015/4015/3670 3964/3964/3620
f 4013/4013/3668 3994/3994/3650 4015/4015/3670
f 3964/3964/3620 4015/4015/3670 3965/3965/3621
f 4016/4016/3671 4014/4014/3669 3970/3970/3626
f 4016/4016/3671 3994/3994/3650 4014/4014/3669
f 3968/3968/3624 4016/4016/3671 3970/3970/3626
f 4015/4015/3670 4017/4017/3672 3965/3965/3621
f 4015/4015/3670 3994/3994/3650 4017/4017/3672
f 3965/3965/3621 4017/4017/3672 3966/3966/3622
f 4018/4018/3673 4016/4016/3671 3968/3968/3624
f 4018/4018/3673 3994/3994/3650 4016/4016/3671
f 3967/3967/3623 4018/4018/3673 3968/3968/3624
f 4017/4017/3672 4019/4019/3674 3966/3966/3622
f 4017/4017/3672 3994/3994/3650 4019/4019/3674
f 4019/4019/3674 3994/3994/3650 4018/4018/3673
f 4019/4019/3674 4018/4018/3673 3967/3967/3623
f 3966/3966/3622 4019/4019/3674 3967/3967/3623
f 4020/4020/3675 4021/4021/3676 4022/4022/3677
f 4023/4023/3678 4020/4020/3675 4022/4022/3677
f 4023/4023/3678 4022/4022/3677 4024/4024/3679
f 4020/4020/3675 4023/4023/3678 4025/4025/3680
f 4026/4026/3681 4020/4020/3675 4025/4025/3680
f 4027/4027/3682 4023/4023/3678 4024/4024/3679
f 4024/4024/3679 4028/4028/3683 4027/4027/3682
f 4025/4025/3680 4023/4023/3678 4029/4029/3684
f 4023/4023/3678 4027/4027/3682 4029/4029/3684
f 4026/4026/3681 4025/4025/3680 4030/4030/3685
f 4031/4031/3686 4026/4026/3681 4030/4030/3685
f 4028/4028/3683 4032/4032/3687 4027/4027/3682
f 4028/4028/3683 4033/4033/3688 4032/4032/3687
f 4029/4029/3684 4027/4027/3682 4034/4034/3689
f 4027/4027/3682 4032/4032/3687 4034/4034/3689
f 4029/4029/3684 4035/4035/3690 4025/4025/3680
f 4035/4035/3690 4030/4030/3685 4025/4025/3680
f 4031/4031/3686 4030/4030/3685 4036/4036/3691
f 4037/4037/3692 4031/4031/3686 4036/4036/3691
f 4033/4033/3688 4038/4038/3693 4032/4032/3687
f 4033/4033/3688 4039/4039/3694 4038/4038/3693
f 4032/4032/3687 4038/4038/3693 4040/4040/3695
f 4034/4034/3689 4032/4032/3687 4040/4040/3695
f 4039/4039/3694 4041/4041/3696 4038/4038/3693
f 4040/4040/3695 4038/4038/3693 4041/4041/3696
f 4039/4039/3694 4042/4042/3697 4041/4041/3696
f 4029/4029/3684 4034/4034/3689 4043/4043/3698
f 4035/4035/3690 4029/4029/3684 4043/4043/3698
f 4030/4030/3685 4035/4035/3690 4044/4044/3699
f 4036/4036/3691 4030/4030/3685 4044/4044/3699
f 4037/4037/3692 4036/4036/3691 4045/4045/3700
f 4046/4046/3701 4037/4037/3692 4045/4045/3700
f 4034/4034/3689 4040/4040/3695 4047/4047/3702
f 4043/4043/3698 4034/4034/3689 4047/4047/3702
f 4035/4035/3690 4043/4043/3698 4048/4048/3703
f 4044/4044/3699 4035/4035/3690 4048/4048/3703
f 4036/4036/3691 4044/4044/3699 4049/4049/3704
f 4045/4045/3700 4036/4036/3691 4049/4049/3704
f 4046/4046/3701 4045/4045/3700 4050/4050/3705
f 4051/4051/3706 4046/4046/3701 4050/4050/3705
f 4051/4051/3706 4050/4050/3705 4052/4052/3707
f 4053/4053/3708 4051/4051/3706 4052/4052/3707
f 4054/4054/3709 4053/4053/3708 4052/4052/3707
f 4050/4050/3705 4045/4045/3700 4055/4055/3710
f 4045/4045/3700 4049/4049/3704 4055/4055/3710
f 4052/4052/3707 4050/4050/3705 4055/4055/3710
f 4049/4049/3704 4044/4044/3699 4056/4056/3711
f 4044/4044/3699 4048/4048/3703 4056/4056/3711
f 4048/4048/3703 4043/4043/3698 4057/4057/3712
f 4043/4043/3698 4047/4047/3702 4057/4057/3712
f 4058/4058/3713 4054/4054/3709 4052/4052/3707
f 4059/4059/3714 4054/4054/3709 4058/4058/3713
f 4060/4060/3715 4059/4059/3714 4058/4058/3713
f 4061/4061/3716 4059/4059/3714 4060/4060/3715
f 4062/4062/3717 4055/4055/3710 4049/4049/3704
f 4056/4056/3711 4062/4062/3717 4049/4049/3704
f 4056/4056/3711 4048/4048/3703 4063/4063/3718
f 4048/4048/3703 4057/4057/3712 4063/4063/3718
f 4058/4058/3713 4052/4052/3707 4064/4064/3719
f 4058/4058/3713 4064/4064/3719 4060/4060/3715
f 4052/4052/3707 4065/4065/3720 4064/4064/3719
f 4064/4064/3719 4066/4066/3721 4060/4060/3715
f 4067/4067/3722 4065/4065/3720 4052/4052/3707
f 4067/4067/3722 4052/4052/3707 4055/4055/3710
f 4060/4060/3715 4066/4066/3721 4068/4068/3723
f 4069/4069/3724 4061/4061/3716 4060/4060/3715
f 4069/4069/3724 4060/4060/3715 4068/4068/3723
f 4070/4070/3725 4061/4061/3716 4069/4069/3724
f 4068/4068/3723 4071/4071/3726 4069/4069/3724
f 4071/4071/3726 4070/4070/3725 4069/4069/3724
f 4067/4067/3722 4055/4055/3710 4072/4072/3727
f 4055/4055/3710 4062/4062/3717 4072/4072/3727
f 4067/4067/3722 4072/4072/3727 4073/4073/3728
f 4072/4072/3727 4062/4062/3717 4074/4074/3729
f 4072/4072/3727 4074/4074/3729 4073/4073/3728
f 4062/4062/3717 4075/4075/3730 4074/4074/3729
f 4062/4062/3717 4056/4056/3711 4075/4075/3730
f 4056/4056/3711 4063/4063/3718 4075/4075/3730
f 4074/4074/3729 4076/4076/3731 4073/4073/3728
f 4073/4073/3728 4076/4076/3731 4077/4077/3732
f 4078/4078/3733 4077/4077/3732 4076/4076/3731
f 4077/4077/3732 4078/4078/3733 4079/4079/3734
f 4076/4076/3731 4074/4074/3729 4080/4080/3735
f 4080/4080/3735 4078/4078/3733 4076/4076/3731
f 4074/4074/3729 4075/4075/3730 4081/4081/3736
f 4074/4074/3729 4081/4081/3736 4080/4080/3735
f 4082/4082/3737 4075/4075/3730 4063/4063/3718
f 4075/4075/3730 4082/4082/3737 4081/4081/3736
f 4083/4083/3738 4079/4079/3734 4078/4078/3733
f 4083/4083/3738 4084/4084/3739 4079/4079/3734
f 4078/4078/3733 4080/4080/3735 4085/4085/3740
f 4085/4085/3740 4083/4083/3738 4078/4078/3733
f 4080/4080/3735 4081/4081/3736 4086/4086/3741
f 4080/4080/3735 4086/4086/3741 4085/4085/3740
f 4087/4087/3742 4083/4083/3738 4085/4085/3740
f 4087/4087/3742 4085/4085/3740 4086/4086/3741
f 4083/4083/3738 4088/4088/3743 4084/4084/3739
f 4088/4088/3743 4083/4083/3738 4087/4087/3742
f 4081/4081/3736 4089/4089/3744 4086/4086/3741
f 4081/4081/3736 4082/4082/3737 4089/4089/3744
f 4090/4090/3745 4082/4082/3737 4063/4063/3718
f 4063/4063/3718 4057/4057/3712 4090/4090/3745
f 4091/4091/3746 4087/4087/3742 4086/4086/3741
f 4086/4086/3741 4089/4089/3744 4091/4091/3746
f 4082/4082/3737 4092/4092/3747 4089/4089/3744
f 4082/4082/3737 4090/4090/3745 4092/4092/3747
f 4088/4088/3743 4093/4093/3748 4084/4084/3739
f 4094/4094/3749 4084/4084/3739 4093/4093/3748
f 4095/4095/3750 4088/4088/3743 4087/4087/3742
f 4095/4095/3750 4087/4087/3742 4091/4091/3746
f 4057/4057/3712 4096/4096/3751 4090/4090/3745
f 4057/4057/3712 4047/4047/3702 4096/4096/3751
f 4097/4097/3752 4089/4089/3744 4092/4092/3747
f 4089/4089/3744 4097/4097/3752 4091/4091/3746
f 4093/4093/3748 4088/4088/3743 4098/4098/3753
f 4095/4095/3750 4098/4098/3753 4088/4088/3743
f 4047/4047/3702 4099/4099/3754 4096/4096/3751
f 4047/4047/3702 4040/4040/3695 4099/4099/3754
f 4040/4040/3695 4100/4100/3755 4099/4099/3754
f 4100/4100/3755 4040/4040/3695 4041/4041/3696
f 4100/4100/3755 4101/4101/3756 4099/4099/3754
f 4100/4100/3755 4041/4041/3696 4101/4101/3756
f 4099/4099/3754 4102/4102/3757 4096/4096/3751
f 4101/4101/3756 4102/4102/3757 4099/4099/3754
f 4041/4041/3696 4103/4103/3758 4101/4101/3756
f 4042/4042/3697 4103/4103/3758 4041/4041/3696
f 4102/4102/3757 4104/4104/3759 4096/4096/3751
f 4096/4096/3751 4104/4104/3759 4090/4090/3745
f 4104/4104/3759 4105/4105/3760 4090/4090/3745
f 4090/4090/3745 4105/4105/3760 4092/4092/3747
f 4092/4092/3747 4105/4105/3760 4106/4106/3761
f 4106/4106/3761 4097/4097/3752 4092/4092/3747
f 4105/4105/3760 4104/4104/3759 4107/4107/3762
f 4105/4105/3760 4107/4107/3762 4106/4106/3761
f 4104/4104/3759 4102/4102/3757 4108/4108/3763
f 4104/4104/3759 4108/4108/3763 4107/4107/3762
f 4102/4102/3757 4101/4101/3756 4109/4109/3764
f 4102/4102/3757 4109/4109/3764 4108/4108/3763
f 4097/4097/3752 4106/4106/3761 4110/4110/3765
f 4110/4110/3765 4091/4091/3746 4097/4097/3752
f 4106/4106/3761 4107/4107/3762 4111/4111/3766
f 4106/4106/3761 4111/4111/3766 4110/4110/3765
f 4107/4107/3762 4108/4108/3763 4112/4112/3767
f 4107/4107/3762 4112/4112/3767 4111/4111/3766
f 4091/4091/3746 4110/4110/3765 4113/4113/3768
f 4113/4113/3768 4095/4095/3750 4091/4091/3746
f 4114/4114/3769 4110/4110/3765 4111/4111/3766
f 4110/4110/3765 4114/4114/3769 4113/4113/3768
f 4113/4113/3768 4115/4115/3770 4095/4095/3750
f 4113/4113/3768 4114/4114/3769 4115/4115/3770
f 4115/4115/3770 4098/4098/3753 4095/4095/3750
f 4116/4116/3771 4114/4114/3769 4111/4111/3766
f 4111/4111/3766 4112/4112/3767 4116/4116/3771
f 4108/4108/3763 4117/4117/3772 4112/4112/3767
f 4108/4108/3763 4109/4109/3764 4117/4117/3772
f 4114/4114/3769 4118/4118/3773 4115/4115/3770
f 4114/4114/3769 4116/4116/3771 4118/4118/3773
f 4115/4115/3770 4119/4119/3774 4098/4098/3753
f 4119/4119/3774 4115/4115/3770 4118/4118/3773
f 4117/4117/3772 4120/4120/3775 4112/4112/3767
f 4112/4112/3767 4120/4120/3775 4116/4116/3771
f 4098/4098/3753 4119/4119/3774 4121/4121/3776
f 4121/4121/3776 4093/4093/3748 4098/4098/3753
f 4093/4093/3748 4121/4121/3776 4122/4122/3777
f 4122/4122/3777 4094/4094/3749 4093/4093/3748
f 4094/4094/3749 4122/4122/3777 4123/4123/3778
f 4124/4124/3779 4094/4094/3749 4123/4123/3778
f 4123/4123/3778 4125/4125/3780 4124/4124/3779
f 4125/4125/3780 4126/4126/3781 4124/4124/3779
f 4127/4127/3782 4126/4126/3781 4125/4125/3780
f 4128/4128/3783 4127/4127/3782 4125/4125/3780
f 4129/4129/3784 4127/4127/3782 4128/4128/3783
f 4130/4130/3785 4129/4129/3784 4128/4128/3783
f 4131/4131/3786 4129/4129/3784 4130/4130/3785
f 4121/4121/3776 4132/4132/3787 4122/4122/3777
f 4123/4123/3778 4122/4122/3777 4133/4133/3788
f 4122/4122/3777 4132/4132/3787 4133/4133/3788
f 4121/4121/3776 4134/4134/3789 4132/4132/3787
f 4119/4119/3774 4134/4134/3789 4121/4121/3776
f 4135/4135/3790 4125/4125/3780 4123/4123/3778
f 4133/4133/3788 4135/4135/3790 4123/4123/3778
f 4133/4133/3788 4132/4132/3787 4136/4136/3791
f 4134/4134/3789 4136/4136/3791 4132/4132/3787
f 4133/4133/3788 4137/4137/3792 4135/4135/3790
f 4137/4137/3792 4133/4133/3788 4136/4136/3791
f 4138/4138/3793 4131/4131/3786 4130/4130/3785
f 4130/4130/3785 4128/4128/3783 4139/4139/3794
f 4130/4130/3785 4139/4139/3794 4138/4138/3793
f 4138/4138/3793 4140/4140/3795 4131/4131/3786
f 4140/4140/3795 4141/4141/3796 4131/4131/3786
f 4139/4139/3794 4142/4142/3797 4138/4138/3793
f 4140/4140/3795 4138/4138/3793 4142/4142/3797
f 4140/4140/3795 4143/4143/3798 4141/4141/3796
f 4143/4143/3798 4144/4144/3799 4141/4141/3796
f 4143/4143/3798 4145/4145/3800 4144/4144/3799
f 4145/4145/3800 4146/4146/3801 4144/4144/3799
f 4147/4147/3802 4146/4146/3801 4145/4145/3800
f 4128/4128/3783 4148/4148/3803 4139/4139/3794
f 4139/4139/3794 4149/4149/3804 4142/4142/3797
f 4149/4149/3804 4139/4139/3794 4148/4148/3803
f 4140/4140/3795 4142/4142/3797 4150/4150/3805
f 4149/4149/3804 4150/4150/3805 4142/4142/3797
f 4143/4143/3798 4140/4140/3795 4151/4151/3806
f 4151/4151/3806 4140/4140/3795 4150/4150/3805
f 4152/4152/3807 4148/4148/3803 4128/4128/3783
f 4125/4125/3780 4152/4152/3807 4128/4128/3783
f 4153/4153/3808 4152/4152/3807 4125/4125/3780
f 4135/4135/3790 4153/4153/3808 4125/4125/3780
f 4152/4152/3807 4154/4154/3809 4148/4148/3803
f 4154/4154/3809 4152/4152/3807 4153/4153/3808
f 4155/4155/3810 4149/4149/3804 4148/4148/3803
f 4154/4154/3809 4155/4155/3810 4148/4148/3803
f 4149/4149/3804 4156/4156/3811 4150/4150/3805
f 4156/4156/3811 4149/4149/3804 4155/4155/3810
f 4151/4151/3806 4150/4150/3805 4157/4157/3812
f 4156/4156/3811 4157/4157/3812 4150/4150/3805
f 4151/4151/3806 4158/4158/3813 4143/4143/3798
f 4158/4158/3813 4151/4151/3806 4157/4157/3812
f 4135/4135/3790 4159/4159/3814 4153/4153/3808
f 4137/4137/3792 4159/4159/3814 4135/4135/3790
f 4158/4158/3813 4160/4160/3815 4143/4143/3798
f 4145/4145/3800 4143/4143/3798 4160/4160/3815
f 4161/4161/3816 4156/4156/3811 4155/4155/3810
f 4156/4156/3811 4162/4162/3817 4157/4157/3812
f 4156/4156/3811 4161/4161/3816 4162/4162/3817
f 4157/4157/3812 4163/4163/3818 4158/4158/3813
f 4162/4162/3817 4163/4163/3818 4157/4157/3812
f 4158/4158/3813 4164/4164/3819 4160/4160/3815
f 4163/4163/3818 4164/4164/3819 4158/4158/3813
f 4160/4160/3815 4165/4165/3820 4145/4145/3800
f 4164/4164/3819 4165/4165/3820 4160/4160/3815
f 4145/4145/3800 4165/4165/3820 4166/4166/3821
f 4147/4147/3802 4145/4145/3800 4166/4166/3821
f 4164/4164/3819 4167/4167/3822 4165/4165/3820
f 4167/4167/3822 4166/4166/3821 4165/4165/3820
f 4163/4163/3818 4168/4168/3823 4164/4164/3819
f 4168/4168/3823 4167/4167/3822 4164/4164/3819
f 4162/4162/3817 4169/4169/3824 4163/4163/3818
f 4169/4169/3824 4168/4168/3823 4163/4163/3818
f 4170/4170/3825 4161/4161/3816 4155/4155/3810
f 4154/4154/3809 4170/4170/3825 4155/4155/3810
f 4161/4161/3816 4171/4171/3826 4162/4162/3817
f 4162/4162/3817 4171/4171/3826 4169/4169/3824
f 4170/4170/3825 4172/4172/3827 4161/4161/3816
f 4172/4172/3827 4171/4171/3826 4161/4161/3816
f 4170/4170/3825 4154/4154/3809 4173/4173/3828
f 4172/4172/3827 4170/4170/3825 4173/4173/3828
f 4154/4154/3809 4174/4174/3829 4173/4173/3828
f 4174/4174/3829 4154/4154/3809 4153/4153/3808
f 4174/4174/3829 4153/4153/3808 4175/4175/3830
f 4159/4159/3814 4175/4175/3830 4153/4153/3808
f 4176/4176/3831 4174/4174/3829 4175/4175/3830
f 4173/4173/3828 4174/4174/3829 4176/4176/3831
f 4177/4177/3832 4175/4175/3830 4159/4159/3814
f 4175/4175/3830 4177/4177/3832 4176/4176/3831
f 4178/4178/3833 4177/4177/3832 4159/4159/3814
f 4178/4178/3833 4159/4159/3814 4137/4137/3792
f 4171/4171/3826 4179/4179/3834 4169/4169/3824
f 4172/4172/3827 4180/4180/3835 4171/4171/3826
f 4180/4180/3835 4179/4179/3834 4171/4171/3826
f 4181/4181/3836 4172/4172/3827 4173/4173/3828
f 4180/4180/3835 4172/4172/3827 4181/4181/3836
f 4182/4182/3837 4173/4173/3828 4176/4176/3831
f 4173/4173/3828 4182/4182/3837 4181/4181/3836
f 4182/4182/3837 4183/4183/3838 4181/4181/3836
f 4181/4181/3836 4183/4183/3838 4184/4184/3839
f 4184/4184/3839 4180/4180/3835 4181/4181/3836
f 4176/4176/3831 4185/4185/3840 4182/4182/3837
f 4177/4177/3832 4185/4185/3840 4176/4176/3831
f 4186/4186/3841 4169/4169/3824 4179/4179/3834
f 4169/4169/3824 4186/4186/3841 4168/4168/3823
f 4180/4180/3835 4187/4187/3842 4179/4179/3834
f 4187/4187/3842 4180/4180/3835 4184/4184/3839
f 4183/4183/3838 4182/4182/3837 4188/4188/3843
f 4185/4185/3840 4188/4188/3843 4182/4182/3837
f 4186/4186/3841 4189/4189/3844 4168/4168/3823
f 4168/4168/3823 4189/4189/3844 4167/4167/3822
f 4190/4190/3845 4186/4186/3841 4179/4179/3834
f 4187/4187/3842 4190/4190/3845 4179/4179/3834
f 4189/4189/3844 4191/4191/3846 4167/4167/3822
f 4167/4167/3822 4191/4191/3846 4166/4166/3821
f 4189/4189/3844 4186/4186/3841 4192/4192/3847
f 4192/4192/3847 4186/4186/3841 4190/4190/3845
f 4191/4191/3846 4193/4193/3848 4166/4166/3821
f 4147/4147/3802 4166/4166/3821 4193/4193/3848
f 4191/4191/3846 4189/4189/3844 4194/4194/3849
f 4194/4194/3849 4189/4189/3844 4192/4192/3847
f 4193/4193/3848 4191/4191/3846 4195/4195/3850
f 4195/4195/3850 4191/4191/3846 4194/4194/3849
f 4147/4147/3802 4193/4193/3848 4196/4196/3851
f 4196/4196/3851 4193/4193/3848 4195/4195/3850
f 4190/4190/3845 4187/4187/3842 4197/4197/3852
f 4198/4198/3853 4192/4192/3847 4190/4190/3845
f 4198/4198/3853 4190/4190/3845 4197/4197/3852
f 4194/4194/3849 4192/4192/3847 4199/4199/3854
f 4192/4192/3847 4198/4198/3853 4199/4199/3854
f 4195/4195/3850 4194/4194/3849 4200/4200/3855
f 4200/4200/3855 4194/4194/3849 4199/4199/3854
f 4196/4196/3851 4195/4195/3850 4201/4201/3856
f 4201/4201/3856 4195/4195/3850 4200/4200/3855
f 4196/4196/3851 4202/4202/3857 4147/4147/3802
f 4202/4202/3857 4196/4196/3851 4201/4201/3856
f 4197/4197/3852 4187/4187/3842 4203/4203/3858
f 4203/4203/3858 4187/4187/3842 4184/4184/3839
f 4202/4202/3857 4204/4204/3859 4147/4147/3802
f 4147/4147/3802 4204/4204/3859 4205/4205/3860
f 4205/4205/3860 4204/4204/3859 4206/4206/3861
f 4207/4207/3862 4205/4205/3860 4206/4206/3861
f 4208/4208/3863 4204/4204/3859 4202/4202/3857
f 4204/4204/3859 4208/4208/3863 4206/4206/3861
f 4202/4202/3857 4201/4201/3856 4209/4209/3864
f 4208/4208/3863 4202/4202/3857 4209/4209/3864
f 4201/4201/3856 4200/4200/3855 4210/4210/3865
f 4209/4209/3864 4201/4201/3856 4210/4210/3865
f 4207/4207/3862 4206/4206/3861 4211/4211/3866
f 4212/4212/3867 4207/4207/3862 4211/4211/3866
f 4206/4206/3861 4208/4208/3863 4213/4213/3868
f 4208/4208/3863 4209/4209/3864 4213/4213/3868
f 4206/4206/3861 4213/4213/3868 4211/4211/3866
f 4212/4212/3867 4211/4211/3866 4214/4214/3869
f 4215/4215/3870 4212/4212/3867 4214/4214/3869
f 4216/4216/3871 4215/4215/3870 4214/4214/3869
f 4217/4217/3872 4213/4213/3868 4209/4209/3864
f 4210/4210/3865 4217/4217/3872 4209/4209/3864
f 4218/4218/3873 4211/4211/3866 4213/4213/3868
f 4211/4211/3866 4218/4218/3873 4214/4214/3869
f 4217/4217/3872 4218/4218/3873 4213/4213/3868
f 4219/4219/3874 4216/4216/3871 4214/4214/3869
f 4214/4214/3869 4218/4218/3873 4219/4219/3874
f 4220/4220/3875 4216/4216/3871 4219/4219/3874
f 4218/4218/3873 4217/4217/3872 4221/4221/3876
f 4218/4218/3873 4221/4221/3876 4219/4219/3874
f 4217/4217/3872 4210/4210/3865 4222/4222/3877
f 4217/4217/3872 4222/4222/3877 4221/4221/3876
f 4223/4223/3878 4220/4220/3875 4219/4219/3874
f 4224/4224/3879 4220/4220/3875 4223/4223/3878
f 4221/4221/3876 4225/4225/3880 4219/4219/3874
f 4225/4225/3880 4223/4223/3878 4219/4219/3874
f 4226/4226/3881 4224/4224/3879 4223/4223/3878
f 4223/4223/3878 4225/4225/3880 4226/4226/3881
f 4225/4225/3880 4221/4221/3876 4227/4227/3882
f 4221/4221/3876 4222/4222/3877 4227/4227/3882
f 4210/4210/3865 4228/4228/3883 4222/4222/3877
f 4210/4210/3865 4200/4200/3855 4228/4228/3883
f 4200/4200/3855 4199/4199/3854 4228/4228/3883
f 4222/4222/3877 4228/4228/3883 4229/4229/3884
f 4227/4227/3882 4222/4222/3877 4229/4229/3884
f 4199/4199/3854 4230/4230/3885 4228/4228/3883
f 4230/4230/3885 4229/4229/3884 4228/4228/3883
f 4198/4198/3853 4230/4230/3885 4199/4199/3854
f 4225/4225/3880 4227/4227/3882 4231/4231/3886
f 4225/4225/3880 4231/4231/3886 4226/4226/3881
f 4227/4227/3882 4229/4229/3884 4232/4232/3887
f 4227/4227/3882 4232/4232/3887 4231/4231/3886
f 4230/4230/3885 4198/4198/3853 4233/4233/3888
f 4198/4198/3853 4197/4197/3852 4233/4233/3888
f 4229/4229/3884 4230/4230/3885 4234/4234/3889
f 4229/4229/3884 4234/4234/3889 4232/4232/3887
f 4230/4230/3885 4233/4233/3888 4234/4234/3889
f 4233/4233/3888 4197/4197/3852 4235/4235/3890
f 4235/4235/3890 4197/4197/3852 4203/4203/3858
f 4231/4231/3886 4232/4232/3887 4236/4236/3891
f 4236/4236/3891 4232/4232/3887 4234/4234/3889
f 4234/4234/3889 4233/4233/3888 4237/4237/3892
f 4237/4237/3892 4233/4233/3888 4235/4235/3890
f 4238/4238/3893 4236/4236/3891 4234/4234/3889
f 4238/4238/3893 4234/4234/3889 4237/4237/3892
f 4235/4235/3890 4203/4203/3858 4239/4239/3894
f 4235/4235/3890 4240/4240/3895 4237/4237/3892
f 4240/4240/3895 4235/4235/3890 4239/4239/3894
f 4237/4237/3892 4241/4241/3896 4238/4238/3893
f 4240/4240/3895 4241/4241/3896 4237/4237/3892
f 4236/4236/3891 4238/4238/3893 4242/4242/3897
f 4241/4241/3896 4242/4242/3897 4238/4238/3893
f 4239/4239/3894 4203/4203/3858 4243/4243/3898
f 4203/4203/3858 4184/4184/3839 4243/4243/3898
f 4183/4183/3838 4243/4243/3898 4184/4184/3839
f 4239/4239/3894 4243/4243/3898 4244/4244/3899
f 4244/4244/3899 4243/4243/3898 4183/4183/3838
f 4240/4240/3895 4239/4239/3894 4245/4245/3900
f 4245/4245/3900 4239/4239/3894 4244/4244/3899
f 4241/4241/3896 4240/4240/3895 4246/4246/3901
f 4242/4242/3897 4241/4241/3896 4247/4247/3902
f 4241/4241/3896 4246/4246/3901 4247/4247/3902
f 4248/4248/3903 4240/4240/3895 4245/4245/3900
f 4240/4240/3895 4248/4248/3903 4246/4246/3901
f 4249/4249/3904 4236/4236/3891 4242/4242/3897
f 4250/4250/3905 4242/4242/3897 4247/4247/3902
f 4242/4242/3897 4250/4250/3905 4249/4249/3904
f 4251/4251/3906 4236/4236/3891 4249/4249/3904
f 4251/4251/3906 4231/4231/3886 4236/4236/3891
f 4231/4231/3886 4251/4251/3906 4252/4252/3907
f 4226/4226/3881 4231/4231/3886 4252/4252/3907
f 4253/4253/3908 4251/4251/3906 4249/4249/3904
f 4251/4251/3906 4253/4253/3908 4252/4252/3907
f 4250/4250/3905 4254/4254/3909 4249/4249/3904
f 4249/4249/3904 4254/4254/3909 4253/4253/3908
f 4248/4248/3903 4245/4245/3900 4255/4255/3910
f 4246/4246/3901 4248/4248/3903 4256/4256/3911
f 4248/4248/3903 4255/4255/3910 4256/4256/3911
f 4245/4245/3900 4257/4257/3912 4255/4255/3910
f 4257/4257/3912 4245/4245/3900 4244/4244/3899
f 4226/4226/3881 4252/4252/3907 4258/4258/3913
f 4253/4253/3908 4259/4259/3914 4252/4252/3907
f 4252/4252/3907 4259/4259/3914 4258/4258/3913
f 4260/4260/3915 4226/4226/3881 4258/4258/3913
f 4224/4224/3879 4226/4226/3881 4260/4260/3915
f 4261/4261/3916 4224/4224/3879 4260/4260/3915
f 4260/4260/3915 4262/4262/3917 4261/4261/3916
f 4262/4262/3917 4263/4263/3918 4261/4261/3916
f 4264/4264/3919 4263/4263/3918 4262/4262/3917
f 4258/4258/3913 4265/4265/3920 4260/4260/3915
f 4265/4265/3920 4262/4262/3917 4260/4260/3915
f 4266/4266/3921 4264/4264/3919 4262/4262/3917
f 4262/4262/3917 4265/4265/3920 4266/4266/3921
f 4259/4259/3914 4267/4267/3922 4258/4258/3913
f 4265/4265/3920 4258/4258/3913 4267/4267/3922
f 4264/4264/3919 4266/4266/3921 4268/4268/3923
f 4268/4268/3923 4269/4269/3924 4264/4264/3919
f 4259/4259/3914 4253/4253/3908 4270/4270/3925
f 4267/4267/3922 4259/4259/3914 4271/4271/3926
f 4259/4259/3914 4270/4270/3925 4271/4271/3926
f 4272/4272/3927 4265/4265/3920 4267/4267/3922
f 4272/4272/3927 4267/4267/3922 4271/4271/3926
f 4265/4265/3920 4273/4273/3928 4266/4266/3921
f 4265/4265/3920 4272/4272/3927 4273/4273/3928
f 4266/4266/3921 4274/4274/3929 4268/4268/3923
f 4274/4274/3929 4266/4266/3921 4273/4273/3928
f 4253/4253/3908 4275/4275/3930 4270/4270/3925
f 4254/4254/3909 4275/4275/3930 4253/4253/3908
f 4272/4272/3927 4276/4276/3931 4273/4273/3928
f 4277/4277/3932 4274/4274/3929 4273/4273/3928
f 4273/4273/3928 4276/4276/3931 4277/4277/3932
f 4278/4278/3933 4272/4272/3927 4271/4271/3926
f 4272/4272/3927 4278/4278/3933 4276/4276/3931
f 4268/4268/3923 4274/4274/3929 4279/4279/3934
f 4279/4279/3934 4274/4274/3929 4277/4277/3932
f 4270/4270/3925 4280/4280/3935 4271/4271/3926
f 4275/4275/3930 4281/4281/3936 4270/4270/3925
f 4281/4281/3936 4280/4280/3935 4270/4270/3925
f 4254/4254/3909 4282/4282/3937 4275/4275/3930
f 4282/4282/3937 4281/4281/3936 4275/4275/3930
f 4283/4283/3938 4282/4282/3937 4254/4254/3909
f 4250/4250/3905 4283/4283/3938 4254/4254/3909
f 4281/4281/3936 4282/4282/3937 4284/4284/3939
f 4282/4282/3937 4283/4283/3938 4284/4284/3939
f 4271/4271/3926 4285/4285/3940 4278/4278/3933
f 4280/4280/3935 4285/4285/3940 4271/4271/3926
f 4280/4280/3935 4281/4281/3936 4286/4286/3941
f 4286/4286/3941 4281/4281/3936 4284/4284/3939
f 4287/4287/3942 4283/4283/3938 4250/4250/3905
f 4247/4247/3902 4287/4287/3942 4250/4250/3905
f 4285/4285/3940 4280/4280/3935 4288/4288/3943
f 4288/4288/3943 4280/4280/3935 4286/4286/3941
f 4285/4285/3940 4289/4289/3944 4278/4278/3933
f 4290/4290/3945 4285/4285/3940 4288/4288/3943
f 4289/4289/3944 4285/4285/3940 4290/4290/3945
f 4278/4278/3933 4289/4289/3944 4291/4291/3946
f 4278/4278/3933 4291/4291/3946 4276/4276/3931
f 4276/4276/3931 4291/4291/3946 4292/4292/3947
f 4276/4276/3931 4292/4292/3947 4277/4277/3932
f 4286/4286/3941 4293/4293/3948 4288/4288/3943
f 4288/4288/3943 4294/4294/3949 4290/4290/3945
f 4293/4293/3948 4294/4294/3949 4288/4288/3943
f 4295/4295/3950 4293/4293/3948 4286/4286/3941
f 4284/4284/3939 4295/4295/3950 4286/4286/3941
f 4289/4289/3944 4296/4296/3951 4291/4291/3946
f 4297/4297/3952 4289/4289/3944 4290/4290/3945
f 4296/4296/3951 4289/4289/3944 4297/4297/3952
f 4291/4291/3946 4298/4298/3953 4292/4292/3947
f 4291/4291/3946 4296/4296/3951 4298/4298/3953
f 4294/4294/3949 4299/4299/3954 4290/4290/3945
f 4290/4290/3945 4299/4299/3954 4297/4297/3952
f 4294/4294/3949 4293/4293/3948 4300/4300/3955
f 4293/4293/3948 4295/4295/3950 4301/4301/3956
f 4300/4300/3955 4293/4293/3948 4301/4301/3956
f 4299/4299/3954 4294/4294/3949 4302/4302/3957
f 4302/4302/3957 4294/4294/3949 4300/4300/3955
f 4299/4299/3954 4303/4303/3958 4297/4297/3952
f 4303/4303/3958 4299/4299/3954 4304/4304/3959
f 4304/4304/3959 4299/4299/3954 4302/4302/3957
f 4305/4305/3960 4303/4303/3958 4304/4304/3959
f 4305/4305/3960 4304/4304/3959 4306/4306/3961
f 4307/4307/3962 4305/4305/3960 4306/4306/3961
f 4306/4306/3961 4304/4304/3959 4308/4308/3963
f 4304/4304/3959 4302/4302/3957 4308/4308/3963
f 4308/4308/3963 4302/4302/3957 4309/4309/3964
f 4302/4302/3957 4300/4300/3955 4309/4309/3964
f 4309/4309/3964 4300/4300/3955 4310/4310/3965
f 4300/4300/3955 4301/4301/3956 4310/4310/3965
f 4310/4310/3965 4301/4301/3956 4311/4311/3966
f 4301/4301/3956 4312/4312/3967 4311/4311/3966
f 4311/4311/3966 4312/4312/3967 4313/4313/3968
f 4301/4301/3956 4295/4295/3950 4312/4312/3967
f 4312/4312/3967 4314/4314/3969 4313/4313/3968
f 4313/4313/3968 4314/4314/3969 4315/4315/3970
f 4295/4295/3950 4316/4316/3971 4312/4312/3967
f 4312/4312/3967 4316/4316/3971 4314/4314/3969
f 4316/4316/3971 4295/4295/3950 4284/4284/3939
f 4314/4314/3969 4317/4317/3972 4315/4315/3970
f 4315/4315/3970 4317/4317/3972 4318/4318/3973
f 4319/4319/3974 4316/4316/3971 4284/4284/3939
f 4283/4283/3938 4319/4319/3974 4284/4284/3939
f 4316/4316/3971 4320/4320/3975 4314/4314/3969
f 4320/4320/3975 4316/4316/3971 4319/4319/3974
f 4314/4314/3969 4320/4320/3975 4317/4317/3972
f 4319/4319/3974 4283/4283/3938 4321/4321/3976
f 4321/4321/3976 4320/4320/3975 4319/4319/3974
f 4283/4283/3938 4287/4287/3942 4321/4321/3976
f 4317/4317/3972 4322/4322/3977 4318/4318/3973
f 4318/4318/3973 4322/4322/3977 4323/4323/3978
f 4320/4320/3975 4324/4324/3979 4317/4317/3972
f 4324/4324/3979 4320/4320/3975 4321/4321/3976
f 4317/4317/3972 4324/4324/3979 4322/4322/3977
f 4321/4321/3976 4287/4287/3942 4325/4325/3980
f 4325/4325/3980 4324/4324/3979 4321/4321/3976
f 4322/4322/3977 4326/4326/3981 4323/4323/3978
f 4323/4323/3978 4326/4326/3981 4327/4327/3982
f 4326/4326/3981 4328/4328/3983 4327/4327/3982
f 4324/4324/3979 4329/4329/3984 4322/4322/3977
f 4322/4322/3977 4329/4329/3984 4326/4326/3981
f 4329/4329/3984 4324/4324/3979 4325/4325/3980
f 4326/4326/3981 4330/4330/3985 4328/4328/3983
f 4329/4329/3984 4330/4330/3985 4326/4326/3981
f 4330/4330/3985 4331/4331/3986 4328/4328/3983
f 4287/4287/3942 4332/4332/3987 4325/4325/3980
f 4332/4332/3987 4287/4287/3942 4247/4247/3902
f 4333/4333/3988 4329/4329/3984 4325/4325/3980
f 4330/4330/3985 4329/4329/3984 4333/4333/3988
f 4325/4325/3980 4332/4332/3987 4333/4333/3988
f 4331/4331/3986 4330/4330/3985 4334/4334/3989
f 4334/4334/3989 4330/4330/3985 4333/4333/3988
f 4335/4335/3990 4331/4331/3986 4334/4334/3989
f 4336/4336/3991 4332/4332/3987 4247/4247/3902
f 4246/4246/3901 4336/4336/3991 4247/4247/3902
f 4332/4332/3987 4337/4337/3992 4333/4333/3988
f 4333/4333/3988 4337/4337/3992 4334/4334/3989
f 4332/4332/3987 4336/4336/3991 4337/4337/3992
f 4338/4338/3993 4336/4336/3991 4246/4246/3901
f 4336/4336/3991 4338/4338/3993 4337/4337/3992
f 4256/4256/3911 4338/4338/3993 4246/4246/3901
f 4337/4337/3992 4339/4339/3994 4334/4334/3989
f 4339/4339/3994 4337/4337/3992 4338/4338/3993
f 4334/4334/3989 4339/4339/3994 4335/4335/3990
f 4340/4340/3995 4338/4338/3993 4256/4256/3911
f 4340/4340/3995 4339/4339/3994 4338/4338/3993
f 4339/4339/3994 4341/4341/3996 4335/4335/3990
f 4341/4341/3996 4339/4339/3994 4340/4340/3995
f 4342/4342/3997 4340/4340/3995 4256/4256/3911
f 4256/4256/3911 4255/4255/3910 4342/4342/3997
f 4343/4343/3998 4341/4341/3996 4340/4340/3995
f 4340/4340/3995 4342/4342/3997 4343/4343/3998
f 4255/4255/3910 4344/4344/3999 4342/4342/3997
f 4255/4255/3910 4257/4257/3912 4344/4344/3999
f 4335/4335/3990 4341/4341/3996 4345/4345/4000
f 4341/4341/3996 4343/4343/3998 4345/4345/4000
f 4342/4342/3997 4346/4346/4001 4343/4343/3998
f 4342/4342/3997 4344/4344/3999 4346/4346/4001
f 4343/4343/3998 4347/4347/4002 4345/4345/4000
f 4347/4347/4002 4343/4343/3998 4346/4346/4001
f 4348/4348/4003 4347/4347/4002 4346/4346/4001
f 4347/4347/4002 4348/4348/4003 4349/4349/4004
f 4344/4344/3999 4350/4350/4005 4346/4346/4001
f 4348/4348/4003 4346/4346/4001 4350/4350/4005
f 4257/4257/3912 4351/4351/4006 4344/4344/3999
f 4344/4344/3999 4351/4351/4006 4350/4350/4005
f 4345/4345/4000 4347/4347/4002 4352/4352/4007
f 4347/4347/4002 4349/4349/4004 4352/4352/4007
f 4353/4353/4008 4335/4335/3990 4345/4345/4000
f 4353/4353/4008 4345/4345/4000 4352/4352/4007
f 4353/4353/4008 4354/4354/4009 4335/4335/3990
f 4354/4354/4009 4355/4355/4010 4335/4335/3990
f 4356/4356/4011 4354/4354/4009 4353/4353/4008
f 4357/4357/4012 4356/4356/4011 4353/4353/4008
f 4357/4357/4012 4353/4353/4008 4352/4352/4007
f 4358/4358/4013 4356/4356/4011 4357/4357/4012
f 4357/4357/4012 4352/4352/4007 4359/4359/4014
f 4359/4359/4014 4352/4352/4007 4349/4349/4004
f 4360/4360/4015 4358/4358/4013 4357/4357/4012
f 4360/4360/4015 4357/4357/4012 4359/4359/4014
f 4361/4361/4016 4358/4358/4013 4360/4360/4015
f 4362/4362/4017 4361/4361/4016 4360/4360/4015
f 4363/4363/4018 4361/4361/4016 4362/4362/4017
f 4360/4360/4015 4359/4359/4014 4364/4364/4019
f 4362/4362/4017 4360/4360/4015 4364/4364/4019
f 4365/4365/4020 4363/4363/4018 4362/4362/4017
f 4366/4366/4021 4363/4363/4018 4365/4365/4020
f 4362/4362/4017 4364/4364/4019 4367/4367/4022
f 4365/4365/4020 4362/4362/4017 4367/4367/4022
f 4368/4368/4023 4366/4366/4021 4365/4365/4020
f 4365/4365/4020 4367/4367/4022 4368/4368/4023
f 4369/4369/4024 4366/4366/4021 4368/4368/4023
f 4364/4364/4019 4359/4359/4014 4370/4370/4025
f 4367/4367/4022 4364/4364/4019 4370/4370/4025
f 4371/4371/4026 4369/4369/4024 4368/4368/4023
f 4372/4372/4027 4369/4369/4024 4371/4371/4026
f 4367/4367/4022 4373/4373/4028 4368/4368/4023
f 4368/4368/4023 4373/4373/4028 4371/4371/4026
f 4374/4374/4029 4372/4372/4027 4371/4371/4026
f 4375/4375/4030 4372/4372/4027 4374/4374/4029
f 4359/4359/4014 4376/4376/4031 4370/4370/4025
f 4376/4376/4031 4359/4359/4014 4349/4349/4004
f 4376/4376/4031 4349/4349/4004 4377/4377/4032
f 4378/4378/4033 4367/4367/4022 4370/4370/4025
f 4373/4373/4028 4367/4367/4022 4378/4378/4033
f 4373/4373/4028 4379/4379/4034 4371/4371/4026
f 4371/4371/4026 4379/4379/4034 4374/4374/4029
f 4380/4380/4035 4375/4375/4030 4374/4374/4029
f 4381/4381/4036 4375/4375/4030 4380/4380/4035
f 4297/4297/3952 4381/4381/4036 4380/4380/4035
f 4380/4380/4035 4296/4296/3951 4297/4297/3952
f 4374/4374/4029 4382/4382/4037 4380/4380/4035
f 4382/4382/4037 4296/4296/3951 4380/4380/4035
f 4379/4379/4034 4382/4382/4037 4374/4374/4029
f 4296/4296/3951 4382/4382/4037 4298/4298/3953
f 4382/4382/4037 4379/4379/4034 4298/4298/3953
f 4383/4383/4038 4370/4370/4025 4376/4376/4031
f 4377/4377/4032 4383/4383/4038 4376/4376/4031
f 4379/4379/4034 4373/4373/4028 4384/4384/4039
f 4384/4384/4039 4373/4373/4028 4378/4378/4033
f 4379/4379/4034 4385/4385/4040 4298/4298/3953
f 4385/4385/4040 4379/4379/4034 4384/4384/4039
f 4292/4292/3947 4298/4298/3953 4385/4385/4040
f 4378/4378/4033 4370/4370/4025 4386/4386/4041
f 4370/4370/4025 4383/4383/4038 4386/4386/4041
f 4387/4387/4042 4385/4385/4040 4384/4384/4039
f 4387/4387/4042 4292/4292/3947 4385/4385/4040
f 4388/4388/4043 4384/4384/4039 4378/4378/4033
f 4386/4386/4041 4388/4388/4043 4378/4378/4033
f 4388/4388/4043 4387/4387/4042 4384/4384/4039
f 4389/4389/4044 4292/4292/3947 4387/4387/4042
f 4389/4389/4044 4277/4277/3932 4292/4292/3947
f 4387/4387/4042 4388/4388/4043 4390/4390/4045
f 4390/4390/4045 4389/4389/4044 4387/4387/4042
f 4277/4277/3932 4389/4389/4044 4391/4391/4046
f 4389/4389/4044 4390/4390/4045 4391/4391/4046
f 4279/4279/3934 4277/4277/3932 4391/4391/4046
f 4388/4388/4043 4386/4386/4041 4392/4392/4047
f 4388/4388/4043 4392/4392/4047 4390/4390/4045
f 4386/4386/4041 4383/4383/4038 4393/4393/4048
f 4386/4386/4041 4393/4393/4048 4392/4392/4047
f 4390/4390/4045 4392/4392/4047 4394/4394/4049
f 4390/4390/4045 4394/4394/4049 4391/4391/4046
f 4395/4395/4050 4279/4279/3934 4391/4391/4046
f 4395/4395/4050 4268/4268/3923 4279/4279/3934
f 4396/4396/4051 4395/4395/4050 4391/4391/4046
f 4391/4391/4046 4394/4394/4049 4396/4396/4051
f 4395/4395/4050 4397/4397/4052 4268/4268/3923
f 4397/4397/4052 4395/4395/4050 4396/4396/4051
f 4269/4269/3924 4268/4268/3923 4397/4397/4052
f 4392/4392/4047 4398/4398/4053 4394/4394/4049
f 4392/4392/4047 4393/4393/4048 4398/4398/4053
f 4383/4383/4038 4399/4399/4054 4393/4393/4048
f 4383/4383/4038 4377/4377/4032 4399/4399/4054
f 4400/4400/4055 4269/4269/3924 4397/4397/4052
f 4401/4401/4056 4269/4269/3924 4400/4400/4055
f 4397/4397/4052 4402/4402/4057 4400/4400/4055
f 4402/4402/4057 4397/4397/4052 4396/4396/4051
f 4394/4394/4049 4403/4403/4058 4396/4396/4051
f 4403/4403/4058 4394/4394/4049 4398/4398/4053
f 4401/4401/4056 4400/4400/4055 4404/4404/4059
f 4402/4402/4057 4404/4404/4059 4400/4400/4055
f 4396/4396/4051 4405/4405/4060 4402/4402/4057
f 4403/4403/4058 4405/4405/4060 4396/4396/4051
f 4393/4393/4048 4406/4406/4061 4398/4398/4053
f 4393/4393/4048 4399/4399/4054 4406/4406/4061
f 4407/4407/4062 4398/4398/4053 4406/4406/4061
f 4398/4398/4053 4407/4407/4062 4408/4408/4063
f 4408/4408/4063 4403/4403/4058 4398/4398/4053
f 4403/4403/4058 4408/4408/4063 4405/4405/4060
f 4405/4405/4060 4409/4409/4064 4402/4402/4057
f 4402/4402/4057 4409/4409/4064 4404/4404/4059
f 4410/4410/4065 4401/4401/4056 4404/4404/4059
f 4411/4411/4066 4401/4401/4056 4410/4410/4065
f 4408/4408/4063 4412/4412/4067 4405/4405/4060
f 4409/4409/4064 4405/4405/4060 4412/4412/4067
f 4409/4409/4064 4413/4413/4068 4404/4404/4059
f 4404/4404/4059 4413/4413/4068 4410/4410/4065
f 4411/4411/4066 4410/4410/4065 4414/4414/4069
f 4415/4415/4070 4411/4411/4066 4414/4414/4069
f 4407/4407/4062 4416/4416/4071 4408/4408/4063
f 4408/4408/4063 4416/4416/4071 4412/4412/4067
f 4417/4417/4072 4409/4409/4064 4412/4412/4067
f 4409/4409/4064 4417/4417/4072 4413/4413/4068
f 4413/4413/4068 4418/4418/4073 4410/4410/4065
f 4410/4410/4065 4418/4418/4073 4414/4414/4069
f 4416/4416/4071 4419/4419/4074 4412/4412/4067
f 4412/4412/4067 4419/4419/4074 4417/4417/4072
f 4413/4413/4068 4420/4420/4075 4418/4418/4073
f 4417/4417/4072 4420/4420/4075 4413/4413/4068
f 4418/4418/4073 4421/4421/4076 4414/4414/4069
f 4420/4420/4075 4421/4421/4076 4418/4418/4073
f 4417/4417/4072 4422/4422/4077 4420/4420/4075
f 4419/4419/4074 4422/4422/4077 4417/4417/4072
f 4416/4416/4071 4423/4423/4078 4419/4419/4074
f 4423/4423/4078 4416/4416/4071 4407/4407/4062
f 4414/4414/4069 4424/4424/4079 4415/4415/4070
f 4421/4421/4076 4424/4424/4079 4414/4414/4069
f 4421/4421/4076 4420/4420/4075 4425/4425/4080
f 4422/4422/4077 4425/4425/4080 4420/4420/4075
f 4426/4426/4081 4421/4421/4076 4425/4425/4080
f 4421/4421/4076 4426/4426/4081 4424/4424/4079
f 4419/4419/4074 4427/4427/4082 4422/4422/4077
f 4423/4423/4078 4427/4427/4082 4419/4419/4074
f 4425/4425/4080 4422/4422/4077 4428/4428/4083
f 4425/4425/4080 4428/4428/4083 4426/4426/4081
f 4427/4427/4082 4429/4429/4084 4422/4422/4077
f 4422/4422/4077 4429/4429/4084 4428/4428/4083
f 4426/4426/4081 4430/4430/4085 4424/4424/4079
f 4428/4428/4083 4431/4431/4086 4426/4426/4081
f 4426/4426/4081 4431/4431/4086 4430/4430/4085
f 4424/4424/4079 4432/4432/4087 4415/4415/4070
f 4432/4432/4087 4424/4424/4079 4430/4430/4085
f 4428/4428/4083 4429/4429/4084 4433/4433/4088
f 4428/4428/4083 4433/4433/4088 4431/4431/4086
f 4427/4427/4082 4434/4434/4089 4429/4429/4084
f 4423/4423/4078 4435/4435/4090 4427/4427/4082
f 4435/4435/4090 4434/4434/4089 4427/4427/4082
f 4429/4429/4084 4436/4436/4091 4433/4433/4088
f 4434/4434/4089 4436/4436/4091 4429/4429/4084
f 4433/4433/4088 4436/4436/4091 4437/4437/4092
f 4433/4433/4088 4438/4438/4093 4431/4431/4086
f 4433/4433/4088 4437/4437/4092 4438/4438/4093
f 4431/4431/4086 4439/4439/4094 4430/4430/4085
f 4431/4431/4086 4438/4438/4093 4439/4439/4094
f 4440/4440/4095 4432/4432/4087 4430/4430/4085
f 4430/4430/4085 4439/4439/4094 4440/4440/4095
f 4432/4432/4087 4440/4440/4095 4441/4441/4096
f 4432/4432/4087 4441/4441/4096 4415/4415/4070
f 4441/4441/4096 4442/4442/4097 4415/4415/4070
f 4415/4415/4070 4442/4442/4097 4443/4443/4098
f 4443/4443/4098 4442/4442/4097 4444/4444/4099
f 4445/4445/4100 4443/4443/4098 4444/4444/4099
f 4446/4446/4101 4445/4445/4100 4444/4444/4099
f 4442/4442/4097 4441/4441/4096 4447/4447/4102
f 4442/4442/4097 4447/4447/4102 4444/4444/4099
f 4441/4441/4096 4448/4448/4103 4447/4447/4102
f 4447/4447/4102 4449/4449/4104 4444/4444/4099
f 4441/4441/4096 4450/4450/4105 4448/4448/4103
f 4440/4440/4095 4450/4450/4105 4441/4441/4096
f 4450/4450/4105 4451/4451/4106 4448/4448/4103
f 4444/4444/4099 4449/4449/4104 4452/4452/4107
f 4452/4452/4107 4446/4446/4101 4444/4444/4099
f 4449/4449/4104 4453/4453/4108 4452/4452/4107
f 4446/4446/4101 4452/4452/4107 4454/4454/4109
f 4452/4452/4107 4453/4453/4108 4454/4454/4109
f 4453/4453/4108 4455/4455/4110 4454/4454/4109
f 4456/4456/4111 4446/4446/4101 4454/4454/4109
f 4457/4457/3725 4454/4454/4109 4455/4455/4110
f 4454/4454/4109 4457/4457/3725 4456/4456/4111
f 4457/4457/3725 4458/4458/3726 4456/4456/4111
f 4440/4440/4095 4459/4459/4112 4450/4450/4105
f 4439/4439/4094 4459/4459/4112 4440/4440/4095
f 4450/4450/4105 4460/4460/4113 4451/4451/4106
f 4459/4459/4112 4460/4460/4113 4450/4450/4105
f 4460/4460/4113 4461/4461/4114 4451/4451/4106
f 4439/4439/4094 4462/4462/4115 4459/4459/4112
f 4438/4438/4093 4462/4462/4115 4439/4439/4094
f 4460/4460/4113 4463/4463/4116 4461/4461/4114
f 4463/4463/4116 4464/4464/4117 4461/4461/4114
f 4459/4459/4112 4465/4465/4118 4460/4460/4113
f 4462/4462/4115 4465/4465/4118 4459/4459/4112
f 4465/4465/4118 4463/4463/4116 4460/4460/4113
f 4438/4438/4093 4466/4466/4119 4462/4462/4115
f 4437/4437/4092 4466/4466/4119 4438/4438/4093
f 4463/4463/4116 4467/4467/4120 4464/4464/4117
f 4467/4467/4120 4468/4468/4121 4464/4464/4117
f 4463/4463/4116 4465/4465/4118 4469/4469/4122
f 4467/4467/4120 4463/4463/4116 4469/4469/4122
f 4462/4462/4115 4470/4470/4123 4465/4465/4118
f 4466/4466/4119 4470/4470/4123 4462/4462/4115
f 4470/4470/4123 4469/4469/4122 4465/4465/4118
f 4467/4467/4120 4471/4471/4124 4468/4468/4121
f 4471/4471/4124 4472/4472/4125 4468/4468/4121
f 4473/4473/3676 4472/4472/4125 4471/4471/4124
f 4474/4474/3677 4473/4473/3676 4471/4471/4124
f 4475/4475/4126 4471/4471/4124 4467/4467/4120
f 4474/4474/3677 4471/4471/4124 4475/4475/4126
f 4469/4469/4122 4475/4475/4126 4467/4467/4120
f 4476/4476/3679 4474/4474/3677 4475/4475/4126
f 4477/4477/4127 4475/4475/4126 4469/4469/4122
f 4475/4475/4126 4477/4477/4127 4476/4476/3679
f 4470/4470/4123 4477/4477/4127 4469/4469/4122
f 4477/4477/4127 4478/4478/3683 4476/4476/3679
f 4466/4466/4119 4479/4479/4128 4470/4470/4123
f 4479/4479/4128 4477/4477/4127 4470/4470/4123
f 4477/4477/4127 4479/4479/4128 4478/4478/3683
f 4479/4479/4128 4480/4480/4129 4478/4478/3683
f 4479/4479/4128 4466/4466/4119 4437/4437/4092
f 4479/4479/4128 4481/4481/4130 4480/4480/4129
f 4481/4481/4130 4479/4479/4128 4437/4437/4092
f 4481/4481/4130 4482/4482/3694 4480/4480/4129
f 4481/4481/4130 4483/4483/4131 4482/4482/3694
f 4483/4483/4131 4481/4481/4130 4437/4437/4092
f 4483/4483/4131 4042/4042/3697 4482/4482/3694
f 4484/4484/4132 4483/4483/4131 4437/4437/4092
f 4436/4436/4091 4484/4484/4132 4437/4437/4092
f 4042/4042/3697 4483/4483/4131 4485/4485/4133
f 4485/4485/4133 4483/4483/4131 4484/4484/4132
f 4486/4486/4134 4484/4484/4132 4436/4436/4091
f 4486/4486/4134 4485/4485/4133 4484/4484/4132
f 4434/4434/4089 4486/4486/4134 4436/4436/4091
f 4487/4487/4135 4486/4486/4134 4434/4434/4089
f 4435/4435/4090 4487/4487/4135 4434/4434/4089
f 4488/4488/4136 4042/4042/3697 4485/4485/4133
f 4103/4103/3758 4042/4042/3697 4488/4488/4136
f 4489/4489/4137 4485/4485/4133 4486/4486/4134
f 4487/4487/4135 4489/4489/4137 4486/4486/4134
f 4490/4490/4138 4488/4488/4136 4485/4485/4133
f 4489/4489/4137 4490/4490/4138 4485/4485/4133
f 4487/4487/4135 4435/4435/4090 4491/4491/4139
f 4489/4489/4137 4487/4487/4135 4492/4492/4140
f 4487/4487/4135 4491/4491/4139 4492/4492/4140
f 4493/4493/4141 4490/4490/4138 4489/4489/4137
f 4492/4492/4140 4493/4493/4141 4489/4489/4137
f 4435/4435/4090 4494/4494/4142 4491/4491/4139
f 4435/4435/4090 4423/4423/4078 4494/4494/4142
f 4423/4423/4078 4495/4495/4143 4494/4494/4142
f 4423/4423/4078 4407/4407/4062 4495/4495/4143
f 4491/4491/4139 4494/4494/4142 4496/4496/4144
f 4496/4496/4144 4494/4494/4142 4497/4497/4145
f 4494/4494/4142 4495/4495/4143 4497/4497/4145
f 4498/4498/4146 4491/4491/4139 4496/4496/4144
f 4492/4492/4140 4491/4491/4139 4498/4498/4146
f 4499/4499/4147 4492/4492/4140 4498/4498/4146
f 4499/4499/4147 4500/4500/4148 4492/4492/4140
f 4500/4500/4148 4493/4493/4141 4492/4492/4140
f 4495/4495/4143 4501/4501/4149 4497/4497/4145
f 4407/4407/4062 4501/4501/4149 4495/4495/4143
f 4493/4493/4141 4500/4500/4148 4502/4502/4150
f 4503/4503/4151 4501/4501/4149 4407/4407/4062
f 4501/4501/4149 4503/4503/4151 4504/4504/4152
f 4505/4505/4153 4493/4493/4141 4502/4502/4150
f 4490/4490/4138 4493/4493/4141 4505/4505/4153
f 4506/4506/4154 4505/4505/4153 4502/4502/4150
f 4507/4507/4155 4506/4506/4154 4502/4502/4150
f 4508/4508/4156 4490/4490/4138 4505/4505/4153
f 4505/4505/4153 4506/4506/4154 4508/4508/4156
f 4488/4488/4136 4490/4490/4138 4508/4508/4156
f 4509/4509/4157 4506/4506/4154 4507/4507/4155
f 4510/4510/4158 4509/4509/4157 4507/4507/4155
f 4506/4506/4154 4511/4511/4159 4508/4508/4156
f 4506/4506/4154 4509/4509/4157 4511/4511/4159
f 4512/4512/4160 4488/4488/4136 4508/4508/4156
f 4512/4512/4160 4508/4508/4156 4511/4511/4159
f 4512/4512/4160 4103/4103/3758 4488/4488/4136
f 4103/4103/3758 4512/4512/4160 4513/4513/4161
f 4513/4513/4161 4512/4512/4160 4511/4511/4159
f 4101/4101/3756 4103/4103/3758 4513/4513/4161
f 4101/4101/3756 4513/4513/4161 4109/4109/3764
f 4513/4513/4161 4511/4511/4159 4514/4514/4162
f 4109/4109/3764 4513/4513/4161 4514/4514/4162
f 4509/4509/4157 4514/4514/4162 4511/4511/4159
f 4109/4109/3764 4514/4514/4162 4117/4117/3772
f 4515/4515/4163 4509/4509/4157 4510/4510/4158
f 4509/4509/4157 4515/4515/4163 4514/4514/4162
f 4515/4515/4163 4117/4117/3772 4514/4514/4162
f 4516/4516/4164 4515/4515/4163 4510/4510/4158
f 4515/4515/4163 4516/4516/4164 4517/4517/4165
f 4515/4515/4163 4517/4517/4165 4117/4117/3772
f 4517/4517/4165 4120/4120/3775 4117/4117/3772
f 4120/4120/3775 4517/4517/4165 4518/4518/4166
f 4518/4518/4166 4519/4519/4167 4120/4120/3775
f 4517/4517/4165 4520/4520/4168 4518/4518/4166
f 4517/4517/4165 4521/4521/4169 4520/4520/4168
f 4521/4521/4169 4522/4522/4170 4520/4520/4168
f 4522/4522/4170 4523/4523/4171 4520/4520/4168
f 4520/4520/4168 4523/4523/4171 4518/4518/4166
f 4522/4522/4170 4524/4524/4172 4523/4523/4171
f 4523/4523/4171 4525/4525/4173 4518/4518/4166
f 4519/4519/4167 4518/4518/4166 4525/4525/4173
f 4524/4524/4172 4526/4526/4174 4523/4523/4171
f 4525/4525/4173 4523/4523/4171 4526/4526/4174
f 4524/4524/4172 4527/4527/4175 4526/4526/4174
f 4519/4519/4167 4528/4528/4176 4120/4120/3775
f 4120/4120/3775 4528/4528/4176 4116/4116/3771
f 4116/4116/3771 4528/4528/4176 4529/4529/4177
f 4116/4116/3771 4529/4529/4177 4118/4118/3773
f 4527/4527/4175 4530/4530/4178 4526/4526/4174
f 4527/4527/4175 4531/4531/4179 4530/4530/4178
f 4531/4531/4179 4532/4532/4180 4530/4530/4178
f 4532/4532/4180 4531/4531/4179 4533/4533/4181
f 4526/4526/4174 4530/4530/4178 4534/4534/4182
f 4534/4534/4182 4530/4530/4178 4532/4532/4180
f 4535/4535/4183 4532/4532/4180 4533/4533/4181
f 4535/4535/4183 4533/4533/4181 4536/4536/4184
f 4528/4528/4176 4519/4519/4167 4537/4537/4185
f 4528/4528/4176 4537/4537/4185 4529/4529/4177
f 4118/4118/3773 4529/4529/4177 4538/4538/4186
f 4538/4538/4186 4119/4119/3774 4118/4118/3773
f 4539/4539/4187 4526/4526/4174 4534/4534/4182
f 4539/4539/4187 4525/4525/4173 4526/4526/4174
f 4540/4540/4188 4534/4534/4182 4532/4532/4180
f 4532/4532/4180 4535/4535/4183 4540/4540/4188
f 4541/4541/4189 4535/4535/4183 4536/4536/4184
f 4541/4541/4189 4536/4536/4184 4542/4542/4190
f 4543/4543/4191 4541/4541/4189 4542/4542/4190
f 4543/4543/4191 4542/4542/4190 4504/4504/4152
f 4503/4503/4151 4543/4543/4191 4504/4504/4152
f 4535/4535/4183 4541/4541/4189 4544/4544/4192
f 4541/4541/4189 4543/4543/4191 4544/4544/4192
f 4545/4545/4193 4543/4543/4191 4503/4503/4151
f 4543/4543/4191 4545/4545/4193 4544/4544/4192
f 4544/4544/4192 4545/4545/4193 4546/4546/4194
f 4547/4547/4195 4545/4545/4193 4503/4503/4151
f 4545/4545/4193 4547/4547/4195 4546/4546/4194
f 4547/4547/4195 4503/4503/4151 4407/4407/4062
f 4407/4407/4062 4406/4406/4061 4547/4547/4195
f 4406/4406/4061 4548/4548/4196 4547/4547/4195
f 4547/4547/4195 4548/4548/4196 4546/4546/4194
f 4399/4399/4054 4548/4548/4196 4406/4406/4061
f 4548/4548/4196 4399/4399/4054 4546/4546/4194
f 4549/4549/4197 4535/4535/4183 4544/4544/4192
f 4535/4535/4183 4549/4549/4197 4540/4540/4188
f 4549/4549/4197 4544/4544/4192 4550/4550/4198
f 4550/4550/4198 4544/4544/4192 4546/4546/4194
f 4399/4399/4054 4551/4551/4199 4546/4546/4194
f 4377/4377/4032 4551/4551/4199 4399/4399/4054
f 4549/4549/4197 4552/4552/4200 4540/4540/4188
f 4552/4552/4200 4549/4549/4197 4550/4550/4198
f 4553/4553/4201 4550/4550/4198 4546/4546/4194
f 4551/4551/4199 4553/4553/4201 4546/4546/4194
f 4550/4550/4198 4553/4553/4201 4552/4552/4200
f 4552/4552/4200 4554/4554/4202 4540/4540/4188
f 4540/4540/4188 4554/4554/4202 4534/4534/4182
f 4553/4553/4201 4555/4555/4203 4552/4552/4200
f 4552/4552/4200 4555/4555/4203 4554/4554/4202
f 4556/4556/4204 4553/4553/4201 4551/4551/4199
f 4553/4553/4201 4556/4556/4204 4555/4555/4203
f 4554/4554/4202 4557/4557/4205 4534/4534/4182
f 4539/4539/4187 4534/4534/4182 4557/4557/4205
f 4551/4551/4199 4377/4377/4032 4558/4558/4206
f 4558/4558/4206 4556/4556/4204 4551/4551/4199
f 4555/4555/4203 4559/4559/4207 4554/4554/4202
f 4554/4554/4202 4559/4559/4207 4557/4557/4205
f 4560/4560/4208 4539/4539/4187 4557/4557/4205
f 4525/4525/4173 4539/4539/4187 4560/4560/4208
f 4559/4559/4207 4561/4561/4209 4557/4557/4205
f 4557/4557/4205 4561/4561/4209 4560/4560/4208
f 4562/4562/4210 4525/4525/4173 4560/4560/4208
f 4562/4562/4210 4560/4560/4208 4563/4563/4211
f 4562/4562/4210 4563/4563/4211 4519/4519/4167
f 4562/4562/4210 4519/4519/4167 4525/4525/4173
f 4561/4561/4209 4564/4564/4212 4560/4560/4208
f 4560/4560/4208 4564/4564/4212 4563/4563/4211
f 4563/4563/4211 4565/4565/4213 4519/4519/4167
f 4519/4519/4167 4565/4565/4213 4537/4537/4185
f 4555/4555/4203 4556/4556/4204 4566/4566/4214
f 4555/4555/4203 4567/4567/4215 4559/4559/4207
f 4567/4567/4215 4555/4555/4203 4566/4566/4214
f 4559/4559/4207 4568/4568/4216 4561/4561/4209
f 4567/4567/4215 4568/4568/4216 4559/4559/4207
f 4568/4568/4216 4567/4567/4215 4569/4569/4217
f 4567/4567/4215 4570/4570/4218 4569/4569/4217
f 4567/4567/4215 4566/4566/4214 4570/4570/4218
f 4569/4569/4217 4571/4571/4219 4568/4568/4216
f 4566/4566/4214 4556/4556/4204 4572/4572/4220
f 4556/4556/4204 4558/4558/4206 4572/4572/4220
f 4568/4568/4216 4573/4573/4221 4561/4561/4209
f 4571/4571/4219 4573/4573/4221 4568/4568/4216
f 4566/4566/4214 4574/4574/4222 4570/4570/4218
f 4566/4566/4214 4572/4572/4220 4574/4574/4222
f 4575/4575/4223 4570/4570/4218 4574/4574/4222
f 4569/4569/4217 4570/4570/4218 4575/4575/4223
f 4572/4572/4220 4576/4576/4224 4574/4574/4222
f 4574/4574/4222 4576/4576/4224 4575/4575/4223
f 4572/4572/4220 4558/4558/4206 4577/4577/4225
f 4572/4572/4220 4577/4577/4225 4576/4576/4224
f 4578/4578/4226 4561/4561/4209 4573/4573/4221
f 4564/4564/4212 4561/4561/4209 4578/4578/4226
f 4564/4564/4212 4578/4578/4226 4579/4579/4227
f 4563/4563/4211 4564/4564/4212 4579/4579/4227
f 4580/4580/4228 4578/4578/4226 4573/4573/4221
f 4579/4579/4227 4578/4578/4226 4580/4580/4228
f 4558/4558/4206 4581/4581/4229 4577/4577/4225
f 4377/4377/4032 4581/4581/4229 4558/4558/4206
f 4581/4581/4229 4377/4377/4032 4582/4582/4230
f 4349/4349/4004 4582/4582/4230 4377/4377/4032
f 4583/4583/4231 4580/4580/4228 4573/4573/4221
f 4571/4571/4219 4583/4583/4231 4573/4573/4221
f 4577/4577/4225 4581/4581/4229 4584/4584/4232
f 4581/4581/4229 4582/4582/4230 4584/4584/4232
f 4582/4582/4230 4349/4349/4004 4585/4585/4233
f 4348/4348/4003 4585/4585/4233 4349/4349/4004
f 4582/4582/4230 4585/4585/4233 4586/4586/4234
f 4584/4584/4232 4582/4582/4230 4586/4586/4234
f 4586/4586/4234 4585/4585/4233 4587/4587/4235
f 4585/4585/4233 4348/4348/4003 4587/4587/4235
f 4584/4584/4232 4586/4586/4234 4588/4588/4236
f 4586/4586/4234 4587/4587/4235 4588/4588/4236
f 4584/4584/4232 4589/4589/4237 4577/4577/4225
f 4589/4589/4237 4584/4584/4232 4588/4588/4236
f 4589/4589/4237 4590/4590/4238 4577/4577/4225
f 4577/4577/4225 4590/4590/4238 4576/4576/4224
f 4576/4576/4224 4590/4590/4238 4591/4591/4239
f 4576/4576/4224 4591/4591/4239 4575/4575/4223
f 4590/4590/4238 4589/4589/4237 4592/4592/4240
f 4590/4590/4238 4592/4592/4240 4591/4591/4239
f 4575/4575/4223 4591/4591/4239 4593/4593/4241
f 4593/4593/4241 4569/4569/4217 4575/4575/4223
f 4591/4591/4239 4594/4594/4242 4593/4593/4241
f 4591/4591/4239 4592/4592/4240 4594/4594/4242
f 4589/4589/4237 4595/4595/4243 4592/4592/4240
f 4589/4589/4237 4588/4588/4236 4595/4595/4243
f 4596/4596/4244 4592/4592/4240 4595/4595/4243
f 4592/4592/4240 4596/4596/4244 4594/4594/4242
f 4593/4593/4241 4594/4594/4242 4597/4597/4245
f 4597/4597/4245 4569/4569/4217 4593/4593/4241
f 4588/4588/4236 4598/4598/4246 4595/4595/4243
f 4595/4595/4243 4598/4598/4246 4596/4596/4244
f 4594/4594/4242 4599/4599/4247 4597/4597/4245
f 4594/4594/4242 4596/4596/4244 4599/4599/4247
f 4597/4597/4245 4600/4600/4248 4569/4569/4217
f 4597/4597/4245 4599/4599/4247 4600/4600/4248
f 4596/4596/4244 4601/4601/4249 4599/4599/4247
f 4598/4598/4246 4601/4601/4249 4596/4596/4244
f 4588/4588/4236 4602/4602/4250 4598/4598/4246
f 4588/4588/4236 4587/4587/4235 4602/4602/4250
f 4599/4599/4247 4603/4603/4251 4600/4600/4248
f 4599/4599/4247 4601/4601/4249 4603/4603/4251
f 4601/4601/4249 4604/4604/4252 4603/4603/4251
f 4598/4598/4246 4605/4605/4253 4601/4601/4249
f 4602/4602/4250 4605/4605/4253 4598/4598/4246
f 4605/4605/4253 4604/4604/4252 4601/4601/4249
f 4606/4606/4254 4569/4569/4217 4600/4600/4248
f 4600/4600/4248 4603/4603/4251 4606/4606/4254
f 4587/4587/4235 4607/4607/4255 4602/4602/4250
f 4587/4587/4235 4348/4348/4003 4607/4607/4255
f 4602/4602/4250 4608/4608/4256 4605/4605/4253
f 4602/4602/4250 4607/4607/4255 4608/4608/4256
f 4606/4606/4254 4609/4609/4257 4569/4569/4217
f 4571/4571/4219 4569/4569/4217 4609/4609/4257
f 4603/4603/4251 4610/4610/4258 4606/4606/4254
f 4603/4603/4251 4604/4604/4252 4610/4610/4258
f 4606/4606/4254 4610/4610/4258 4609/4609/4257
f 4348/4348/4003 4611/4611/4259 4607/4607/4255
f 4611/4611/4259 4348/4348/4003 4350/4350/4005
f 4612/4612/4260 4571/4571/4219 4609/4609/4257
f 4612/4612/4260 4583/4583/4231 4571/4571/4219
f 4610/4610/4258 4613/4613/4261 4609/4609/4257
f 4609/4609/4257 4613/4613/4261 4612/4612/4260
f 4612/4612/4260 4614/4614/4262 4583/4583/4231
f 4613/4613/4261 4614/4614/4262 4612/4612/4260
f 4610/4610/4258 4615/4615/4263 4613/4613/4261
f 4604/4604/4252 4615/4615/4263 4610/4610/4258
f 4607/4607/4255 4611/4611/4259 4616/4616/4264
f 4607/4607/4255 4616/4616/4264 4608/4608/4256
f 4350/4350/4005 4617/4617/4265 4611/4611/4259
f 4351/4351/4006 4617/4617/4265 4350/4350/4005
f 4614/4614/4262 4618/4618/4266 4583/4583/4231
f 4583/4583/4231 4618/4618/4266 4580/4580/4228
f 4613/4613/4261 4619/4619/4267 4614/4614/4262
f 4615/4615/4263 4619/4619/4267 4613/4613/4261
f 4619/4619/4267 4620/4620/4268 4614/4614/4262
f 4614/4614/4262 4620/4620/4268 4618/4618/4266
f 4618/4618/4266 4621/4621/4269 4580/4580/4228
f 4621/4621/4269 4579/4579/4227 4580/4580/4228
f 4619/4619/4267 4615/4615/4263 4622/4622/4270
f 4619/4619/4267 4622/4622/4270 4620/4620/4268
f 4620/4620/4268 4623/4623/4271 4618/4618/4266
f 4618/4618/4266 4623/4623/4271 4621/4621/4269
f 4620/4620/4268 4622/4622/4270 4623/4623/4271
f 4624/4624/4272 4579/4579/4227 4621/4621/4269
f 4579/4579/4227 4624/4624/4272 4563/4563/4211
f 4615/4615/4263 4625/4625/4273 4622/4622/4270
f 4615/4615/4263 4604/4604/4252 4625/4625/4273
f 4623/4623/4271 4626/4626/4274 4621/4621/4269
f 4626/4626/4274 4624/4624/4272 4621/4621/4269
f 4622/4622/4270 4627/4627/4275 4623/4623/4271
f 4622/4622/4270 4625/4625/4273 4627/4627/4275
f 4626/4626/4274 4623/4623/4271 4628/4628/4276
f 4623/4623/4271 4627/4627/4275 4628/4628/4276
f 4629/4629/4277 4624/4624/4272 4626/4626/4274
f 4628/4628/4276 4629/4629/4277 4626/4626/4274
f 4624/4624/4272 4630/4630/4278 4563/4563/4211
f 4624/4624/4272 4629/4629/4277 4630/4630/4278
f 4563/4563/4211 4630/4630/4278 4631/4631/4279
f 4565/4565/4213 4563/4563/4211 4631/4631/4279
f 4565/4565/4213 4631/4631/4279 4632/4632/4280
f 4537/4537/4185 4565/4565/4213 4632/4632/4280
f 4537/4537/4185 4632/4632/4280 4633/4633/4281
f 4529/4529/4177 4537/4537/4185 4633/4633/4281
f 4529/4529/4177 4633/4633/4281 4538/4538/4186
f 4634/4634/4282 4628/4628/4276 4627/4627/4275
f 4635/4635/4283 4629/4629/4277 4628/4628/4276
f 4634/4634/4282 4635/4635/4283 4628/4628/4276
f 4636/4636/4284 4634/4634/4282 4627/4627/4275
f 4625/4625/4273 4636/4636/4284 4627/4627/4275
f 4625/4625/4273 4637/4637/4285 4636/4636/4284
f 4604/4604/4252 4637/4637/4285 4625/4625/4273
f 4604/4604/4252 4638/4638/4286 4637/4637/4285
f 4604/4604/4252 4605/4605/4253 4638/4638/4286
f 4608/4608/4256 4638/4638/4286 4605/4605/4253
f 4637/4637/4285 4638/4638/4286 4639/4639/4287
f 4638/4638/4286 4608/4608/4256 4639/4639/4287
f 4637/4637/4285 4639/4639/4287 4636/4636/4284
f 4608/4608/4256 4616/4616/4264 4639/4639/4287
f 4639/4639/4287 4640/4640/4288 4636/4636/4284
f 4616/4616/4264 4640/4640/4288 4639/4639/4287
f 4634/4634/4282 4636/4636/4284 4641/4641/4289
f 4640/4640/4288 4641/4641/4289 4636/4636/4284
f 4616/4616/4264 4642/4642/4290 4640/4640/4288
f 4611/4611/4259 4642/4642/4290 4616/4616/4264
f 4617/4617/4265 4642/4642/4290 4611/4611/4259
f 4641/4641/4289 4643/4643/4291 4634/4634/4282
f 4643/4643/4291 4635/4635/4283 4634/4634/4282
f 4640/4640/4288 4644/4644/4292 4641/4641/4289
f 4642/4642/4290 4644/4644/4292 4640/4640/4288
f 4644/4644/4292 4643/4643/4291 4641/4641/4289
f 4642/4642/4290 4617/4617/4265 4645/4645/4293
f 4644/4644/4292 4642/4642/4290 4645/4645/4293
f 4646/4646/4294 4643/4643/4291 4644/4644/4292
f 4645/4645/4293 4646/4646/4294 4644/4644/4292
f 4645/4645/4293 4617/4617/4265 4647/4647/4295
f 4617/4617/4265 4351/4351/4006 4647/4647/4295
f 4646/4646/4294 4645/4645/4293 4648/4648/4296
f 4645/4645/4293 4647/4647/4295 4648/4648/4296
f 4647/4647/4295 4351/4351/4006 4649/4649/4297
f 4351/4351/4006 4257/4257/3912 4649/4649/4297
f 4649/4649/4297 4257/4257/3912 4244/4244/3899
f 4647/4647/4295 4649/4649/4297 4650/4650/4298
f 4648/4648/4296 4647/4647/4295 4650/4650/4298
f 4649/4649/4297 4244/4244/3899 4651/4651/4299
f 4650/4650/4298 4649/4649/4297 4651/4651/4299
f 4651/4651/4299 4244/4244/3899 4183/4183/3838
f 4651/4651/4299 4652/4652/4300 4650/4650/4298
f 4652/4652/4300 4651/4651/4299 4183/4183/3838
f 4650/4650/4298 4653/4653/4301 4648/4648/4296
f 4652/4652/4300 4653/4653/4301 4650/4650/4298
f 4646/4646/4294 4648/4648/4296 4654/4654/4302
f 4653/4653/4301 4654/4654/4302 4648/4648/4296
f 4655/4655/4303 4652/4652/4300 4183/4183/3838
f 4655/4655/4303 4183/4183/3838 4188/4188/3843
f 4656/4656/4304 4646/4646/4294 4654/4654/4302
f 4646/4646/4294 4656/4656/4304 4643/4643/4291
f 4656/4656/4304 4657/4657/4305 4643/4643/4291
f 4635/4635/4283 4643/4643/4291 4657/4657/4305
f 4658/4658/4306 4635/4635/4283 4657/4657/4305
f 4629/4629/4277 4635/4635/4283 4658/4658/4306
f 4629/4629/4277 4658/4658/4306 4659/4659/4307
f 4630/4630/4278 4629/4629/4277 4659/4659/4307
f 4659/4659/4307 4660/4660/4308 4630/4630/4278
f 4660/4660/4308 4631/4631/4279 4630/4630/4278
f 4631/4631/4279 4660/4660/4308 4661/4661/4309
f 4632/4632/4280 4631/4631/4279 4661/4661/4309
f 4660/4660/4308 4659/4659/4307 4662/4662/4310
f 4660/4660/4308 4662/4662/4310 4661/4661/4309
f 4661/4661/4309 4663/4663/4311 4632/4632/4280
f 4663/4663/4311 4633/4633/4281 4632/4632/4280
f 4662/4662/4310 4664/4664/4312 4661/4661/4309
f 4661/4661/4309 4664/4664/4312 4663/4663/4311
f 4663/4663/4311 4665/4665/4313 4633/4633/4281
f 4665/4665/4313 4538/4538/4186 4633/4633/4281
f 4664/4664/4312 4666/4666/4314 4663/4663/4311
f 4663/4663/4311 4666/4666/4314 4665/4665/4313
f 4664/4664/4312 4662/4662/4310 4667/4667/4315
f 4666/4666/4314 4664/4664/4312 4667/4667/4315
f 4665/4665/4313 4668/4668/4316 4538/4538/4186
f 4668/4668/4316 4119/4119/3774 4538/4538/4186
f 4119/4119/3774 4668/4668/4316 4134/4134/3789
f 4668/4668/4316 4669/4669/4317 4134/4134/3789
f 4134/4134/3789 4669/4669/4317 4136/4136/3791
f 4668/4668/4316 4665/4665/4313 4670/4670/4318
f 4668/4668/4316 4670/4670/4318 4669/4669/4317
f 4666/4666/4314 4671/4671/4319 4665/4665/4313
f 4665/4665/4313 4671/4671/4319 4670/4670/4318
f 4669/4669/4317 4672/4672/4320 4136/4136/3791
f 4137/4137/3792 4136/4136/3791 4672/4672/4320
f 4671/4671/4319 4666/4666/4314 4673/4673/4321
f 4673/4673/4321 4666/4666/4314 4667/4667/4315
f 4670/4670/4318 4671/4671/4319 4674/4674/4322
f 4674/4674/4322 4671/4671/4319 4673/4673/4321
f 4670/4670/4318 4675/4675/4323 4669/4669/4317
f 4669/4669/4317 4675/4675/4323 4672/4672/4320
f 4676/4676/4324 4137/4137/3792 4672/4672/4320
f 4676/4676/4324 4178/4178/3833 4137/4137/3792
f 4672/4672/4320 4677/4677/4325 4676/4676/4324
f 4675/4675/4323 4677/4677/4325 4672/4672/4320
f 4675/4675/4323 4670/4670/4318 4678/4678/4326
f 4678/4678/4326 4670/4670/4318 4674/4674/4322
f 4676/4676/4324 4679/4679/4327 4178/4178/3833
f 4677/4677/4325 4679/4679/4327 4676/4676/4324
f 4677/4677/4325 4675/4675/4323 4680/4680/4328
f 4680/4680/4328 4675/4675/4323 4678/4678/4326
f 4679/4679/4327 4681/4681/4329 4178/4178/3833
f 4178/4178/3833 4681/4681/4329 4177/4177/3832
f 4679/4679/4327 4677/4677/4325 4682/4682/4330
f 4682/4682/4330 4677/4677/4325 4680/4680/4328
f 4681/4681/4329 4683/4683/4331 4177/4177/3832
f 4177/4177/3832 4683/4683/4331 4185/4185/3840
f 4681/4681/4329 4679/4679/4327 4684/4684/4332
f 4684/4684/4332 4679/4679/4327 4682/4682/4330
f 4683/4683/4331 4685/4685/4333 4185/4185/3840
f 4185/4185/3840 4685/4685/4333 4188/4188/3843
f 4683/4683/4331 4681/4681/4329 4686/4686/4334
f 4686/4686/4334 4681/4681/4329 4684/4684/4332
f 4685/4685/4333 4687/4687/4335 4188/4188/3843
f 4188/4188/3843 4687/4687/4335 4655/4655/4303
f 4687/4687/4335 4688/4688/4336 4655/4655/4303
f 4655/4655/4303 4688/4688/4336 4652/4652/4300
f 4689/4689/4337 4683/4683/4331 4686/4686/4334
f 4685/4685/4333 4683/4683/4331 4689/4689/4337
f 4690/4690/4338 4687/4687/4335 4685/4685/4333
f 4688/4688/4336 4687/4687/4335 4690/4690/4338
f 4688/4688/4336 4691/4691/4339 4652/4652/4300
f 4653/4653/4301 4652/4652/4300 4691/4691/4339
f 4692/4692/4340 4685/4685/4333 4689/4689/4337
f 4692/4692/4340 4690/4690/4338 4685/4685/4333
f 4693/4693/4341 4688/4688/4336 4690/4690/4338
f 4691/4691/4339 4688/4688/4336 4693/4693/4341
f 4694/4694/4342 4653/4653/4301 4691/4691/4339
f 4653/4653/4301 4694/4694/4342 4654/4654/4302
f 4695/4695/4343 4691/4691/4339 4693/4693/4341
f 4694/4694/4342 4691/4691/4339 4695/4695/4343
f 4694/4694/4342 4696/4696/4344 4654/4654/4302
f 4654/4654/4302 4696/4696/4344 4656/4656/4304
f 4697/4697/4345 4694/4694/4342 4695/4695/4343
f 4696/4696/4344 4694/4694/4342 4697/4697/4345
f 4696/4696/4344 4698/4698/4346 4656/4656/4304
f 4657/4657/4305 4656/4656/4304 4698/4698/4346
f 4699/4699/4347 4696/4696/4344 4697/4697/4345
f 4698/4698/4346 4696/4696/4344 4699/4699/4347
f 4700/4700/4348 4657/4657/4305 4698/4698/4346
f 4658/4658/4306 4657/4657/4305 4700/4700/4348
f 4701/4701/4349 4658/4658/4306 4700/4700/4348
f 4658/4658/4306 4701/4701/4349 4659/4659/4307
f 4701/4701/4349 4702/4702/4350 4659/4659/4307
f 4659/4659/4307 4702/4702/4350 4662/4662/4310
f 4662/4662/4310 4702/4702/4350 4703/4703/4351
f 4662/4662/4310 4703/4703/4351 4667/4667/4315
f 4702/4702/4350 4701/4701/4349 4704/4704/4352
f 4702/4702/4350 4704/4704/4352 4703/4703/4351
f 4701/4701/4349 4700/4700/4348 4705/4705/4353
f 4701/4701/4349 4705/4705/4353 4704/4704/4352
f 4700/4700/4348 4698/4698/4346 4706/4706/4354
f 4700/4700/4348 4706/4706/4354 4705/4705/4353
f 4707/4707/4355 4698/4698/4346 4699/4699/4347
f 4698/4698/4346 4707/4707/4355 4706/4706/4354
f 4707/4707/4355 4708/4708/4356 4706/4706/4354
f 4708/4708/4356 4709/4709/4357 4706/4706/4354
f 4706/4706/4354 4709/4709/4357 4705/4705/4353
f 4709/4709/4357 4710/4710/4358 4705/4705/4353
f 4705/4705/4353 4710/4710/4358 4704/4704/4352
f 4710/4710/4358 4711/4711/4359 4704/4704/4352
f 4704/4704/4352 4711/4711/4359 4703/4703/4351
f 4711/4711/4359 4712/4712/4360 4703/4703/4351
f 4703/4703/4351 4712/4712/4360 4667/4667/4315
f 4712/4712/4360 4713/4713/4361 4667/4667/4315
f 4667/4667/4315 4713/4713/4361 4673/4673/4321
f 4713/4713/4361 4714/4714/4362 4673/4673/4321
f 4673/4673/4321 4714/4714/4362 4674/4674/4322
f 4714/4714/4362 4715/4715/4363 4674/4674/4322
f 4674/4674/4322 4715/4715/4363 4678/4678/4326
f 4715/4715/4363 4716/4716/4364 4678/4678/4326
f 4678/4678/4326 4716/4716/4364 4680/4680/4328
f 4716/4716/4364 4717/4717/4365 4680/4680/4328
f 4680/4680/4328 4717/4717/4365 4682/4682/4330
f 4717/4717/4365 4718/4718/4366 4682/4682/4330
f 4682/4682/4330 4719/4719/4367 4684/4684/4332
f 4719/4719/4367 4720/4720/4368 4684/4684/4332
f 4684/4684/4332 4720/4720/4368 4686/4686/4334
f 4720/4720/4368 4719/4719/4367 4721/4721/4369
f 4720/4720/4368 4722/4722/4370 4686/4686/4334
f 4686/4686/4334 4722/4722/4370 4689/4689/4337
f 4723/4723/4371 4720/4720/4368 4721/4721/4369
f 4722/4722/4370 4720/4720/4368 4723/4723/4371
f 4723/4723/4371 4721/4721/4369 4724/4724/4372
f 4725/4725/4373 4723/4723/4371 4724/4724/4372
f 4726/4726/4374 4723/4723/4371 4725/4725/4373
f 4726/4726/4374 4722/4722/4370 4723/4723/4371
f 4727/4727/4375 4726/4726/4374 4725/4725/4373
f 4722/4722/4370 4728/4728/4376 4689/4689/4337
f 4728/4728/4376 4722/4722/4370 4726/4726/4374
f 4689/4689/4337 4728/4728/4376 4692/4692/4340
f 4729/4729/4377 4726/4726/4374 4727/4727/4375
f 4729/4729/4377 4728/4728/4376 4726/4726/4374
f 4730/4730/4378 4729/4729/4377 4727/4727/4375
f 4728/4728/4376 4731/4731/4379 4692/4692/4340
f 4731/4731/4379 4728/4728/4376 4729/4729/4377
f 4692/4692/4340 4731/4731/4379 4690/4690/4338
f 4732/4732/4380 4729/4729/4377 4730/4730/4378
f 4732/4732/4380 4731/4731/4379 4729/4729/4377
f 4733/4733/4381 4732/4732/4380 4730/4730/4378
f 4731/4731/4379 4734/4734/4382 4690/4690/4338
f 4734/4734/4382 4731/4731/4379 4732/4732/4380
f 4690/4690/4338 4734/4734/4382 4693/4693/4341
f 4735/4735/4383 4732/4732/4380 4733/4733/4381
f 4735/4735/4383 4734/4734/4382 4732/4732/4380
f 4736/4736/4384 4735/4735/4383 4733/4733/4381
f 4734/4734/4382 4737/4737/4385 4693/4693/4341
f 4737/4737/4385 4734/4734/4382 4735/4735/4383
f 4693/4693/4341 4737/4737/4385 4695/4695/4343
f 4738/4738/4386 4735/4735/4383 4736/4736/4384
f 4738/4738/4386 4737/4737/4385 4735/4735/4383
f 4739/4739/4387 4738/4738/4386 4736/4736/4384
f 4737/4737/4385 4740/4740/4388 4695/4695/4343
f 4740/4740/4388 4737/4737/4385 4738/4738/4386
f 4695/4695/4343 4740/4740/4388 4697/4697/4345
f 4741/4741/4389 4738/4738/4386 4739/4739/4387
f 4741/4741/4389 4740/4740/4388 4738/4738/4386
f 4742/4742/4390 4741/4741/4389 4739/4739/4387
f 4740/4740/4388 4743/4743/4391 4697/4697/4345
f 4743/4743/4391 4740/4740/4388 4741/4741/4389
f 4697/4697/4345 4743/4743/4391 4699/4699/4347
f 4744/4744/4392 4741/4741/4389 4742/4742/4390
f 4744/4744/4392 4743/4743/4391 4741/4741/4389
f 4745/4745/4393 4744/4744/4392 4742/4742/4390
f 4743/4743/4391 4746/4746/4394 4699/4699/4347
f 4746/4746/4394 4743/4743/4391 4744/4744/4392
f 4699/4699/4347 4746/4746/4394 4707/4707/4355
f 4746/4746/4394 4747/4747/4395 4707/4707/4355
f 4748/4748/4396 4744/4744/4392 4745/4745/4393
f 4748/4748/4396 4746/4746/4394 4744/4744/4392
f 4747/4747/4395 4746/4746/4394 4748/4748/4396
f 4749/4749/4397 4748/4748/4396 4745/4745/4393
f 4750/4750/4398 4747/4747/4395 4748/4748/4396
f 4750/4750/4398 4748/4748/4396 4749/4749/4397
f 4751/4751/4399 4750/4750/4398 4749/4749/4397
f 4752/4752/4165 4753/4753/4400 4754/4754/4169
f 4753/4753/4400 4755/4755/4401 4754/4754/4169
f 4754/4754/4169 4755/4755/4401 4756/4756/4170
f 4753/4753/4400 4757/4757/4402 4755/4755/4401
f 4755/4755/4401 4758/4758/4403 4756/4756/4170
f 4756/4756/4170 4758/4758/4403 4759/4759/4172
f 4757/4757/4402 4760/4760/4404 4755/4755/4401
f 4755/4755/4401 4760/4760/4404 4758/4758/4403
f 4757/4757/4402 4761/4761/4405 4760/4760/4404
f 4758/4758/4403 4762/4762/4406 4759/4759/4172
f 4759/4759/4172 4762/4762/4406 4763/4763/4175
f 4760/4760/4404 4764/4764/4407 4758/4758/4403
f 4758/4758/4403 4764/4764/4407 4762/4762/4406
f 4761/4761/4405 4765/4765/4408 4760/4760/4404
f 4760/4760/4404 4765/4765/4408 4764/4764/4407
f 4761/4761/4405 4766/4766/4409 4765/4765/4408
f 4762/4762/4406 4767/4767/4410 4763/4763/4175
f 4763/4763/4175 4767/4767/4410 4768/4768/4179
f 4764/4764/4407 4769/4769/4411 4762/4762/4406
f 4762/4762/4406 4769/4769/4411 4767/4767/4410
f 4765/4765/4408 4770/4770/4412 4764/4764/4407
f 4764/4764/4407 4770/4770/4412 4769/4769/4411
f 4766/4766/4409 4771/4771/4413 4765/4765/4408
f 4765/4765/4408 4771/4771/4413 4770/4770/4412
f 4766/4766/4409 4772/4772/4414 4771/4771/4413
f 4771/4771/4413 4772/4772/4414 4773/4773/4415
f 4771/4771/4413 4773/4773/4415 4770/4770/4412
f 4773/4773/4415 4772/4772/4414 4774/4774/4416
f 4770/4770/4412 4773/4773/4415 4775/4775/4417
f 4770/4770/4412 4775/4775/4417 4769/4769/4411
f 4773/4773/4415 4774/4774/4416 4775/4775/4417
f 4767/4767/4410 4776/4776/4418 4768/4768/4179
f 4768/4768/4179 4776/4776/4418 4777/4777/4181
f 4769/4769/4411 4778/4778/4419 4767/4767/4410
f 4769/4769/4411 4775/4775/4417 4778/4778/4419
f 4767/4767/4410 4778/4778/4419 4776/4776/4418
f 4775/4775/4417 4774/4774/4416 4779/4779/4420
f 4775/4775/4417 4779/4779/4420 4778/4778/4419
f 4776/4776/4418 4780/4780/4421 4777/4777/4181
f 4777/4777/4181 4780/4780/4421 4781/4781/4184
f 4778/4778/4419 4782/4782/4422 4776/4776/4418
f 4778/4778/4419 4779/4779/4420 4782/4782/4422
f 4776/4776/4418 4782/4782/4422 4780/4780/4421
f 4774/4774/4416 4783/4783/4423 4779/4779/4420
f 4774/4774/4416 4772/4772/4414 4783/4783/4423
f 4780/4780/4421 4784/4784/4424 4781/4781/4184
f 4781/4781/4184 4784/4784/4424 4785/4785/4425
f 4782/4782/4422 4786/4786/4426 4780/4780/4421
f 4780/4780/4421 4786/4786/4426 4784/4784/4424
f 4779/4779/4420 4787/4787/4427 4782/4782/4422
f 4779/4779/4420 4783/4783/4423 4787/4787/4427
f 4782/4782/4422 4787/4787/4427 4786/4786/4426
f 4784/4784/4424 4788/4788/4428 4785/4785/4425
f 4785/4785/4425 4788/4788/4428 4789/4789/4429
f 4783/4783/4423 4790/4790/4430 4787/4787/4427
f 4783/4783/4423 4772/4772/4414 4790/4790/4430
f 4786/4786/4426 4791/4791/4431 4784/4784/4424
f 4784/4784/4424 4791/4791/4431 4788/4788/4428
f 4787/4787/4427 4792/4792/4432 4786/4786/4426
f 4787/4787/4427 4790/4790/4430 4792/4792/4432
f 4786/4786/4426 4792/4792/4432 4791/4791/4431
f 4788/4788/4428 4793/4793/4433 4789/4789/4429
f 4789/4789/4429 4793/4793/4433 4794/4794/4434
f 4793/4793/4433 4795/4795/4435 4794/4794/4434
f 4790/4790/4430 4796/4796/4436 4792/4792/4432
f 4790/4790/4430 4772/4772/4414 4796/4796/4436
f 4791/4791/4431 4797/4797/4437 4788/4788/4428
f 4788/4788/4428 4797/4797/4437 4793/4793/4433
f 4793/4793/4433 4798/4798/4438 4795/4795/4435
f 4797/4797/4437 4798/4798/4438 4793/4793/4433
f 4798/4798/4438 4799/4799/4439 4795/4795/4435
f 4792/4792/4432 4800/4800/4440 4791/4791/4431
f 4792/4792/4432 4796/4796/4436 4800/4800/4440
f 4791/4791/4431 4800/4800/4440 4797/4797/4437
f 4798/4798/4438 4801/4801/4441 4799/4799/4439
f 4801/4801/4441 4802/4802/4442 4799/4799/4439
f 4797/4797/4437 4803/4803/4443 4798/4798/4438
f 4800/4800/4440 4803/4803/4443 4797/4797/4437
f 4803/4803/4443 4801/4801/4441 4798/4798/4438
f 4796/4796/4436 4804/4804/4444 4800/4800/4440
f 4800/4800/4440 4804/4804/4444 4803/4803/4443
f 4796/4796/4436 4772/4772/4414 4804/4804/4444
f 4804/4804/4444 4805/4805/4445 4803/4803/4443
f 4803/4803/4443 4805/4805/4445 4801/4801/4441
f 4804/4804/4444 4772/4772/4414 4805/4805/4445
f 4801/4801/4441 4806/4806/4446 4802/4802/4442
f 4805/4805/4445 4806/4806/4446 4801/4801/4441
f 4805/4805/4445 4772/4772/4414 4806/4806/4446
f 4806/4806/4446 4807/4807/4447 4802/4802/4442
f 4806/4806/4446 4772/4772/4414 4807/4807/4447
f 4808/4808/4448 4809/4809/4435 4810/4810/4145
f 4809/4809/4435 4811/4811/4449 4810/4810/4145
f 4810/4810/4145 4811/4811/4449 4812/4812/4450
f 4809/4809/4435 4813/4813/4439 4811/4811/4449
f 4811/4811/4449 4814/4814/4451 4812/4812/4450
f 4812/4812/4450 4814/4814/4451 4815/4815/4452
f 4813/4813/4439 4816/4816/4453 4811/4811/4449
f 4811/4811/4449 4816/4816/4453 4814/4814/4451
f 4813/4813/4439 4817/4817/4442 4816/4816/4453
f 4814/4814/4451 4818/4818/4454 4815/4815/4452
f 4815/4815/4452 4818/4818/4454 4819/4819/4455
f 4816/4816/4453 4820/4820/4456 4814/4814/4451
f 4814/4814/4451 4820/4820/4456 4818/4818/4454
f 4817/4817/4442 4821/4821/4457 4816/4816/4453
f 4816/4816/4453 4821/4821/4457 4820/4820/4456
f 4817/4817/4442 4822/4822/4458 4821/4821/4457
f 4818/4818/4454 4823/4823/4459 4819/4819/4455
f 4819/4819/4455 4823/4823/4459 4824/4824/4148
f 4820/4820/4456 4825/4825/4460 4818/4818/4454
f 4818/4818/4454 4825/4825/4460 4823/4823/4459
f 4821/4821/4457 4826/4826/4461 4820/4820/4456
f 4820/4820/4456 4826/4826/4461 4825/4825/4460
f 4822/4822/4458 4827/4827/4462 4821/4821/4457
f 4821/4821/4457 4827/4827/4462 4826/4826/4461
f 4822/4822/4458 4828/4828/4463 4827/4827/4462
f 4827/4827/4462 4828/4828/4463 4829/4829/4464
f 4827/4827/4462 4829/4829/4464 4826/4826/4461
f 4829/4829/4464 4828/4828/4463 4830/4830/4465
f 4826/4826/4461 4829/4829/4464 4831/4831/4466
f 4826/4826/4461 4831/4831/4466 4825/4825/4460
f 4829/4829/4464 4830/4830/4465 4831/4831/4466
f 4823/4823/4459 4832/4832/4467 4824/4824/4148
f 4824/4824/4148 4832/4832/4467 4833/4833/4150
f 4825/4825/4460 4834/4834/4468 4823/4823/4459
f 4825/4825/4460 4831/4831/4466 4834/4834/4468
f 4823/4823/4459 4834/4834/4468 4832/4832/4467
f 4831/4831/4466 4830/4830/4465 4835/4835/4469
f 4831/4831/4466 4835/4835/4469 4834/4834/4468
f 4832/4832/4467 4836/4836/4470 4833/4833/4150
f 4833/4833/4150 4836/4836/4470 4837/4837/4471
f 4834/4834/4468 4838/4838/4472 4832/4832/4467
f 4834/4834/4468 4835/4835/4469 4838/4838/4472
f 4832/4832/4467 4838/4838/4472 4836/4836/4470
f 4830/4830/4465 4839/4839/4473 4835/4835/4469
f 4830/4830/4465 4828/4828/4463 4839/4839/4473
f 4836/4836/4470 4840/4840/4474 4837/4837/4471
f 4837/4837/4471 4840/4840/4474 4841/4841/4475
f 4838/4838/4472 4842/4842/4476 4836/4836/4470
f 4836/4836/4470 4842/4842/4476 4840/4840/4474
f 4835/4835/4469 4843/4843/4477 4838/4838/4472
f 4835/4835/4469 4839/4839/4473 4843/4843/4477
f 4838/4838/4472 4843/4843/4477 4842/4842/4476
f 4840/4840/4474 4844/4844/4478 4841/4841/4475
f 4841/4841/4475 4844/4844/4478 4845/4845/4164
f 4839/4839/4473 4846/4846/4479 4843/4843/4477
f 4839/4839/4473 4828/4828/4463 4846/4846/4479
f 4842/4842/4476 4847/4847/4480 4840/4840/4474
f 4840/4840/4474 4847/4847/4480 4844/4844/4478
f 4843/4843/4477 4848/4848/4481 4842/4842/4476
f 4843/4843/4477 4846/4846/4479 4848/4848/4481
f 4842/4842/4476 4848/4848/4481 4847/4847/4480
f 4844/4844/4478 4849/4849/4482 4845/4845/4164
f 4845/4845/4164 4849/4849/4482 4850/4850/4483
f 4849/4849/4482 4851/4851/4400 4850/4850/4483
f 4846/4846/4479 4852/4852/4484 4848/4848/4481
f 4846/4846/4479 4828/4828/4463 4852/4852/4484
f 4847/4847/4480 4853/4853/4485 4844/4844/4478
f 4844/4844/4478 4853/4853/4485 4849/4849/4482
f 4849/4849/4482 4854/4854/4486 4851/4851/4400
f 4853/4853/4485 4854/4854/4486 4849/4849/4482
f 4854/4854/4486 4855/4855/4402 4851/4851/4400
f 4848/4848/4481 4856/4856/4487 4847/4847/4480
f 4848/4848/4481 4852/4852/4484 4856/4856/4487
f 4847/4847/4480 4856/4856/4487 4853/4853/4485
f 4854/4854/4486 4857/4857/4488 4855/4855/4402
f 4857/4857/4488 4858/4858/4405 4855/4855/4402
f 4853/4853/4485 4859/4859/4489 4854/4854/4486
f 4856/4856/4487 4859/4859/4489 4853/4853/4485
f 4859/4859/4489 4857/4857/4488 4854/4854/4486
f 4852/4852/4484 4860/4860/4490 4856/4856/4487
f 4856/4856/4487 4860/4860/4490 4859/4859/4489
f 4852/4852/4484 4828/4828/4463 4860/4860/4490
f 4860/4860/4490 4861/4861/4491 4859/4859/4489
f 4859/4859/4489 4861/4861/4491 4857/4857/4488
f 4860/4860/4490 4828/4828/4463 4861/4861/4491
f 4857/4857/4488 4862/4862/4492 4858/4858/4405
f 4861/4861/4491 4862/4862/4492 4857/4857/4488
f 4861/4861/4491 4828/4828/4463 4862/4862/4492
f 4862/4862/4492 4863/4863/4493 4858/4858/4405
f 4862/4862/4492 4828/4828/4463 4863/4863/4493
f 4864/4864/4494 4865/4865/4495 4866/4866/4496
f 4865/4865/4495 4867/4867/4497 4866/4866/4496
f 4866/4866/4496 4867/4867/4497 4868/4868/4498
f 4867/4867/4497 4869/4869/4499 4868/4868/4498
f 4868/4868/4498 4869/4869/4499 4870/4870/4500
f 4869/4869/4499 4871/4871/4501 4870/4870/4500
f 4870/4870/4500 4871/4871/4501 4872/4872/4502
f 4871/4871/4501 4873/4873/4503 4872/4872/4502
f 4872/4872/4502 4873/4873/4503 4874/4874/4504
f 4873/4873/4503 4875/4875/4505 4874/4874/4504
f 4874/4874/4504 4875/4875/4505 4876/4876/4506
f 4875/4875/4505 4877/4877/4507 4876/4876/4506
f 4876/4876/4506 4877/4877/4507 4878/4878/4508
f 4877/4877/4507 4879/4879/4509 4878/4878/4508
f 4878/4878/4508 4879/4879/4509 4880/4880/4510
f 4879/4879/4509 4881/4881/4511 4880/4880/4510
f 4880/4880/4510 4881/4881/4511 4882/4882/4512
f 4881/4881/4511 4883/4883/4513 4882/4882/4512
f 4882/4882/4512 4883/4883/4513 4884/4884/4514
f 4883/4883/4513 4885/4885/4514 4884/4884/4514
f 4886/4886/4515 4887/4887/4516 4888/4888/4517
f 4887/4887/4516 4889/4889/4518 4888/4888/4517
f 4888/4888/4517 4889/4889/4518 4890/4890/4519
f 4889/4889/4518 4891/4891/4520 4890/4890/4519
f 4890/4890/4519 4891/4891/4520 4892/4892/4521
f 4891/4891/4520 4893/4893/4522 4892/4892/4521
f 4892/4892/4521 4893/4893/4522 4894/4894/4523
f 4893/4893/4522 4895/4895/4524 4894/4894/4523
f 4894/4894/4523 4895/4895/4524 4896/4896/4525
f 4895/4895/4524 4897/4897/4526 4896/4896/4525
f 4896/4896/4525 4897/4897/4526 4898/4898/4527
f 4897/4897/4526 4899/4899/4528 4898/4898/4527
f 4898/4898/4527 4899/4899/4528 4900/4900/4529
f 4899/4899/4528 4901/4901/4530 4900/4900/4529
f 4900/4900/4529 4901/4901/4530 4902/4902/4531
f 4901/4901/4530 4903/4903/4532 4902/4902/4531
f 4902/4902/4531 4903/4903/4532 4904/4904/4533
f 4903/4903/4532 4905/4905/4534 4904/4904/4533
f 4904/4904/4533 4905/4905/4534 4906/4906/4535
f 4905/4905/4534 4907/4907/4536 4906/4906/4535
f 4908/4908/4537 4909/4909/4538 4910/4910/4539
f 4909/4909/4538 4911/4911/4540 4910/4910/4539
f 4909/4909/4538 4912/4912/4541 4911/4911/4540
f 4912/4912/4541 4913/4913/4542 4911/4911/4540
f 4911/4911/4540 4914/4914/4543 4910/4910/4539
f 4914/4914/4543 4915/4915/4544 4910/4910/4539
f 4913/4913/4542 4916/4916/4545 4911/4911/4540
f 4916/4916/4545 4914/4914/4543 4911/4911/4540
f 4916/4916/4545 4913/4913/4542 4917/4917/4546
f 4913/4913/4542 4918/4918/4541 4917/4917/4546
f 4919/4919/4547 4916/4916/4545 4917/4917/4546
f 4914/4914/4543 4916/4916/4545 4919/4919/4547
f 4918/4918/4541 4920/4920/4548 4917/4917/4546
f 4921/4921/4549 4914/4914/4543 4919/4919/4547
f 4914/4914/4543 4921/4921/4549 4922/4922/4550
f 4915/4915/4544 4914/4914/4543 4922/4922/4550
f 4918/4918/4541 4923/4923/4538 4920/4920/4548
f 4923/4923/4538 4924/4924/4551 4920/4920/4548
f 4924/4924/4551 4923/4923/4538 4925/4925/4552
f 4923/4923/4538 4926/4926/4537 4925/4925/4552
f 4915/4915/4544 4922/4922/4550 4927/4927/4553
f 4928/4928/4539 4915/4915/4544 4927/4927/4553
f 4929/4929/4537 4928/4928/4539 4927/4927/4553
f 4930/4930/4552 4929/4929/4537 4927/4927/4553
f 4931/4931/4554 4932/4932/4555 4933/4933/4556
f 4934/4934/4557 4931/4931/4554 4933/4933/4556
f 4935/4935/4558 4934/4934/4557 4933/4933/4556
f 4936/4936/4559 4935/4935/4558 4933/4933/4556
f 4937/4937/4560 4935/4935/4558 4936/4936/4559
f 4938/4938/4561 4937/4937/4560 4936/4936/4559
f 4937/4937/4560 4938/4938/4561 4939/4939/4562
f 4940/4940/4563 4937/4937/4560 4939/4939/4562
f 4940/4940/4563 4939/4939/4562 4941/4941/4564
f 4942/4942/4565 4940/4940/4563 4941/4941/4564
f 4940/4940/4563 4942/4942/4565 4943/4943/4560
f 4944/4944/4566 4942/4942/4565 4941/4941/4564
f 4945/4945/4567 4944/4944/4566 4941/4941/4564
f 4946/4946/4568 4944/4944/4566 4945/4945/4567
f 4947/4947/4569 4946/4946/4568 4945/4945/4567
f 4946/4946/4568 4947/4947/4569 4948/4948/4555
f 4949/4949/4554 4946/4946/4568 4948/4948/4555
f 4942/4942/4565 4944/4944/4566 4950/4950/4570
f 4942/4942/4565 4951/4951/4571 4943/4943/4560
f 4951/4951/4571 4942/4942/4565 4950/4950/4570
f 4943/4943/4560 4951/4951/4571 4952/4952/4558
f 4951/4951/4571 4950/4950/4570 4953/4953/4572
f 4951/4951/4571 4954/4954/4573 4952/4952/4558
f 4954/4954/4573 4951/4951/4571 4953/4953/4572
f 4955/4955/4574 4956/4956/4575 4957/4957/4576
f 4956/4956/4575 4958/4958/4577 4957/4957/4576
f 4957/4957/4576 4958/4958/4577 4959/4959/4578
f 4958/4958/4577 4960/4960/4579 4959/4959/4578
f 4960/4960/4579 4958/4958/4577 4961/4961/4580
f 4958/4958/4577 4956/4956/4575 4962/4962/4581
f 4958/4958/4577 4962/4962/4581 4961/4961/4580
f 4963/4963/4582 4960/4960/4579 4961/4961/4580
f 4960/4960/4579 4963/4963/4582 4964/4964/4578
f 4963/4963/4582 4965/4965/4583 4964/4964/4578
f 4966/4966/4584 4963/4963/4582 4961/4961/4580
f 4966/4966/4584 4961/4961/4580 4962/4962/4581
f 4967/4967/4585 4966/4966/4584 4962/4962/4581
f 4968/4968/4586 4967/4967/4585 4962/4962/4581
f 4969/4969/4587 4968/4968/4586 4962/4962/4581
f 4956/4956/4575 4969/4969/4587 4962/4962/4581
f 4970/4970/4588 4968/4968/4586 4969/4969/4587
f 4956/4956/4575 4970/4970/4588 4969/4969/4587
f 4970/4970/4588 4956/4956/4575 4971/4971/4589
f 4972/4972/4590 4970/4970/4588 4971/4971/4589
f 4972/4972/4590 4971/4971/4589 4973/4973/4591
f 4974/4974/4592 4972/4972/4590 4973/4973/4591
f 4975/4975/4583 4974/4974/4592 4973/4973/4591
f 4976/4976/4578 4975/4975/4583 4973/4973/4591
f 4977/4977/4593 4978/4978/4594 4979/4979/4595
f 4978/4978/4594 4980/4980/4596 4979/4979/4595
f 4980/4980/4596 4981/4981/4597 4979/4979/4595
f 4978/4978/4594 4982/4982/4598 4980/4980/4596
f 4982/4982/4598 4983/4983/4599 4980/4980/4596
f 4980/4980/4596 4983/4983/4599 4981/4981/4597
f 4981/4981/4597 4984/4984/4600 4979/4979/4595
f 4983/4983/4599 4985/4985/4601 4981/4981/4597
f 4986/4986/4602 4984/4984/4600 4981/4981/4597
f 4987/4987/4603 4986/4986/4602 4981/4981/4597
f 4988/4988/4604 4987/4987/4603 4981/4981/4597
f 4985/4985/4601 4988/4988/4604 4981/4981/4597
f 4986/4986/4602 4989/4989/4605 4984/4984/4600
f 4989/4989/4605 4990/4990/4595 4984/4984/4600
f 4990/4990/4595 4989/4989/4605 4991/4991/4606
f 4989/4989/4605 4992/4992/4607 4991/4991/4606
f 4993/4993/4608 4988/4988/4604 4985/4985/4601
f 4994/4994/4609 4993/4993/4608 4985/4985/4601
f 4993/4993/4608 4994/4994/4609 4995/4995/4598
f 4996/4996/4610 4993/4993/4608 4995/4995/4598
f 4996/4996/4610 4995/4995/4598 4997/4997/4594
f 4998/4998/4611 4996/4996/4610 4997/4997/4594
f 4999/4999/4612 4998/4998/4611 4997/4997/4594
f 5000/5000/4606 4999/4999/4612 4997/4997/4594
f 5001/5001/4613 5002/5002/4614 5003/5003/4615
f 5002/5002/4614 5004/5004/4616 5003/5003/4615
f 5005/5005/4617 5003/5003/4615 5004/5004/4616
f 5006/5006/4618 5005/5005/4617 5004/5004/4616
f 5007/5007/4619 5006/5006/4618 5004/5004/4616
f 5004/5004/4616 5002/5002/4614 5008/5008/4620
f 5008/5008/4620 5007/5007/4619 5004/5004/4616
f 5002/5002/4614 5009/5009/4621 5008/5008/4620
f 5007/5007/4619 5008/5008/4620 5010/5010/4622
f 5008/5008/4620 5009/5009/4621 5010/5010/4622
f 5009/5009/4621 5011/5011/4623 5010/5010/4622
f 5012/5012/4624 5007/5007/4619 5010/5010/4622
f 5011/5011/4623 5013/5013/4625 5010/5010/4622
f 5012/5012/4624 5010/5010/4622 5014/5014/4626
f 5013/5013/4625 5014/5014/4626 5010/5010/4622
f 5015/5015/4627 5012/5012/4624 5014/5014/4626
f 5015/5015/4627 5014/5014/4626 5016/5016/4628
f 5017/5017/4629 5015/5015/4627 5016/5016/4628
f 5018/5018/4630 5017/5017/4629 5016/5016/4628
f 5013/5013/4625 5019/5019/4631 5014/5014/4626
f 5019/5019/4631 5016/5016/4628 5014/5014/4626
f 5019/5019/4631 5013/5013/4625 5020/5020/4632
f 5013/5013/4625 5021/5021/4633 5020/5020/4632
f 5021/5021/4633 5022/5022/4634 5020/5020/4632
f 5022/5022/4634 5023/5023/4614 5020/5020/4632
f 5020/5020/4632 5023/5023/4614 5024/5024/4613
f 5025/5025/4635 5020/5020/4632 5024/5024/4613
f 5020/5020/4632 5025/5025/4635 5026/5026/4636
f 5019/5019/4631 5020/5020/4632 5026/5026/4636
f 5027/5027/4637 5018/5018/4630 5016/5016/4628
f 5016/5016/4628 5019/5019/4631 5027/5027/4637
f 5019/5019/4631 5026/5026/4636 5027/5027/4637
f 5028/5028/4638 5018/5018/4630 5027/5027/4637
f 5027/5027/4637 5026/5026/4636 5029/5029/4639
f 5029/5029/4639 5028/5028/4638 5027/5027/4637
f 5026/5026/4636 5030/5030/4640 5029/5029/4639
f 5031/5031/4617 5028/5028/4638 5029/5029/4639
f 5030/5030/4640 5032/5032/4613 5029/5029/4639
f 5033/5033/4641 5031/5031/4617 5029/5029/4639
f 5032/5032/4613 5033/5033/4641 5029/5029/4639
f 5034/5034/4642 5035/5035/4643 5036/5036/4644
f 5035/5035/4643 5037/5037/4645 5036/5036/4644
f 5036/5036/4644 5037/5037/4645 5038/5038/4646
f 5039/5039/4647 5037/5037/4645 5035/5035/4643
f 5040/5040/4648 5039/5039/4647 5035/5035/4643
f 5037/5037/4645 5039/5039/4647 5041/5041/4649
f 5037/5037/4645 5041/5041/4649 5038/5038/4646
f 5039/5039/4647 5042/5042/4650 5041/5041/4649
f 5042/5042/4650 5043/5043/4651 5041/5041/4649
f 5041/5041/4649 5044/5044/4652 5038/5038/4646
f 5043/5043/4651 5044/5044/4652 5041/5041/4649
f 5044/5044/4652 5045/5045/4653 5038/5038/4646
f 5044/5044/4652 5043/5043/4651 5046/5046/4654
f 5044/5044/4652 5046/5046/4654 5045/5045/4653
f 5046/5046/4654 5047/5047/4655 5045/5045/4653
f 5043/5043/4651 5048/5048/4656 5046/5046/4654
f 5047/5047/4655 5046/5046/4654 5049/5049/4657
f 5046/5046/4654 5048/5048/4656 5050/5050/4658
f 5046/5046/4654 5050/5050/4658 5049/5049/4657
f 5048/5048/4656 5051/5051/4659 5050/5050/4658
f 5050/5050/4658 5051/5051/4659 5052/5052/4660
f 5051/5051/4659 5053/5053/4661 5052/5052/4660
f 5053/5053/4661 5054/5054/4662 5052/5052/4660
f 5049/5049/4657 5050/5050/4658 5055/5055/4663
f 5050/5050/4658 5052/5052/4660 5055/5055/4663
f 5055/5055/4663 5056/5056/4664 5049/5049/4657
f 5056/5056/4664 5057/5057/4655 5049/5049/4657
f 5057/5057/4655 5056/5056/4664 5058/5058/4653
f 5056/5056/4664 5059/5059/4646 5058/5058/4653
f 5060/5060/4644 5059/5059/4646 5056/5056/4664
f 5061/5061/4665 5060/5060/4644 5056/5056/4664
f 5062/5062/4666 5061/5061/4665 5056/5056/4664
f 5055/5055/4663 5062/5062/4666 5056/5056/4664
f 5054/5054/4662 5063/5063/4667 5052/5052/4660
f 5052/5052/4660 5063/5063/4667 5055/5055/4663
f 5063/5063/4667 5062/5062/4666 5055/5055/4663
f 5054/5054/4662 5064/5064/4648 5063/5063/4667
f 5064/5064/4648 5065/5065/4668 5063/5063/4667
f 5063/5063/4667 5065/5065/4668 5062/5062/4666
f 5065/5065/4668 5066/5066/4665 5062/5062/4666
f 5067/5067/4669 5068/5068/4670 5069/5069/4671
f 5068/5068/4670 5070/5070/4672 5069/5069/4671
f 5068/5068/4670 5071/5071/4673 5070/5070/4672
f 5071/5071/4673 5072/5072/4674 5070/5070/4672
f 5072/5072/4674 5071/5071/4673 5073/5073/4675
f 5074/5074/4674 5072/5072/4674 5073/5073/4675
f 5075/5075/4676 5076/5076/4677 5077/5077/4678
f 5076/5076/4677 5078/5078/4679 5077/5077/4678
f 5076/5076/4677 5079/5079/4680 5078/5078/4679
f 5079/5079/4680 5080/5080/4677 5078/5078/4679
f 5080/5080/4677 5079/5079/4680 5081/5081/4677
f 5082/5082/4681 5080/5080/4677 5081/5081/4677
f 5083/5083/4682 5084/5084/4682 5085/5085/4683
f 5084/5084/4682 5086/5086/4682 5085/5085/4683
f 5084/5084/4682 5087/5087/4684 5086/5086/4682
f 5087/5087/4684 5088/5088/4684 5086/5086/4682
f 5088/5088/4684 5087/5087/4684 5089/5089/4685
f 5090/5090/4686 5088/5088/4684 5089/5089/4685
f 5091/5091/4687 5092/5092/4688 5093/5093/4689
f 5092/5092/4688 5094/5094/4690 5093/5093/4689
f 5092/5092/4688 5095/5095/4690 5094/5094/4690
f 5095/5095/4690 5096/5096/4688 5094/5094/4690
f 5096/5096/4688 5095/5095/4690 5097/5097/4691
f 5098/5098/4687 5096/5096/4688 5097/5097/4691
f 5099/5099/4692 5100/5100/4693 5101/5101/4694
f 5100/5100/4693 5102/5102/4695 5101/5101/4694
f 5100/5100/4693 5103/5103/4696 5102/5102/4695
f 5099/5099/4692 5101/5101/4694 5104/5104/4697
f 5105/5105/4698 5099/5099/4692 5104/5104/4697
f 5103/5103/4696 5106/5106/4699 5102/5102/4695
f 5103/5103/4696 5107/5107/4700 5106/5106/4699
f 5105/5105/4698 5104/5104/4697 5108/5108/4701
f 5109/5109/4702 5105/5105/4698 5108/5108/4701
f 5107/5107/4700 5110/5110/4703 5106/5106/4699
f 5107/5107/4700 5111/5111/4704 5110/5110/4703
f 5109/5109/4702 5108/5108/4701 5112/5112/4705
f 5113/5113/4706 5109/5109/4702 5112/5112/4705
f 5111/5111/4704 5114/5114/4707 5110/5110/4703
f 5111/5111/4704 5115/5115/4708 5114/5114/4707
f 5113/5113/4706 5112/5112/4705 5116/5116/4709
f 5117/5117/4710 5113/5113/4706 5116/5116/4709
f 5115/5115/4708 5118/5118/4711 5114/5114/4707
f 5115/5115/4708 5119/5119/4712 5118/5118/4711
f 5117/5117/4710 5116/5116/4709 5120/5120/4713
f 5121/5121/4714 5117/5117/4710 5120/5120/4713
f 5119/5119/4712 5122/5122/4715 5118/5118/4711
f 5119/5119/4712 5123/5123/4716 5122/5122/4715
f 5121/5121/4714 5120/5120/4713 5124/5124/4717
f 5125/5125/4718 5121/5121/4714 5124/5124/4717
f 5123/5123/4716 5126/5126/4719 5122/5122/4715
f 5123/5123/4716 5127/5127/4720 5126/5126/4719
f 5125/5125/4718 5124/5124/4717 5128/5128/4721
f 5129/5129/4722 5125/5125/4718 5128/5128/4721
f 5127/5127/4720 5130/5130/4723 5126/5126/4719
f 5127/5127/4720 5131/5131/4724 5130/5130/4723
f 5131/5131/4724 5129/5129/4722 5132/5132/4725
f 5129/5129/4722 5128/5128/4721 5132/5132/4725
f 5131/5131/4724 5132/5132/4725 5130/5130/4723
f 5118/5118/4711 5122/5122/4715 5133/5133/4726
f 5122/5122/4715 5126/5126/4719 5134/5134/4727
f 5122/5122/4715 5134/5134/4727 5133/5133/4726
f 5126/5126/4719 5130/5130/4723 5135/5135/4728
f 5126/5126/4719 5135/5135/4728 5134/5134/4727
f 5130/5130/4723 5132/5132/4725 5136/5136/4729
f 5130/5130/4723 5136/5136/4729 5135/5135/4728
f 5132/5132/4725 5128/5128/4721 5137/5137/4730
f 5132/5132/4725 5137/5137/4730 5136/5136/4729
f 5128/5128/4721 5124/5124/4717 5138/5138/4731
f 5128/5128/4721 5138/5138/4731 5137/5137/4730
f 5118/5118/4711 5133/5133/4726 5139/5139/4732
f 5114/5114/4707 5118/5118/4711 5139/5139/4732
f 5124/5124/4717 5140/5140/4733 5138/5138/4731
f 5124/5124/4717 5120/5120/4713 5140/5140/4733
f 5114/5114/4707 5139/5139/4732 5141/5141/4734
f 5110/5110/4703 5114/5114/4707 5141/5141/4734
f 5120/5120/4713 5142/5142/4735 5140/5140/4733
f 5120/5120/4713 5116/5116/4709 5142/5142/4735
f 5110/5110/4703 5141/5141/4734 5143/5143/4736
f 5106/5106/4699 5110/5110/4703 5143/5143/4736
f 5116/5116/4709 5144/5144/4737 5142/5142/4735
f 5116/5116/4709 5112/5112/4705 5144/5144/4737
f 5106/5106/4699 5143/5143/4736 5145/5145/4738
f 5102/5102/4695 5106/5106/4699 5145/5145/4738
f 5112/5112/4705 5146/5146/4739 5144/5144/4737
f 5112/5112/4705 5108/5108/4701 5146/5146/4739
f 5102/5102/4695 5145/5145/4738 5147/5147/4740
f 5101/5101/4694 5102/5102/4695 5147/5147/4740
f 5108/5108/4701 5148/5148/4741 5146/5146/4739
f 5108/5108/4701 5104/5104/4697 5148/5148/4741
f 5104/5104/4697 5101/5101/4694 5149/5149/4742
f 5101/5101/4694 5147/5147/4740 5149/5149/4742
f 5104/5104/4697 5149/5149/4742 5148/5148/4741
f 5142/5142/4735 5144/5144/4737 5150/5150/4743
f 5144/5144/4737 5146/5146/4739 5151/5151/4744
f 5144/5144/4737 5151/5151/4744 5150/5150/4743
f 5150/5150/4743 5151/5151/4744 5152/5152/4745
f 5153/5153/4746 5150/5150/4743 5152/5152/4745
f 5142/5142/4735 5150/5150/4743 5153/5153/4746
f 5140/5140/4733 5142/5142/4735 5153/5153/4746
f 5146/5146/4739 5154/5154/4747 5151/5151/4744
f 5146/5146/4739 5148/5148/4741 5154/5154/4747
f 5151/5151/4744 5154/5154/4747 5152/5152/4745
f 5140/5140/4733 5153/5153/4746 5155/5155/4748
f 5155/5155/4748 5153/5153/4746 5152/5152/4745
f 5138/5138/4731 5140/5140/4733 5155/5155/4748
f 5148/5148/4741 5156/5156/4749 5154/5154/4747
f 5148/5148/4741 5149/5149/4742 5156/5156/4749
f 5154/5154/4747 5156/5156/4749 5152/5152/4745
f 5138/5138/4731 5155/5155/4748 5157/5157/4750
f 5157/5157/4750 5155/5155/4748 5152/5152/4745
f 5137/5137/4730 5138/5138/4731 5157/5157/4750
f 5149/5149/4742 5158/5158/4751 5156/5156/4749
f 5156/5156/4749 5158/5158/4751 5152/5152/4745
f 5149/5149/4742 5147/5147/4740 5158/5158/4751
f 5159/5159/4752 5157/5157/4750 5152/5152/4745
f 5137/5137/4730 5157/5157/4750 5159/5159/4752
f 5158/5158/4751 5160/5160/4753 5152/5152/4745
f 5147/5147/4740 5160/5160/4753 5158/5158/4751
f 5161/5161/4754 5159/5159/4752 5152/5152/4745
f 5136/5136/4729 5137/5137/4730 5159/5159/4752
f 5136/5136/4729 5159/5159/4752 5161/5161/4754
f 5147/5147/4740 5145/5145/4738 5160/5160/4753
f 5135/5135/4728 5136/5136/4729 5161/5161/4754
f 5145/5145/4738 5162/5162/4755 5160/5160/4753
f 5160/5160/4753 5162/5162/4755 5152/5152/4745
f 5145/5145/4738 5143/5143/4736 5162/5162/4755
f 5135/5135/4728 5161/5161/4754 5163/5163/4756
f 5163/5163/4756 5161/5161/4754 5152/5152/4745
f 5134/5134/4727 5135/5135/4728 5163/5163/4756
f 5143/5143/4736 5164/5164/4757 5162/5162/4755
f 5162/5162/4755 5164/5164/4757 5152/5152/4745
f 5143/5143/4736 5141/5141/4734 5164/5164/4757
f 5134/5134/4727 5163/5163/4756 5165/5165/4758
f 5165/5165/4758 5163/5163/4756 5152/5152/4745
f 5133/5133/4726 5134/5134/4727 5165/5165/4758
f 5141/5141/4734 5166/5166/4759 5164/5164/4757
f 5164/5164/4757 5166/5166/4759 5152/5152/4745
f 5141/5141/4734 5139/5139/4732 5166/5166/4759
f 5167/5167/4760 5165/5165/4758 5152/5152/4745
f 5133/5133/4726 5165/5165/4758 5167/5167/4760
f 5166/5166/4759 5167/5167/4760 5152/5152/4745
f 5139/5139/4732 5167/5167/4760 5166/5166/4759
f 5139/5139/4732 5133/5133/4726 5167/5167/4760
f 5168/5168/4761 5169/5169/4762 5170/5170/4763
f 5169/5169/4762 5171/5171/4764 5170/5170/4763
f 5169/5169/4762 5172/5172/4765 5171/5171/4764
f 5168/5168/4761 5170/5170/4763 5173/5173/4766
f 5174/5174/4767 5168/5168/4761 5173/5173/4766
f 5172/5172/4765 5175/5175/4768 5171/5171/4764
f 5172/5172/4765 5176/5176/4769 5175/5175/4768
f 5174/5174/4767 5173/5173/4766 5177/5177/4770
f 5178/5178/4771 5174/5174/4767 5177/5177/4770
f 5176/5176/4769 5179/5179/4772 5175/5175/4768
f 5176/5176/4769 5180/5180/4773 5179/5179/4772
f 5178/5178/4771 5177/5177/4770 5181/5181/4774
f 5182/5182/4775 5178/5178/4771 5181/5181/4774
f 5180/5180/4773 5183/5183/4776 5179/5179/4772
f 5180/5180/4773 5184/5184/4777 5183/5183/4776
f 5182/5182/4775 5181/5181/4774 5185/5185/4778
f 5186/5186/4779 5182/5182/4775 5185/5185/4778
f 5184/5184/4777 5187/5187/4780 5183/5183/4776
f 5184/5184/4777 5188/5188/4781 5187/5187/4780
f 5186/5186/4779 5185/5185/4778 5189/5189/4782
f 5190/5190/4783 5186/5186/4779 5189/5189/4782
f 5188/5188/4781 5191/5191/4784 5187/5187/4780
f 5188/5188/4781 5192/5192/4785 5191/5191/4784
f 5190/5190/4783 5189/5189/4782 5193/5193/4786
f 5194/5194/4787 5190/5190/4783 5193/5193/4786
f 5192/5192/4785 5195/5195/4788 5191/5191/4784
f 5192/5192/4785 5196/5196/4789 5195/5195/4788
f 5194/5194/4787 5193/5193/4786 5197/5197/4790
f 5198/5198/4791 5194/5194/4787 5197/5197/4790
f 5196/5196/4789 5199/5199/4792 5195/5195/4788
f 5196/5196/4789 5200/5200/4793 5199/5199/4792
f 5200/5200/4793 5198/5198/4791 5201/5201/4794
f 5198/5198/4791 5197/5197/4790 5201/5201/4794
f 5200/5200/4793 5201/5201/4794 5199/5199/4792
f 5187/5187/4780 5191/5191/4784 5202/5202/4795
f 5191/5191/4784 5195/5195/4788 5203/5203/4796
f 5191/5191/4784 5203/5203/4796 5202/5202/4795
f 5195/5195/4788 5199/5199/4792 5204/5204/4797
f 5195/5195/4788 5204/5204/4797 5203/5203/4796
f 5199/5199/4792 5201/5201/4794 5205/5205/4798
f 5199/5199/4792 5205/5205/4798 5204/5204/4797
f 5201/5201/4794 5197/5197/4790 5206/5206/4799
f 5201/5201/4794 5206/5206/4799 5205/5205/4798
f 5197/5197/4790 5193/5193/4786 5207/5207/4800
f 5197/5197/4790 5207/5207/4800 5206/5206/4799
f 5187/5187/4780 5202/5202/4795 5208/5208/4801
f 5183/5183/4776 5187/5187/4780 5208/5208/4801
f 5193/5193/4786 5209/5209/4802 5207/5207/4800
f 5193/5193/4786 5189/5189/4782 5209/5209/4802
f 5183/5183/4776 5208/5208/4801 5210/5210/4803
f 5179/5179/4772 5183/5183/4776 5210/5210/4803
f 5189/5189/4782 5211/5211/4804 5209/5209/4802
f 5189/5189/4782 5185/5185/4778 5211/5211/4804
f 5179/5179/4772 5210/5210/4803 5212/5212/4805
f 5175/5175/4768 5179/5179/4772 5212/5212/4805
f 5185/5185/4778 5213/5213/4806 5211/5211/4804
f 5185/5185/4778 5181/5181/4774 5213/5213/4806
f 5175/5175/4768 5212/5212/4805 5214/5214/4807
f 5171/5171/4764 5175/5175/4768 5214/5214/4807
f 5181/5181/4774 5215/5215/4808 5213/5213/4806
f 5181/5181/4774 5177/5177/4770 5215/5215/4808
f 5171/5171/4764 5214/5214/4807 5216/5216/4809
f 5170/5170/4763 5171/5171/4764 5216/5216/4809
f 5177/5177/4770 5217/5217/4810 5215/5215/4808
f 5177/5177/4770 5173/5173/4766 5217/5217/4810
f 5173/5173/4766 5170/5170/4763 5218/5218/4811
f 5170/5170/4763 5216/5216/4809 5218/5218/4811
f 5173/5173/4766 5218/5218/4811 5217/5217/4810
f 5211/5211/4804 5213/5213/4806 5219/5219/4812
f 5213/5213/4806 5215/5215/4808 5220/5220/4813
f 5213/5213/4806 5220/5220/4813 5219/5219/4812
f 5219/5219/4812 5220/5220/4813 5221/5221/4814
f 5222/5222/4815 5219/5219/4812 5221/5221/4814
f 5211/5211/4804 5219/5219/4812 5222/5222/4815
f 5209/5209/4802 5211/5211/4804 5222/5222/4815
f 5215/5215/4808 5223/5223/4816 5220/5220/4813
f 5215/5215/4808 5217/5217/4810 5223/5223/4816
f 5220/5220/4813 5223/5223/4816 5221/5221/4814
f 5209/5209/4802 5222/5222/4815 5224/5224/4817
f 5224/5224/4817 5222/5222/4815 5221/5221/4814
f 5207/5207/4800 5209/5209/4802 5224/5224/4817
f 5217/5217/4810 5225/5225/4818 5223/5223/4816
f 5217/5217/4810 5218/5218/4811 5225/5225/4818
f 5223/5223/4816 5225/5225/4818 5221/5221/4814
f 5207/5207/4800 5224/5224/4817 5226/5226/4819
f 5226/5226/4819 5224/5224/4817 5221/5221/4814
f 5206/5206/4799 5207/5207/4800 5226/5226/4819
f 5218/5218/4811 5227/5227/4820 5225/5225/4818
f 5225/5225/4818 5227/5227/4820 5221/5221/4814
f 5218/5218/4811 5216/5216/4809 5227/5227/4820
f 5228/5228/4821 5226/5226/4819 5221/5221/4814
f 5206/5206/4799 5226/5226/4819 5228/5228/4821
f 5227/5227/4820 5229/5229/4822 5221/5221/4814
f 5216/5216/4809 5229/5229/4822 5227/5227/4820
f 5230/5230/4823 5228/5228/4821 5221/5221/4814
f 5205/5205/4798 5206/5206/4799 5228/5228/4821
f 5205/5205/4798 5228/5228/4821 5230/5230/4823
f 5216/5216/4809 5214/5214/4807 5229/5229/4822
f 5204/5204/4797 5205/5205/4798 5230/5230/4823
f 5214/5214/4807 5231/5231/4824 5229/5229/4822
f 5229/5229/4822 5231/5231/4824 5221/5221/4814
f 5214/5214/4807 5212/5212/4805 5231/5231/4824
f 5204/5204/4797 5230/5230/4823 5232/5232/4825
f 5232/5232/4825 5230/5230/4823 5221/5221/4814
f 5203/5203/4796 5204/5204/4797 5232/5232/4825
f 5212/5212/4805 5233/5233/4826 5231/5231/4824
f 5231/5231/4824 5233/5233/4826 5221/5221/4814
f 5212/5212/4805 5210/5210/4803 5233/5233/4826
f 5203/5203/4796 5232/5232/4825 5234/5234/4827
f 5234/5234/4827 5232/5232/4825 5221/5221/4814
f 5202/5202/4795 5203/5203/4796 5234/5234/4827
f 5210/5210/4803 5235/5235/4828 5233/5233/4826
f 5233/5233/4826 5235/5235/4828 5221/5221/4814
f 5210/5210/4803 5208/5208/4801 5235/5235/4828
f 5236/5236/4829 5234/5234/4827 5221/5221/4814
f 5202/5202/4795 5234/5234/4827 5236/5236/4829
f 5235/5235/4828 5236/5236/4829 5221/5221/4814
f 5208/5208/4801 5236/5236/4829 5235/5235/4828
f 5208/5208/4801 5202/5202/4795 5236/5236/4829
usemtl hair
f 5237/5237/4830 5238/5238/4831 5239/5239/4832
f 5240/5240/4833 5237/5237/4830 5239/5239/4832
f 5240/5240/4833 5239/5239/4832 5241/5241/4834
f 5242/5242/4835 5237/5237/4830 5240/5240/4833
f 5243/5243/4836 5240/5240/4833 5241/5241/4834
f 5243/5243/4836 5241/5241/4834 5244/5244/4837
f 5245/5245/4838 5243/5243/4836 5244/5244/4837
f 5246/5246/4839 5242/5242/4835 5240/5240/4833
f 5246/5246/4839 5240/5240/4833 5243/5243/4836
f 5247/5247/4840 5242/5242/4835 5246/5246/4839
f 5248/5248/4841 5243/5243/4836 5245/5245/4838
f 5248/5248/4841 5246/5246/4839 5243/5243/4836
f 5249/5249/4842 5248/5248/4841 5245/5245/4838
f 5250/5250/4843 5247/5247/4840 5246/5246/4839
f 5250/5250/4843 5246/5246/4839 5248/5248/4841
f 5251/5251/4844 5247/5247/4840 5250/5250/4843
f 5252/5252/4845 5248/5248/4841 5249/5249/4842
f 5252/5252/4845 5250/5250/4843 5248/5248/4841
f 5253/5253/4846 5252/5252/4845 5249/5249/4842
f 5254/5254/4847 5251/5251/4844 5250/5250/4843
f 5254/5254/4847 5250/5250/4843 5252/5252/4845
f 5255/5255/4848 5252/5252/4845 5253/5253/4846
f 5255/5255/4848 5254/5254/4847 5252/5252/4845
f 5256/5256/4849 5255/5255/4848 5253/5253/4846
f 5256/5256/4849 5257/5257/4850 5255/5255/4848
f 5254/5254/4847 5258/5258/4851 5251/5251/4844
f 5258/5258/4851 5259/5259/4852 5251/5251/4844
f 5260/5260/4853 5259/5259/4852 5258/5258/4851
f 5255/5255/4848 5261/5261/4854 5254/5254/4847
f 5257/5257/4850 5261/5261/4854 5255/5255/4848
f 5261/5261/4854 5258/5258/4851 5254/5254/4847
f 5262/5262/4855 5260/5260/4853 5258/5258/4851
f 5262/5262/4855 5258/5258/4851 5261/5261/4854
f 5263/5263/4856 5260/5260/4853 5262/5262/4855
f 5264/5264/4857 5261/5261/4854 5257/5257/4850
f 5264/5264/4857 5262/5262/4855 5261/5261/4854
f 5265/5265/4858 5264/5264/4857 5257/5257/4850
f 5266/5266/4859 5263/5263/4856 5262/5262/4855
f 5266/5266/4859 5262/5262/4855 5264/5264/4857
f 5267/5267/4860 5263/5263/4856 5266/5266/4859
f 5268/5268/4861 5264/5264/4857 5265/5265/4858
f 5268/5268/4861 5266/5266/4859 5264/5264/4857
f 5269/5269/4862 5268/5268/4861 5265/5265/4858
f 5270/5270/4863 5267/5267/4860 5266/5266/4859
f 5270/5270/4863 5266/5266/4859 5268/5268/4861
f 5271/5271/4864 5267/5267/4860 5270/5270/4863
f 5272/5272/4865 5271/5271/4864 5270/5270/4863
f 5273/5273/4866 5268/5268/4861 5269/5269/4862
f 5273/5273/4866 5270/5270/4863 5268/5268/4861
f 5272/5272/4865 5270/5270/4863 5273/5273/4866
f 5274/5274/4867 5273/5273/4866 5269/5269/4862
f 5275/5275/4868 5272/5272/4865 5273/5273/4866
f 5275/5275/4868 5273/5273/4866 5274/5274/4867
f 5276/5276/4869 5275/5275/4868 5274/5274/4867
f 5277/5277/4870 5278/5278/4871 5279/5279/4872
f 5278/5278/4871 5280/5280/4873 5279/5279/4872
f 5279/5279/4872 5280/5280/4873 5281/5281/4874
f 5278/5278/4871 5282/5282/4875 5280/5280/4873
f 5280/5280/4873 5283/5283/4876 5281/5281/4874
f 5281/5281/4874 5283/5283/4876 5284/5284/4877
f 5283/5283/4876 5285/5285/4878 5284/5284/4877
f 5282/5282/4875 5286/5286/4879 5280/5280/4873
f 5280/5280/4873 5286/5286/4879 5283/5283/4876
f 5282/5282/4875 5287/5287/4880 5286/5286/4879
f 5283/5283/4876 5288/5288/4881 5285/5285/4878
f 5286/5286/4879 5288/5288/4881 5283/5283/4876
f 5288/5288/4881 5289/5289/4882 5285/5285/4878
f 5287/5287/4880 5290/5290/4883 5286/5286/4879
f 5286/5286/4879 5290/5290/4883 5288/5288/4881
f 5287/5287/4880 5291/5291/4884 5290/5290/4883
f 5288/5288/4881 5292/5292/4885 5289/5289/4882
f 5290/5290/4883 5292/5292/4885 5288/5288/4881
f 5292/5292/4885 5293/5293/4886 5289/5289/4882
f 5291/5291/4884 5294/5294/4887 5290/5290/4883
f 5290/5290/4883 5294/5294/4887 5292/5292/4885
f 5292/5292/4885 5295/5295/4888 5293/5293/4886
f 5294/5294/4887 5295/5295/4888 5292/5292/4885
f 5295/5295/4888 5296/5296/4889 5293/5293/4886
f 5297/5297/4890 5296/5296/4889 5295/5295/4888
f 5298/5298/4891 5294/5294/4887 5291/5291/4884
f 5299/5299/4892 5298/5298/4891 5291/5291/4884
f 5299/5299/4892 5300/5300/4893 5298/5298/4891
f 5301/5301/4894 5295/5295/4888 5294/5294/4887
f 5301/5301/4894 5297/5297/4890 5295/5295/4888
f 5298/5298/4891 5301/5301/4894 5294/5294/4887
f 5300/5300/4893 5302/5302/4895 5298/5298/4891
f 5298/5298/4891 5302/5302/4895 5301/5301/4894
f 5300/5300/4893 5303/5303/4896 5302/5302/4895
f 5301/5301/4894 5304/5304/4897 5297/5297/4890
f 5302/5302/4895 5304/5304/4897 5301/5301/4894
f 5304/5304/4897 5305/5305/4898 5297/5297/4890
f 5303/5303/4896 5306/5306/4899 5302/5302/4895
f 5302/5302/4895 5306/5306/4899 5304/5304/4897
f 5303/5303/4896 5307/5307/4900 5306/5306/4899
f 5304/5304/4897 5308/5308/4901 5305/5305/4898
f 5306/5306/4899 5308/5308/4901 5304/5304/4897
f 5308/5308/4901 5309/5309/4902 5305/5305/4898
f 5307/5307/4900 5310/5310/4903 5306/5306/4899
f 5306/5306/4899 5310/5310/4903 5308/5308/4901
f 5307/5307/4900 5311/5311/4904 5310/5310/4903
f 5311/5311/4904 5312/5312/4905 5310/5310/4903
f 5308/5308/4901 5313/5313/4906 5309/5309/4902
f 5310/5310/4903 5313/5313/4906 5308/5308/4901
f 5310/5310/4903 5312/5312/4905 5313/5313/4906
f 5313/5313/4906 5314/5314/4907 5309/5309/4902
f 5312/5312/4905 5315/5315/4908 5313/5313/4906
f 5313/5313/4906 5315/5315/4908 5314/5314/4907
f 5315/5315/4908 5316/5316/4909 5314/5314/4907
f 5317/5317/4910 5318/5318/4911 5319/5319/4912
f 5320/5320/4913 5317/5317/4910 5319/5319/4912
f 5321/5321/4914 5320/5320/4913 5319/5319/4912
f 5322/5322/4915 5321/5321/4914 5319/5319/4912
f 5318/5318/4911 5323/5323/4916 5319/5319/4912
f 5323/5323/4916 5318/5318/4911 5324/5324/4917
f 5323/5323/4916 5325/5325/4918 5319/5319/4912
f 5325/5325/4918 5323/5323/4916 5324/5324/4917
f 5318/5318/4911 5326/5326/4919 5324/5324/4917
f 5326/5326/4919 5327/5327/4920 5324/5324/4917
f 5328/5328/4921 5322/5322/4915 5319/5319/4912
f 5325/5325/4918 5328/5328/4921 5319/5319/4912
f 5322/5322/4915 5328/5328/4921 5329/5329/4922
f 5328/5328/4921 5325/5325/4918 5329/5329/4922
f 5330/5330/4923 5322/5322/4915 5329/5329/4922
f 5331/5331/4924 5330/5330/4923 5329/5329/4922
f 5327/5327/4920 5332/5332/4925 5324/5324/4917
f 5332/5332/4925 5327/5327/4920 5333/5333/4926
f 5332/5332/4925 5334/5334/4927 5324/5324/4917
f 5334/5334/4927 5332/5332/4925 5333/5333/4926
f 5327/5327/4920 5335/5335/4928 5333/5333/4926
f 5335/5335/4928 5336/5336/4929 5333/5333/4926
f 5337/5337/4930 5325/5325/4918 5324/5324/4917
f 5334/5334/4927 5337/5337/4930 5324/5324/4917
f 5325/5325/4918 5337/5337/4930 5338/5338/4931
f 5337/5337/4930 5334/5334/4927 5338/5338/4931
f 5325/5325/4918 5339/5339/4932 5329/5329/4922
f 5339/5339/4932 5325/5325/4918 5338/5338/4931
f 5339/5339/4932 5340/5340/4933 5329/5329/4922
f 5340/5340/4933 5339/5339/4932 5338/5338/4931
f 5341/5341/4934 5331/5331/4924 5329/5329/4922
f 5340/5340/4933 5341/5341/4934 5329/5329/4922
f 5331/5331/4924 5341/5341/4934 5342/5342/4935
f 5341/5341/4934 5340/5340/4933 5342/5342/4935
f 5343/5343/4936 5331/5331/4924 5342/5342/4935
f 5344/5344/4937 5343/5343/4936 5342/5342/4935
f 5336/5336/4929 5345/5345/4938 5333/5333/4926
f 5345/5345/4938 5336/5336/4929 5346/5346/4939
f 5345/5345/4938 5347/5347/4940 5333/5333/4926
f 5347/5347/4940 5345/5345/4938 5346/5346/4939
f 5336/5336/4929 5348/5348/4941 5346/5346/4939
f 5348/5348/4941 5349/5349/4942 5346/5346/4939
f 5349/5349/4942 5350/5350/4943 5346/5346/4939
f 5350/5350/4943 5351/5351/4944 5346/5346/4939
f 5351/5351/4944 5352/5352/4945 5346/5346/4939
f 5352/5352/4945 5347/5347/4940 5346/5346/4939
f 5352/5352/4945 5351/5351/4944 5353/5353/4946
f 5347/5347/4940 5352/5352/4945 5353/5353/4946
f 5351/5351/4944 5354/5354/4947 5353/5353/4946
f 5354/5354/4947 5355/5355/4948 5353/5353/4946
f 5347/5347/4940 5356/5356/4949 5333/5333/4926
f 5356/5356/4949 5347/5347/4940 5357/5357/4950
f 5356/5356/4949 5334/5334/4927 5333/5333/4926
f 5334/5334/4927 5356/5356/4949 5357/5357/4950
f 5358/5358/4951 5347/5347/4940 5353/5353/4946
f 5347/5347/4940 5358/5358/4951 5357/5357/4950
f 5359/5359/4952 5358/5358/4951 5353/5353/4946
f 5358/5358/4951 5359/5359/4952 5357/5357/4950
f 5355/5355/4948 5360/5360/4953 5353/5353/4946
f 5360/5360/4953 5359/5359/4952 5353/5353/4946
f 5360/5360/4953 5355/5355/4948 5361/5361/4954
f 5359/5359/4952 5360/5360/4953 5361/5361/4954
f 5355/5355/4948 5362/5362/4955 5361/5361/4954
f 5362/5362/4955 5363/5363/4956 5361/5361/4954
f 5364/5364/4957 5334/5334/4927 5357/5357/4950
f 5365/5365/4958 5364/5364/4957 5357/5357/4950
f 5334/5334/4927 5364/5364/4957 5338/5338/4931
f 5364/5364/4957 5365/5365/4958 5338/5338/4931
f 5359/5359/4952 5366/5366/4959 5357/5357/4950
f 5366/5366/4959 5365/5365/4958 5357/5357/4950
f 5366/5366/4959 5359/5359/4952 5367/5367/4960
f 5365/5365/4958 5366/5366/4959 5367/5367/4960
f 5368/5368/4961 5359/5359/4952 5361/5361/4954
f 5359/5359/4952 5368/5368/4961 5367/5367/4960
f 5369/5369/4962 5368/5368/4961 5361/5361/4954
f 5368/5368/4961 5369/5369/4962 5367/5367/4960
f 5363/5363/4956 5370/5370/4963 5361/5361/4954
f 5370/5370/4963 5369/5369/4962 5361/5361/4954
f 5370/5370/4963 5363/5363/4956 5371/5371/4964
f 5369/5369/4962 5370/5370/4963 5371/5371/4964
f 5363/5363/4956 5372/5372/4965 5371/5371/4964
f 5372/5372/4965 5373/5373/4966 5371/5371/4964
f 5365/5365/4958 5374/5374/4967 5338/5338/4931
f 5374/5374/4967 5365/5365/4958 5375/5375/4968
f 5374/5374/4967 5340/5340/4933 5338/5338/4931
f 5340/5340/4933 5374/5374/4967 5375/5375/4968
f 5376/5376/4969 5365/5365/4958 5367/5367/4960
f 5365/5365/4958 5376/5376/4969 5375/5375/4968
f 5377/5377/4970 5376/5376/4969 5367/5367/4960
f 5376/5376/4969 5377/5377/4970 5375/5375/4968
f 5369/5369/4962 5378/5378/4971 5367/5367/4960
f 5378/5378/4971 5377/5377/4970 5367/5367/4960
f 5378/5378/4971 5369/5369/4962 5379/5379/4972
f 5377/5377/4970 5378/5378/4971 5379/5379/4972
f 5380/5380/4973 5369/5369/4962 5371/5371/4964
f 5369/5369/4962 5380/5380/4973 5379/5379/4972
f 5381/5381/4974 5380/5380/4973 5371/5371/4964
f 5380/5380/4973 5381/5381/4974 5379/5379/4972
f 5373/5373/4966 5382/5382/4975 5371/5371/4964
f 5382/5382/4975 5381/5381/4974 5371/5371/4964
f 5382/5382/4975 5373/5373/4966 5383/5383/4976
f 5381/5381/4974 5382/5382/4975 5383/5383/4976
f 5373/5373/4966 5384/5384/4977 5383/5383/4976
f 5384/5384/4977 5385/5385/4978 5383/5383/4976
f 5385/5385/4978 5386/5386/4979 5383/5383/4976
f 5386/5386/4979 5387/5387/4980 5383/5383/4976
f 5387/5387/4980 5388/5388/4981 5383/5383/4976
f 5388/5388/4981 5381/5381/4974 5383/5383/4976
f 5388/5388/4981 5387/5387/4980 5389/5389/4982
f 5381/5381/4974 5388/5388/4981 5389/5389/4982
f 5387/5387/4980 5390/5390/4983 5389/5389/4982
f 5390/5390/4983 5391/5391/4984 5389/5389/4982
f 5381/5381/4974 5392/5392/4985 5379/5379/4972
f 5392/5392/4985 5381/5381/4974 5389/5389/4982
f 5392/5392/4985 5393/5393/4986 5379/5379/4972
f 5393/5393/4986 5392/5392/4985 5389/5389/4982
f 5391/5391/4984 5394/5394/4987 5389/5389/4982
f 5394/5394/4987 5393/5393/4986 5389/5389/4982
f 5394/5394/4987 5391/5391/4984 5395/5395/4988
f 5393/5393/4986 5394/5394/4987 5395/5395/4988
f 5391/5391/4984 5396/5396/4989 5395/5395/4988
f 5396/5396/4989 5397/5397/4990 5395/5395/4988
f 5393/5393/4986 5398/5398/4991 5379/5379/4972
f 5398/5398/4991 5393/5393/4986 5399/5399/4992
f 5398/5398/4991 5377/5377/4970 5379/5379/4972
f 5377/5377/4970 5398/5398/4991 5399/5399/4992
f 5400/5400/4993 5393/5393/4986 5395/5395/4988
f 5393/5393/4986 5400/5400/4993 5399/5399/4992
f 5401/5401/4994 5400/5400/4993 5395/5395/4988
f 5400/5400/4993 5401/5401/4994 5399/5399/4992
f 5397/5397/4990 5402/5402/4995 5395/5395/4988
f 5402/5402/4995 5401/5401/4994 5395/5395/4988
f 5402/5402/4995 5397/5397/4990 5403/5403/4996
f 5401/5401/4994 5402/5402/4995 5403/5403/4996
f 5397/5397/4990 5404/5404/4997 5403/5403/4996
f 5404/5404/4997 5405/5405/4998 5403/5403/4996
f 5405/5405/4998 5406/5406/4999 5403/5403/4996
f 5406/5406/4999 5407/5407/5000 5403/5403/4996
f 5407/5407/5000 5408/5408/5001 5403/5403/4996
f 5408/5408/5001 5401/5401/4994 5403/5403/4996
f 5408/5408/5001 5407/5407/5000 5409/5409/5002
f 5401/5401/4994 5408/5408/5001 5409/5409/5002
f 5407/5407/5000 5410/5410/5003 5409/5409/5002
f 5410/5410/5003 5344/5344/4937 5409/5409/5002
f 5401/5401/4994 5411/5411/5004 5399/5399/4992
f 5411/5411/5004 5401/5401/4994 5409/5409/5002
f 5411/5411/5004 5412/5412/5005 5399/5399/4992
f 5412/5412/5005 5411/5411/5004 5409/5409/5002
f 5344/5344/4937 5413/5413/5006 5409/5409/5002
f 5413/5413/5006 5412/5412/5005 5409/5409/5002
f 5413/5413/5006 5344/5344/4937 5342/5342/4935
f 5412/5412/5005 5413/5413/5006 5342/5342/4935
f 5412/5412/5005 5414/5414/5007 5399/5399/4992
f 5414/5414/5007 5377/5377/4970 5399/5399/4992
f 5377/5377/4970 5414/5414/5007 5375/5375/4968
f 5414/5414/5007 5412/5412/5005 5375/5375/4968
f 5415/5415/5008 5412/5412/5005 5342/5342/4935
f 5412/5412/5005 5415/5415/5008 5375/5375/4968
f 5340/5340/4933 5415/5415/5008 5342/5342/4935
f 5415/5415/5008 5340/5340/4933 5375/5375/4968
